timestamp,label,gpu_mb,rank0_20gb_mb,rank1_10gb_mb,rank2_5gb_mb,rank3_5gb_mb
10:18:09.648,s18_8_4_2_b64_mb2,87,37,25,12,12
10:18:10.183,s18_8_4_2_b64_mb2,87,37,25,12,12
10:18:10.681,s18_8_4_2_b64_mb2,87,37,25,12,12
10:18:11.183,s18_8_4_2_b64_mb2,87,37,25,12,12
10:18:11.685,s18_8_4_2_b64_mb2,87,37,25,12,12
10:18:12.186,s18_8_4_2_b64_mb2,87,37,25,12,12
10:18:12.688,s18_8_4_2_b64_mb2,87,37,25,12,12
10:18:13.190,s18_8_4_2_b64_mb2,87,37,25,12,12
10:18:13.692,s18_8_4_2_b64_mb2,87,37,25,12,12
10:18:14.194,s18_8_4_2_b64_mb2,87,37,25,12,12
10:18:14.696,s18_8_4_2_b64_mb2,229,56,43,32,94
10:18:15.200,s18_8_4_2_b64_mb2,565,220,157,94,94
10:18:15.711,s18_8_4_2_b64_mb2,567,220,157,94,96
10:18:16.213,s18_8_4_2_b64_mb2,573,222,159,96,96
10:18:16.715,s18_8_4_2_b64_mb2,573,222,159,96,96
10:18:17.217,s18_8_4_2_b64_mb2,1355,1004,159,96,96
10:18:17.718,s18_8_4_2_b64_mb2,2519,1004,547,484,484
10:18:18.220,s18_8_4_2_b64_mb2,2519,1004,547,484,484
10:18:18.722,s18_8_4_2_b64_mb2,2521,1006,547,484,484
10:18:19.224,s18_8_4_2_b64_mb2,3691,1006,933,870,882
10:18:19.726,s18_8_4_2_b64_mb2,3691,1006,933,870,882
10:18:20.228,s18_8_4_2_b64_mb2,4731,1296,933,870,1632
10:18:20.730,s18_8_4_2_b64_mb2,5503,1296,1319,1256,1632
10:18:21.232,s18_8_4_2_b64_mb2,5503,1296,1319,1256,1632
10:18:21.734,s18_8_4_2_b64_mb2,5889,1682,1319,1256,1632
10:18:22.235,s18_8_4_2_b64_mb2,6673,1682,1705,1654,1632
10:18:22.737,s18_8_4_2_b64_mb2,6673,1682,1705,1654,1632
10:18:23.239,s18_8_4_2_b64_mb2,7059,2068,1705,1654,1632
10:18:23.741,s18_8_4_2_b64_mb2,7445,2068,2091,1654,1632
10:18:24.243,s18_8_4_2_b64_mb2,7445,2068,2091,1654,1632
10:18:24.744,s18_8_4_2_b64_mb2,7331,2454,2091,1654,1132
10:18:25.246,s18_8_4_2_b64_mb2,7717,2454,2477,1654,1132
10:18:25.748,s18_8_4_2_b64_mb2,7717,2454,2477,1654,1132
10:18:26.250,s18_8_4_2_b64_mb2,8103,2840,2477,1654,1132
10:18:26.752,s18_8_4_2_b64_mb2,8521,2840,2863,1654,1164
10:18:27.254,s18_8_4_2_b64_mb2,8521,2840,2863,1654,1164
10:18:27.756,s18_8_4_2_b64_mb2,8907,3226,2863,1654,1164
10:18:28.257,s18_8_4_2_b64_mb2,9315,3226,3271,1654,1164
10:18:28.759,s18_8_4_2_b64_mb2,9347,3226,3271,1686,1164
10:18:29.261,s18_8_4_2_b64_mb2,9733,3612,3271,1686,1164
10:18:29.763,s18_8_4_2_b64_mb2,9733,3612,3271,1686,1164
10:18:30.264,s18_8_4_2_b64_mb2,10119,3912,3271,1686,1164
10:18:30.766,s18_8_4_2_b64_mb2,10119,3998,3271,1686,1164
10:18:31.268,s18_8_4_2_b64_mb2,10119,3998,3271,1686,1164
10:18:31.770,s18_8_4_2_b64_mb2,10505,4384,3271,1686,1164
10:18:32.271,s18_8_4_2_b64_mb2,10505,4384,3271,1686,1164
10:18:32.773,s18_8_4_2_b64_mb2,10505,4384,3271,1686,1164
10:18:33.275,s18_8_4_2_b64_mb2,10891,4770,3271,1686,1164
10:18:33.777,s18_8_4_2_b64_mb2,10891,4770,3271,1686,1164
10:18:34.278,s18_8_4_2_b64_mb2,10891,4770,3271,1686,1164
10:18:34.780,s18_8_4_2_b64_mb2,11309,5156,3303,1686,1164
10:18:35.282,s18_8_4_2_b64_mb2,11309,5156,3303,1686,1164
10:18:35.784,s18_8_4_2_b64_mb2,11309,5156,3303,1686,1164
10:18:36.285,s18_8_4_2_b64_mb2,11695,5542,3303,1686,1164
10:18:36.787,s18_8_4_2_b64_mb2,11695,5542,3303,1686,1164
10:18:37.289,s18_8_4_2_b64_mb2,11695,5542,3303,1686,1164
10:18:37.791,s18_8_4_2_b64_mb2,12081,5928,3303,1686,1164
10:18:38.292,s18_8_4_2_b64_mb2,12081,5928,3303,1686,1164
10:18:38.794,s18_8_4_2_b64_mb2,12467,6228,3303,1686,1164
10:18:39.296,s18_8_4_2_b64_mb2,12467,6314,3303,1686,1164
10:18:39.798,s18_8_4_2_b64_mb2,12467,6314,3303,1686,1164
10:18:40.300,s18_8_4_2_b64_mb2,12853,6700,3303,1686,1164
10:18:40.801,s18_8_4_2_b64_mb2,12853,6700,3303,1686,1164
10:18:41.303,s18_8_4_2_b64_mb2,12853,6700,3303,1686,1164
10:18:41.805,s18_8_4_2_b64_mb2,13239,7086,3303,1686,1164
10:18:42.307,s18_8_4_2_b64_mb2,13239,7086,3303,1686,1164
10:18:42.809,s18_8_4_2_b64_mb2,13239,7086,3303,1686,1164
10:18:43.311,s18_8_4_2_b64_mb2,13625,7472,3303,1686,1164
10:18:43.812,s18_8_4_2_b64_mb2,13625,7472,3303,1686,1164
10:18:44.314,s18_8_4_2_b64_mb2,13625,7472,3303,1686,1164
10:18:44.816,s18_8_4_2_b64_mb2,13625,7472,3303,1686,1164
10:18:45.318,s18_8_4_2_b64_mb2,13625,7472,3303,1686,1164
10:18:45.820,s18_8_4_2_b64_mb2,13625,7472,3303,1686,1164
10:18:46.322,s18_8_4_2_b64_mb2,13625,7472,3303,1686,1164
10:18:46.824,s18_8_4_2_b64_mb2,13625,7472,3303,1686,1164
10:18:47.325,s18_8_4_2_b64_mb2,13625,7472,3303,1686,1164
10:18:47.827,s18_8_4_2_b64_mb2,13625,7472,3303,1686,1164
10:18:48.329,s18_8_4_2_b64_mb2,13625,7472,3303,1686,1164
10:18:48.831,s18_8_4_2_b64_mb2,13625,7472,3303,1686,1164
10:18:49.333,s18_8_4_2_b64_mb2,13625,7472,3303,1686,1164
10:18:49.834,s18_8_4_2_b64_mb2,13625,7472,3303,1686,1164
10:18:50.336,s18_8_4_2_b64_mb2,13625,7472,3303,1686,1164
10:18:50.838,s18_8_4_2_b64_mb2,13815,7644,3303,1686,1164
10:18:51.340,s18_8_4_2_b64_mb2,14547,8378,3303,1686,1164
10:18:51.842,s18_8_4_2_b64_mb2,14883,8650,3395,1686,1164
10:18:52.344,s18_8_4_2_b64_mb2,15389,8650,3859,1686,1164
10:18:52.845,s18_8_4_2_b64_mb2,15531,8650,3859,1842,1164
10:18:53.347,s18_8_4_2_b64_mb2,15697,8650,3859,1986,1202
10:18:53.849,s18_8_4_2_b64_mb2,16113,8910,3859,1986,1338
10:18:54.351,s18_8_4_2_b64_mb2,17073,9870,3899,1986,1338
10:18:54.853,s18_8_4_2_b64_mb2,17753,9870,4399,2126,1338
10:18:55.354,s18_8_4_2_b64_mb2,17995,9870,4399,2246,1480
10:18:55.856,s18_8_4_2_b64_mb2,17995,9870,4399,2246,1480
10:18:56.358,s18_8_4_2_b64_mb2,18015,9870,4399,2266,1480
10:18:56.860,s18_8_4_2_b64_mb2,18035,9890,4399,2266,1480
10:18:57.361,s18_8_4_2_b64_mb2,18055,9890,4419,2266,1480
10:18:57.863,s18_8_4_2_b64_mb2,18095,9890,4419,2286,1500
10:18:58.365,s18_8_4_2_b64_mb2,18215,9990,4419,2286,1500
10:18:58.867,s18_8_4_2_b64_mb2,18375,10110,4479,2286,1500
10:18:59.368,s18_8_4_2_b64_mb2,18435,10110,4519,2306,1500
10:18:59.870,s18_8_4_2_b64_mb2,18455,10130,4519,2306,1500
10:19:00.372,s18_8_4_2_b64_mb2,18455,10130,4519,2306,1500
10:19:00.874,s18_8_4_2_b64_mb2,18475,10130,4519,2306,1520
10:19:01.375,s18_8_4_2_b64_mb2,18475,10130,4519,2306,1520
10:19:01.877,s18_8_4_2_b64_mb2,18475,10130,4519,2306,1520
10:19:02.379,s18_8_4_2_b64_mb2,18495,10130,4519,2326,1520
10:19:02.880,s18_8_4_2_b64_mb2,18495,10130,4519,2326,1520
10:19:03.382,s18_8_4_2_b64_mb2,18495,10130,4519,2326,1520
10:19:03.884,s18_8_4_2_b64_mb2,18495,10130,4519,2326,1520
10:19:04.385,s18_8_4_2_b64_mb2,18495,10130,4519,2326,1520
10:19:04.887,s18_8_4_2_b64_mb2,18495,10130,4519,2326,1520
10:19:05.389,s18_8_4_2_b64_mb2,18495,10130,4519,2326,1520
10:19:05.890,s18_8_4_2_b64_mb2,18495,10130,4519,2326,1520
10:19:06.392,s18_8_4_2_b64_mb2,18495,10130,4519,2326,1520
10:19:06.894,s18_8_4_2_b64_mb2,18495,10130,4519,2326,1520
10:19:07.395,s18_8_4_2_b64_mb2,18495,10130,4519,2326,1520
10:19:07.897,s18_8_4_2_b64_mb2,18495,10130,4519,2326,1520
10:19:08.399,s18_8_4_2_b64_mb2,18495,10130,4519,2326,1520
10:19:08.900,s18_8_4_2_b64_mb2,18495,10130,4519,2326,1520
10:19:09.402,s18_8_4_2_b64_mb2,18495,10130,4519,2326,1520
10:19:09.904,s18_8_4_2_b64_mb2,18495,10130,4519,2326,1520
10:19:10.405,s18_8_4_2_b64_mb2,18495,10130,4519,2326,1520
10:19:10.907,s18_8_4_2_b64_mb2,18495,10130,4519,2326,1520
10:19:11.409,s18_8_4_2_b64_mb2,18495,10130,4519,2326,1520
10:19:11.910,s18_8_4_2_b64_mb2,18495,10130,4519,2326,1520
10:19:12.412,s18_8_4_2_b64_mb2,18495,10130,4519,2326,1520
10:19:12.914,s18_8_4_2_b64_mb2,18515,10150,4519,2326,1520
10:19:13.415,s18_8_4_2_b64_mb2,18535,10150,4539,2326,1520
10:19:13.917,s18_8_4_2_b64_mb2,18535,10150,4539,2326,1520
10:19:14.419,s18_8_4_2_b64_mb2,18535,10150,4539,2326,1520
10:19:14.920,s18_8_4_2_b64_mb2,18535,10150,4539,2326,1520
10:19:15.422,s18_8_4_2_b64_mb2,18535,10150,4539,2326,1520
10:19:15.924,s18_8_4_2_b64_mb2,18555,10170,4539,2326,1520
10:19:16.426,s18_8_4_2_b64_mb2,18555,10170,4539,2326,1520
10:19:16.928,s18_8_4_2_b64_mb2,18575,10190,4539,2326,1520
10:19:17.429,s18_8_4_2_b64_mb2,18595,10210,4539,2326,1520
10:19:17.931,s18_8_4_2_b64_mb2,18615,10210,4559,2326,1520
10:19:18.433,s18_8_4_2_b64_mb2,18615,10210,4559,2326,1520
10:19:18.934,s18_8_4_2_b64_mb2,18615,10210,4559,2326,1520
10:19:19.436,s18_8_4_2_b64_mb2,18635,10210,4559,2346,1520
10:19:19.938,s18_8_4_2_b64_mb2,18635,10210,4559,2346,1520
10:19:20.439,s18_8_4_2_b64_mb2,18635,10210,4559,2346,1520
10:19:20.941,s18_8_4_2_b64_mb2,18635,10210,4559,2346,1520
10:19:21.443,s18_8_4_2_b64_mb2,18635,10210,4559,2346,1520
10:19:21.945,s18_8_4_2_b64_mb2,18635,10210,4559,2346,1520
10:19:22.446,s18_8_4_2_b64_mb2,18635,10210,4559,2346,1520
10:19:22.948,s18_8_4_2_b64_mb2,18635,10210,4559,2346,1520
10:19:23.450,s18_8_4_2_b64_mb2,18655,10230,4559,2346,1520
10:19:23.951,s18_8_4_2_b64_mb2,18675,10230,4559,2346,1520
10:19:24.453,s18_8_4_2_b64_mb2,18735,10310,4559,2346,1520
10:19:24.954,s18_8_4_2_b64_mb2,18775,10310,4599,2346,1520
10:19:25.456,s18_8_4_2_b64_mb2,18815,10330,4599,2366,1520
10:19:25.958,s18_8_4_2_b64_mb2,18815,10330,4599,2366,1520
10:19:26.460,s18_8_4_2_b64_mb2,18815,10330,4599,2366,1520
10:19:26.961,s18_8_4_2_b64_mb2,18835,10330,4599,2366,1540
10:19:27.463,s18_8_4_2_b64_mb2,18835,10330,4599,2366,1540
10:19:27.965,s18_8_4_2_b64_mb2,18835,10330,4599,2366,1540
10:19:28.466,s18_8_4_2_b64_mb2,18835,10330,4599,2366,1540
10:19:28.968,s18_8_4_2_b64_mb2,18835,10330,4599,2366,1540
10:19:29.470,s18_8_4_2_b64_mb2,18835,10330,4599,2366,1540
10:19:29.972,s18_8_4_2_b64_mb2,18835,10330,4599,2366,1540
10:19:30.473,s18_8_4_2_b64_mb2,18835,10330,4599,2366,1540
10:19:30.975,s18_8_4_2_b64_mb2,18835,10330,4599,2366,1540
10:19:31.477,s18_8_4_2_b64_mb2,18835,10330,4599,2366,1540
10:19:31.978,s18_8_4_2_b64_mb2,18835,10330,4599,2366,1540
10:19:32.480,s18_8_4_2_b64_mb2,18835,10330,4599,2366,1540
10:19:32.982,s18_8_4_2_b64_mb2,18915,10410,4599,2366,1540
10:19:33.484,s18_8_4_2_b64_mb2,18995,10430,4659,2366,1540
10:19:33.986,s18_8_4_2_b64_mb2,19015,10430,4659,2386,1540
10:19:34.487,s18_8_4_2_b64_mb2,19035,10450,4659,2386,1540
10:19:34.989,s18_8_4_2_b64_mb2,19035,10450,4659,2386,1540
10:19:35.490,s18_8_4_2_b64_mb2,19035,10450,4659,2386,1540
10:19:35.992,s18_8_4_2_b64_mb2,19035,10450,4659,2386,1540
10:19:36.494,s18_8_4_2_b64_mb2,19035,10450,4659,2386,1540
10:19:36.995,s18_8_4_2_b64_mb2,19035,10450,4659,2386,1540
10:19:37.497,s18_8_4_2_b64_mb2,19035,10450,4659,2386,1540
10:19:37.999,s18_8_4_2_b64_mb2,19035,10450,4659,2386,1540
10:19:38.500,s18_8_4_2_b64_mb2,19035,10450,4659,2386,1540
10:19:39.002,s18_8_4_2_b64_mb2,19035,10450,4659,2386,1540
10:19:39.504,s18_8_4_2_b64_mb2,19035,10450,4659,2386,1540
10:19:40.005,s18_8_4_2_b64_mb2,19035,10450,4659,2386,1540
10:19:40.507,s18_8_4_2_b64_mb2,19035,10450,4659,2386,1540
10:19:41.009,s18_8_4_2_b64_mb2,19035,10450,4659,2386,1540
10:19:41.511,s18_8_4_2_b64_mb2,19035,10450,4659,2386,1540
10:19:42.012,s18_8_4_2_b64_mb2,19035,10450,4659,2386,1540
10:19:42.514,s18_8_4_2_b64_mb2,19035,10450,4659,2386,1540
10:19:43.016,s18_8_4_2_b64_mb2,19135,10550,4659,2386,1540
10:19:43.517,s18_8_4_2_b64_mb2,19235,10590,4719,2386,1540
10:19:44.019,s18_8_4_2_b64_mb2,19295,10590,4719,2426,1560
10:19:44.521,s18_8_4_2_b64_mb2,19295,10590,4719,2426,1560
10:19:45.023,s18_8_4_2_b64_mb2,19315,10590,4739,2426,1560
10:19:45.524,s18_8_4_2_b64_mb2,19315,10590,4739,2426,1560
10:19:46.026,s18_8_4_2_b64_mb2,19315,10590,4739,2426,1560
10:19:46.528,s18_8_4_2_b64_mb2,19315,10590,4739,2426,1560
10:19:47.030,s18_8_4_2_b64_mb2,19315,10590,4739,2426,1560
10:19:47.531,s18_8_4_2_b64_mb2,19315,10590,4739,2426,1560
10:19:48.033,s18_8_4_2_b64_mb2,19315,10590,4739,2426,1560
10:19:48.535,s18_8_4_2_b64_mb2,19315,10590,4739,2426,1560
10:19:49.036,s18_8_4_2_b64_mb2,19315,10590,4739,2426,1560
10:19:49.538,s18_8_4_2_b64_mb2,19315,10590,4739,2426,1560
10:19:50.040,s18_8_4_2_b64_mb2,19315,10590,4739,2426,1560
10:19:50.542,s18_8_4_2_b64_mb2,19315,10590,4739,2426,1560
10:19:51.044,s18_8_4_2_b64_mb2,19315,10590,4739,2426,1560
10:19:51.545,s18_8_4_2_b64_mb2,19315,10590,4739,2426,1560
10:19:52.047,s18_8_4_2_b64_mb2,19315,10590,4739,2426,1560
10:19:52.549,s18_8_4_2_b64_mb2,19315,10590,4739,2426,1560
10:19:53.051,s18_8_4_2_b64_mb2,19315,10590,4739,2426,1560
10:19:53.552,s18_8_4_2_b64_mb2,19315,10590,4739,2426,1560
10:19:54.054,s18_8_4_2_b64_mb2,19315,10590,4739,2426,1560
10:19:54.556,s18_8_4_2_b64_mb2,19455,10730,4739,2426,1560
10:19:55.058,s18_8_4_2_b64_mb2,19535,10750,4799,2426,1560
10:19:55.559,s18_8_4_2_b64_mb2,19615,10770,4799,2466,1580
10:19:56.061,s18_8_4_2_b64_mb2,19615,10770,4799,2466,1580
10:19:56.563,s18_8_4_2_b64_mb2,19615,10770,4799,2466,1580
10:19:57.065,s18_8_4_2_b64_mb2,19615,10770,4799,2466,1580
10:19:57.566,s18_8_4_2_b64_mb2,19615,10770,4799,2466,1580
10:19:58.068,s18_8_4_2_b64_mb2,19615,10770,4799,2466,1580
10:19:58.570,s18_8_4_2_b64_mb2,19615,10770,4799,2466,1580
10:19:59.072,s18_8_4_2_b64_mb2,19615,10770,4799,2466,1580
10:19:59.573,s18_8_4_2_b64_mb2,19615,10770,4799,2466,1580
10:20:00.075,s18_8_4_2_b64_mb2,19615,10770,4799,2466,1580
10:20:00.577,s18_8_4_2_b64_mb2,19615,10770,4799,2466,1580
10:20:01.078,s18_8_4_2_b64_mb2,19615,10770,4799,2466,1580
10:20:01.580,s18_8_4_2_b64_mb2,19615,10770,4799,2466,1580
10:20:02.082,s18_8_4_2_b64_mb2,19615,10770,4799,2466,1580
10:20:02.584,s18_8_4_2_b64_mb2,19615,10770,4799,2466,1580
10:20:03.085,s18_8_4_2_b64_mb2,19615,10770,4799,2466,1580
10:20:03.587,s18_8_4_2_b64_mb2,19615,10770,4799,2466,1580
10:20:04.089,s18_8_4_2_b64_mb2,19615,10770,4799,2466,1580
10:20:04.590,s18_8_4_2_b64_mb2,19615,10770,4799,2466,1580
10:20:05.092,s18_8_4_2_b64_mb2,19615,10770,4799,2466,1580
10:20:05.594,s18_8_4_2_b64_mb2,19615,10770,4799,2466,1580
10:20:06.095,s18_8_4_2_b64_mb2,19615,10770,4799,2466,1580
10:20:06.597,s18_8_4_2_b64_mb2,19615,10770,4799,2466,1580
10:20:07.099,s18_8_4_2_b64_mb2,19615,10770,4799,2466,1580
10:20:07.600,s18_8_4_2_b64_mb2,19615,10770,4799,2466,1580
10:20:08.102,s18_8_4_2_b64_mb2,19615,10770,4799,2466,1580
10:20:08.604,s18_8_4_2_b64_mb2,19695,10850,4799,2466,1580
10:20:09.105,s18_8_4_2_b64_mb2,19875,10970,4859,2466,1580
10:20:09.607,s18_8_4_2_b64_mb2,19935,10970,4879,2506,1580
10:20:10.109,s18_8_4_2_b64_mb2,19955,10970,4879,2506,1600
10:20:10.610,s18_8_4_2_b64_mb2,19975,10970,4899,2506,1600
10:20:11.112,s18_8_4_2_b64_mb2,19975,10970,4899,2506,1600
10:20:11.614,s18_8_4_2_b64_mb2,19975,10970,4899,2506,1600
10:20:12.116,s18_8_4_2_b64_mb2,19975,10970,4899,2506,1600
10:20:12.617,s18_8_4_2_b64_mb2,19975,10970,4899,2506,1600
10:20:13.119,s18_8_4_2_b64_mb2,19975,10970,4899,2506,1600
10:20:13.620,s18_8_4_2_b64_mb2,19975,10970,4899,2506,1600
10:20:14.122,s18_8_4_2_b64_mb2,19975,10970,4899,2506,1600
10:20:14.624,s18_8_4_2_b64_mb2,19975,10970,4899,2506,1600
10:20:15.126,s18_8_4_2_b64_mb2,19975,10970,4899,2506,1600
10:20:15.627,s18_8_4_2_b64_mb2,19975,10970,4899,2506,1600
10:20:16.129,s18_8_4_2_b64_mb2,19975,10970,4899,2506,1600
10:20:16.631,s18_8_4_2_b64_mb2,19975,10970,4899,2506,1600
10:20:17.133,s18_8_4_2_b64_mb2,19975,10970,4899,2506,1600
10:20:17.634,s18_8_4_2_b64_mb2,19975,10970,4899,2506,1600
10:20:18.136,s18_8_4_2_b64_mb2,19975,10970,4899,2506,1600
10:20:18.638,s18_8_4_2_b64_mb2,19975,10970,4899,2506,1600
10:20:19.140,s18_8_4_2_b64_mb2,19975,10970,4899,2506,1600
10:20:19.641,s18_8_4_2_b64_mb2,19975,10970,4899,2506,1600
10:20:20.143,s18_8_4_2_b64_mb2,19975,10970,4899,2506,1600
10:20:20.645,s18_8_4_2_b64_mb2,19975,10970,4899,2506,1600
10:20:21.146,s18_8_4_2_b64_mb2,19975,10970,4899,2506,1600
10:20:21.648,s18_8_4_2_b64_mb2,19975,10970,4899,2506,1600
10:20:22.150,s18_8_4_2_b64_mb2,19975,10970,4899,2506,1600
10:20:22.651,s18_8_4_2_b64_mb2,19975,10970,4899,2506,1600
10:20:23.153,s18_8_4_2_b64_mb2,19975,10970,4899,2506,1600
10:20:23.655,s18_8_4_2_b64_mb2,19975,10970,4899,2506,1600
10:20:24.157,s18_8_4_2_b64_mb2,19975,10970,4899,2506,1600
10:20:24.658,s18_8_4_2_b64_mb2,19975,10970,4899,2506,1600
10:20:25.160,s18_8_4_2_b64_mb2,19975,10970,4899,2506,1600
10:20:25.662,s18_8_4_2_b64_mb2,19995,10990,4899,2506,1600
10:20:26.163,s18_8_4_2_b64_mb2,20195,11230,4899,2526,1600
10:20:26.665,s18_8_4_2_b64_mb2,20375,11230,5019,2566,1600
10:20:27.167,s18_8_4_2_b64_mb2,20455,11230,5019,2566,1640
10:20:27.668,s18_8_4_2_b64_mb2,20455,11230,5019,2566,1640
10:20:28.170,s18_8_4_2_b64_mb2,20455,11230,5019,2566,1640
10:20:28.672,s18_8_4_2_b64_mb2,20455,11230,5019,2566,1640
10:20:29.173,s18_8_4_2_b64_mb2,20455,11230,5019,2566,1640
10:20:29.675,s18_8_4_2_b64_mb2,20455,11230,5019,2566,1640
10:20:30.177,s18_8_4_2_b64_mb2,20455,11230,5019,2566,1640
10:20:30.678,s18_8_4_2_b64_mb2,20455,11230,5019,2566,1640
10:20:31.180,s18_8_4_2_b64_mb2,20455,11230,5019,2566,1640
10:20:31.682,s18_8_4_2_b64_mb2,20455,11230,5019,2566,1640
10:20:32.183,s18_8_4_2_b64_mb2,20455,11230,5019,2566,1640
10:20:32.685,s18_8_4_2_b64_mb2,20455,11230,5019,2566,1640
10:20:33.187,s18_8_4_2_b64_mb2,20455,11230,5019,2566,1640
10:20:33.689,s18_8_4_2_b64_mb2,20455,11230,5019,2566,1640
10:20:34.190,s18_8_4_2_b64_mb2,20455,11230,5019,2566,1640
10:20:34.692,s18_8_4_2_b64_mb2,20455,11230,5019,2566,1640
10:20:35.194,s18_8_4_2_b64_mb2,20455,11230,5019,2566,1640
10:20:35.695,s18_8_4_2_b64_mb2,20455,11230,5019,2566,1640
10:20:36.197,s18_8_4_2_b64_mb2,20455,11230,5019,2566,1640
10:20:36.699,s18_8_4_2_b64_mb2,20455,11230,5019,2566,1640
10:20:37.201,s18_8_4_2_b64_mb2,20455,11230,5019,2566,1640
10:20:37.702,s18_8_4_2_b64_mb2,20455,11230,5019,2566,1640
10:20:38.204,s18_8_4_2_b64_mb2,20455,11230,5019,2566,1640
10:20:38.705,s18_8_4_2_b64_mb2,20455,11230,5019,2566,1640
10:20:39.207,s18_8_4_2_b64_mb2,20455,11230,5019,2566,1640
10:20:39.709,s18_8_4_2_b64_mb2,20455,11230,5019,2566,1640
10:20:40.210,s18_8_4_2_b64_mb2,20455,11230,5019,2566,1640
10:20:40.712,s18_8_4_2_b64_mb2,20455,11230,5019,2566,1640
10:20:41.214,s18_8_4_2_b64_mb2,20455,11230,5019,2566,1640
10:20:41.715,s18_8_4_2_b64_mb2,20455,11230,5019,2566,1640
10:20:42.217,s18_8_4_2_b64_mb2,20455,11230,5019,2566,1640
10:20:42.719,s18_8_4_2_b64_mb2,20455,11230,5019,2566,1640
10:20:43.220,s18_8_4_2_b64_mb2,20455,11230,5019,2566,1640
10:20:43.722,s18_8_4_2_b64_mb2,20455,11230,5019,2566,1640
10:20:44.224,s18_8_4_2_b64_mb2,20455,11230,5019,2566,1640
10:20:44.725,s18_8_4_2_b64_mb2,20455,11230,5019,2566,1640
10:20:45.227,s18_8_4_2_b64_mb2,20455,11230,5019,2566,1640
10:20:45.729,s18_8_4_2_b64_mb2,20675,11430,5019,2566,1640
10:20:46.230,s18_8_4_2_b64_mb2,20895,11550,5139,2566,1640
10:20:46.732,s18_8_4_2_b64_mb2,20995,11550,5139,2646,1660
10:20:47.234,s18_8_4_2_b64_mb2,20995,11550,5139,2646,1660
10:20:47.735,s18_8_4_2_b64_mb2,21015,11550,5159,2646,1660
10:20:48.237,s18_8_4_2_b64_mb2,21015,11550,5159,2646,1660
10:20:48.739,s18_8_4_2_b64_mb2,21015,11550,5159,2646,1660
10:20:49.241,s18_8_4_2_b64_mb2,21015,11550,5159,2646,1660
10:20:49.742,s18_8_4_2_b64_mb2,21015,11550,5159,2646,1660
10:20:50.244,s18_8_4_2_b64_mb2,21015,11550,5159,2646,1660
10:20:50.746,s18_8_4_2_b64_mb2,21015,11550,5159,2646,1660
10:20:51.247,s18_8_4_2_b64_mb2,21015,11550,5159,2646,1660
10:20:51.749,s18_8_4_2_b64_mb2,21015,11550,5159,2646,1660
10:20:52.251,s18_8_4_2_b64_mb2,21015,11550,5159,2646,1660
10:20:52.753,s18_8_4_2_b64_mb2,21015,11550,5159,2646,1660
10:20:53.254,s18_8_4_2_b64_mb2,21015,11550,5159,2646,1660
10:20:53.756,s18_8_4_2_b64_mb2,21015,11550,5159,2646,1660
10:20:54.258,s18_8_4_2_b64_mb2,21015,11550,5159,2646,1660
10:20:54.759,s18_8_4_2_b64_mb2,21015,11550,5159,2646,1660
10:20:55.261,s18_8_4_2_b64_mb2,21015,11550,5159,2646,1660
10:20:55.763,s18_8_4_2_b64_mb2,21015,11550,5159,2646,1660
10:20:56.264,s18_8_4_2_b64_mb2,21015,11550,5159,2646,1660
10:20:56.766,s18_8_4_2_b64_mb2,21015,11550,5159,2646,1660
10:20:57.268,s18_8_4_2_b64_mb2,21015,11550,5159,2646,1660
10:20:57.770,s18_8_4_2_b64_mb2,21015,11550,5159,2646,1660
10:20:58.271,s18_8_4_2_b64_mb2,21015,11550,5159,2646,1660
10:20:58.773,s18_8_4_2_b64_mb2,21015,11550,5159,2646,1660
10:20:59.275,s18_8_4_2_b64_mb2,21015,11550,5159,2646,1660
10:20:59.777,s18_8_4_2_b64_mb2,21015,11550,5159,2646,1660
10:21:00.278,s18_8_4_2_b64_mb2,21015,11550,5159,2646,1660
10:21:00.780,s18_8_4_2_b64_mb2,21015,11550,5159,2646,1660
10:21:01.282,s18_8_4_2_b64_mb2,21015,11550,5159,2646,1660
10:21:01.783,s18_8_4_2_b64_mb2,21015,11550,5159,2646,1660
10:21:02.285,s18_8_4_2_b64_mb2,21015,11550,5159,2646,1660
10:21:02.787,s18_8_4_2_b64_mb2,21015,11550,5159,2646,1660
10:21:03.288,s18_8_4_2_b64_mb2,21015,11550,5159,2646,1660
10:21:03.790,s18_8_4_2_b64_mb2,21015,11550,5159,2646,1660
10:21:04.292,s18_8_4_2_b64_mb2,21015,11550,5159,2646,1660
10:21:04.793,s18_8_4_2_b64_mb2,21015,11550,5159,2646,1660
10:21:05.295,s18_8_4_2_b64_mb2,21015,11550,5159,2646,1660
10:21:05.797,s18_8_4_2_b64_mb2,21015,11550,5159,2646,1660
10:21:06.298,s18_8_4_2_b64_mb2,21015,11550,5159,2646,1660
10:21:06.800,s18_8_4_2_b64_mb2,21015,11550,5159,2646,1660
10:21:07.302,s18_8_4_2_b64_mb2,21015,11550,5159,2646,1660
10:21:07.803,s18_8_4_2_b64_mb2,21015,11550,5159,2646,1660
10:21:08.305,s18_8_4_2_b64_mb2,21015,11550,5159,2646,1660
10:21:08.807,s18_8_4_2_b64_mb2,21015,11550,5159,2646,1660
10:21:09.309,s18_8_4_2_b64_mb2,21015,11550,5159,2646,1660
10:21:09.810,s18_8_4_2_b64_mb2,21015,11550,5159,2646,1660
10:21:10.312,s18_8_4_2_b64_mb2,21015,11550,5159,2646,1660
10:21:10.814,s18_8_4_2_b64_mb2,21015,11550,5159,2646,1660
10:21:11.315,s18_8_4_2_b64_mb2,21055,11590,5159,2646,1660
10:21:11.817,s18_8_4_2_b64_mb2,21395,11930,5159,2646,1660
10:21:12.319,s18_8_4_2_b64_mb2,21615,11970,5319,2666,1660
10:21:12.820,s18_8_4_2_b64_mb2,21735,11970,5319,2726,1720
10:21:13.322,s18_8_4_2_b64_mb2,21755,11970,5339,2726,1720
10:21:13.824,s18_8_4_2_b64_mb2,21755,11970,5339,2726,1720
10:21:14.326,s18_8_4_2_b64_mb2,21755,11970,5339,2726,1720
10:21:14.827,s18_8_4_2_b64_mb2,21755,11970,5339,2726,1720
10:21:15.329,s18_8_4_2_b64_mb2,21755,11970,5339,2726,1720
10:21:15.831,s18_8_4_2_b64_mb2,21755,11970,5339,2726,1720
10:21:16.333,s18_8_4_2_b64_mb2,21755,11970,5339,2726,1720
10:21:16.834,s18_8_4_2_b64_mb2,21755,11970,5339,2726,1720
10:21:17.336,s18_8_4_2_b64_mb2,21755,11970,5339,2726,1720
10:21:17.838,s18_8_4_2_b64_mb2,21755,11970,5339,2726,1720
10:21:18.339,s18_8_4_2_b64_mb2,21755,11970,5339,2726,1720
10:21:18.841,s18_8_4_2_b64_mb2,21755,11970,5339,2726,1720
10:21:19.343,s18_8_4_2_b64_mb2,21755,11970,5339,2726,1720
10:21:19.844,s18_8_4_2_b64_mb2,21755,11970,5339,2726,1720
10:21:20.346,s18_8_4_2_b64_mb2,21755,11970,5339,2726,1720
10:21:20.848,s18_8_4_2_b64_mb2,21755,11970,5339,2726,1720
10:21:21.350,s18_8_4_2_b64_mb2,21755,11970,5339,2726,1720
10:21:21.851,s18_8_4_2_b64_mb2,21755,11970,5339,2726,1720
10:21:22.353,s18_8_4_2_b64_mb2,21755,11970,5339,2726,1720
10:21:22.855,s18_8_4_2_b64_mb2,21755,11970,5339,2726,1720
10:21:23.357,s18_8_4_2_b64_mb2,21755,11970,5339,2726,1720
10:21:23.858,s18_8_4_2_b64_mb2,21755,11970,5339,2726,1720
10:21:24.360,s18_8_4_2_b64_mb2,21755,11970,5339,2726,1720
10:21:24.862,s18_8_4_2_b64_mb2,21755,11970,5339,2726,1720
10:21:25.364,s18_8_4_2_b64_mb2,21755,11970,5339,2726,1720
10:21:25.865,s18_8_4_2_b64_mb2,21755,11970,5339,2726,1720
10:21:26.367,s18_8_4_2_b64_mb2,21755,11970,5339,2726,1720
10:21:26.869,s18_8_4_2_b64_mb2,21755,11970,5339,2726,1720
10:21:27.371,s18_8_4_2_b64_mb2,21755,11970,5339,2726,1720
10:21:27.872,s18_8_4_2_b64_mb2,21755,11970,5339,2726,1720
10:21:28.374,s18_8_4_2_b64_mb2,21755,11970,5339,2726,1720
10:21:28.876,s18_8_4_2_b64_mb2,21755,11970,5339,2726,1720
10:21:29.377,s18_8_4_2_b64_mb2,21755,11970,5339,2726,1720
10:21:29.879,s18_8_4_2_b64_mb2,21755,11970,5339,2726,1720
10:21:30.381,s18_8_4_2_b64_mb2,21755,11970,5339,2726,1720
10:21:30.883,s18_8_4_2_b64_mb2,21755,11970,5339,2726,1720
10:21:31.384,s18_8_4_2_b64_mb2,21755,11970,5339,2726,1720
10:21:31.886,s18_8_4_2_b64_mb2,21755,11970,5339,2726,1720
10:21:32.388,s18_8_4_2_b64_mb2,21755,11970,5339,2726,1720
10:21:32.889,s18_8_4_2_b64_mb2,21755,11970,5339,2726,1720
10:21:33.391,s18_8_4_2_b64_mb2,21755,11970,5339,2726,1720
10:21:33.893,s18_8_4_2_b64_mb2,21755,11970,5339,2726,1720
10:21:34.394,s18_8_4_2_b64_mb2,21755,11970,5339,2726,1720
10:21:34.896,s18_8_4_2_b64_mb2,21755,11970,5339,2726,1720
10:21:35.398,s18_8_4_2_b64_mb2,21755,11970,5339,2726,1720
10:21:35.900,s18_8_4_2_b64_mb2,21755,11970,5339,2726,1720
10:21:36.401,s18_8_4_2_b64_mb2,21755,11970,5339,2726,1720
10:21:36.903,s18_8_4_2_b64_mb2,21755,11970,5339,2726,1720
10:21:37.405,s18_8_4_2_b64_mb2,21755,11970,5339,2726,1720
10:21:37.906,s18_8_4_2_b64_mb2,21755,11970,5339,2726,1720
10:21:38.408,s18_8_4_2_b64_mb2,21755,11970,5339,2726,1720
10:21:38.910,s18_8_4_2_b64_mb2,21755,11970,5339,2726,1720
10:21:39.411,s18_8_4_2_b64_mb2,21755,11970,5339,2726,1720
10:21:39.913,s18_8_4_2_b64_mb2,21755,11970,5339,2726,1720
10:21:40.415,s18_8_4_2_b64_mb2,21755,11970,5339,2726,1720
10:21:40.916,s18_8_4_2_b64_mb2,21755,11970,5339,2726,1720
10:21:41.418,s18_8_4_2_b64_mb2,21755,11970,5339,2726,1720
10:21:41.920,s18_8_4_2_b64_mb2,21755,11970,5339,2726,1720
10:21:42.422,s18_8_4_2_b64_mb2,21755,11970,5339,2726,1720
10:21:42.924,s18_8_4_2_b64_mb2,21755,11970,5339,2726,1720
10:21:43.425,s18_8_4_2_b64_mb2,22055,12270,5339,2726,1720
10:21:43.927,s18_8_4_2_b64_mb2,22435,12490,5499,2726,1720
10:21:44.429,s18_8_4_2_b64_mb2,22635,12490,5559,2846,1740
10:21:44.931,s18_8_4_2_b64_mb2,22675,12510,5559,2846,1760
10:21:45.432,s18_8_4_2_b64_mb2,22695,12510,5579,2846,1760
10:21:45.934,s18_8_4_2_b64_mb2,22735,12510,5579,2866,1780
10:21:46.436,s18_8_4_2_b64_mb2,22735,12510,5579,2866,1780
10:21:46.938,s18_8_4_2_b64_mb2,22735,12510,5579,2866,1780
10:21:47.439,s18_8_4_2_b64_mb2,22735,12510,5579,2866,1780
10:21:47.941,s18_8_4_2_b64_mb2,22735,12510,5579,2866,1780
10:21:48.443,s18_8_4_2_b64_mb2,22735,12510,5579,2866,1780
10:21:48.945,s18_8_4_2_b64_mb2,22735,12510,5579,2866,1780
10:21:49.446,s18_8_4_2_b64_mb2,22735,12510,5579,2866,1780
10:21:49.948,s18_8_4_2_b64_mb2,22735,12510,5579,2866,1780
10:21:50.450,s18_8_4_2_b64_mb2,22735,12510,5579,2866,1780
10:21:50.952,s18_8_4_2_b64_mb2,22735,12510,5579,2866,1780
10:21:51.453,s18_8_4_2_b64_mb2,22735,12510,5579,2866,1780
10:21:51.955,s18_8_4_2_b64_mb2,22735,12510,5579,2866,1780
10:21:52.457,s18_8_4_2_b64_mb2,22735,12510,5579,2866,1780
10:21:52.958,s18_8_4_2_b64_mb2,22735,12510,5579,2866,1780
10:21:53.460,s18_8_4_2_b64_mb2,22735,12510,5579,2866,1780
10:21:53.962,s18_8_4_2_b64_mb2,22735,12510,5579,2866,1780
10:21:54.464,s18_8_4_2_b64_mb2,22735,12510,5579,2866,1780
10:21:54.965,s18_8_4_2_b64_mb2,22735,12510,5579,2866,1780
10:21:55.467,s18_8_4_2_b64_mb2,22735,12510,5579,2866,1780
10:21:55.969,s18_8_4_2_b64_mb2,22735,12510,5579,2866,1780
10:21:56.470,s18_8_4_2_b64_mb2,22735,12510,5579,2866,1780
10:21:56.972,s18_8_4_2_b64_mb2,22735,12510,5579,2866,1780
10:21:57.474,s18_8_4_2_b64_mb2,22735,12510,5579,2866,1780
10:21:57.976,s18_8_4_2_b64_mb2,22735,12510,5579,2866,1780
10:21:58.477,s18_8_4_2_b64_mb2,22735,12510,5579,2866,1780
10:21:58.979,s18_8_4_2_b64_mb2,22735,12510,5579,2866,1780
10:21:59.481,s18_8_4_2_b64_mb2,22735,12510,5579,2866,1780
10:21:59.983,s18_8_4_2_b64_mb2,22735,12510,5579,2866,1780
10:22:00.485,s18_8_4_2_b64_mb2,22735,12510,5579,2866,1780
10:22:00.986,s18_8_4_2_b64_mb2,22735,12510,5579,2866,1780
10:22:01.488,s18_8_4_2_b64_mb2,22735,12510,5579,2866,1780
10:22:01.990,s18_8_4_2_b64_mb2,22735,12510,5579,2866,1780
10:22:02.491,s18_8_4_2_b64_mb2,22735,12510,5579,2866,1780
10:22:02.993,s18_8_4_2_b64_mb2,22735,12510,5579,2866,1780
10:22:03.495,s18_8_4_2_b64_mb2,22735,12510,5579,2866,1780
10:22:03.997,s18_8_4_2_b64_mb2,22735,12510,5579,2866,1780
10:22:04.498,s18_8_4_2_b64_mb2,22735,12510,5579,2866,1780
10:22:05.000,s18_8_4_2_b64_mb2,22735,12510,5579,2866,1780
10:22:05.502,s18_8_4_2_b64_mb2,22735,12510,5579,2866,1780
10:22:06.004,s18_8_4_2_b64_mb2,22735,12510,5579,2866,1780
10:22:06.505,s18_8_4_2_b64_mb2,22735,12510,5579,2866,1780
10:22:07.007,s18_8_4_2_b64_mb2,22735,12510,5579,2866,1780
10:22:07.509,s18_8_4_2_b64_mb2,22735,12510,5579,2866,1780
10:22:08.010,s18_8_4_2_b64_mb2,22735,12510,5579,2866,1780
10:22:08.512,s18_8_4_2_b64_mb2,22735,12510,5579,2866,1780
10:22:09.014,s18_8_4_2_b64_mb2,22735,12510,5579,2866,1780
10:22:09.516,s18_8_4_2_b64_mb2,22735,12510,5579,2866,1780
10:22:10.017,s18_8_4_2_b64_mb2,22735,12510,5579,2866,1780
10:22:10.519,s18_8_4_2_b64_mb2,22735,12510,5579,2866,1780
10:22:11.021,s18_8_4_2_b64_mb2,22735,12510,5579,2866,1780
10:22:11.522,s18_8_4_2_b64_mb2,22735,12510,5579,2866,1780
10:22:12.024,s18_8_4_2_b64_mb2,22735,12510,5579,2866,1780
10:22:12.526,s18_8_4_2_b64_mb2,22735,12510,5579,2866,1780
10:22:13.028,s18_8_4_2_b64_mb2,22735,12510,5579,2866,1780
10:22:13.530,s18_8_4_2_b64_mb2,22735,12510,5579,2866,1780
10:22:14.031,s18_8_4_2_b64_mb2,22735,12510,5579,2866,1780
10:22:14.533,s18_8_4_2_b64_mb2,22735,12510,5579,2866,1780
10:22:15.035,s18_8_4_2_b64_mb2,22735,12510,5579,2866,1780
10:22:15.537,s18_8_4_2_b64_mb2,22735,12510,5579,2866,1780
10:22:16.039,s18_8_4_2_b64_mb2,22735,12510,5579,2866,1780
10:22:16.540,s18_8_4_2_b64_mb2,22735,12510,5579,2866,1780
10:22:17.042,s18_8_4_2_b64_mb2,22735,12510,5579,2866,1780
10:22:17.544,s18_8_4_2_b64_mb2,22735,12510,5579,2866,1780
10:22:18.046,s18_8_4_2_b64_mb2,22735,12510,5579,2866,1780
10:22:18.548,s18_8_4_2_b64_mb2,22735,12510,5579,2866,1780
10:22:19.049,s18_8_4_2_b64_mb2,22735,12510,5579,2866,1780
10:22:19.551,s18_8_4_2_b64_mb2,22735,12510,5579,2866,1780
10:22:20.053,s18_8_4_2_b64_mb2,22735,12510,5579,2866,1780
10:22:20.555,s18_8_4_2_b64_mb2,22735,12510,5579,2866,1780
10:22:21.056,s18_8_4_2_b64_mb2,22735,12510,5579,2866,1780
10:22:21.558,s18_8_4_2_b64_mb2,22735,12510,5579,2866,1780
10:22:22.060,s18_8_4_2_b64_mb2,22735,12510,5579,2866,1780
10:22:22.562,s18_8_4_2_b64_mb2,22735,12510,5579,2866,1780
10:22:23.063,s18_8_4_2_b64_mb2,22735,12510,5579,2866,1780
10:22:23.565,s18_8_4_2_b64_mb2,22735,12510,5579,2866,1780
10:22:24.067,s18_8_4_2_b64_mb2,22735,12510,5579,2866,1780
10:22:24.569,s18_8_4_2_b64_mb2,22735,12510,5579,2866,1780
10:22:25.071,s18_8_4_2_b64_mb2,22735,12510,5579,2866,1780
10:22:25.572,s18_8_4_2_b64_mb2,22735,12510,5579,2866,1780
10:22:26.074,s18_8_4_2_b64_mb2,22735,12510,5579,2866,1780
10:22:26.576,s18_8_4_2_b64_mb2,22735,12510,5579,2866,1780
10:22:27.078,s18_8_4_2_b64_mb2,22735,12510,5579,2866,1780
10:22:27.580,s18_8_4_2_b64_mb2,22735,12510,5579,2866,1780
10:22:28.081,s18_8_4_2_b64_mb2,22735,12510,5579,2866,1780
10:22:28.583,s18_8_4_2_b64_mb2,23355,13110,5579,2866,1780
10:22:29.085,s18_8_4_2_b64_mb2,23835,13270,5919,2866,1780
10:22:29.587,s18_8_4_2_b64_mb2,24055,13270,5919,3006,1860
10:22:30.089,s18_8_4_2_b64_mb2,24055,13270,5919,3006,1860
10:22:30.590,s18_8_4_2_b64_mb2,24075,13270,5919,3026,1860
10:22:31.092,s18_8_4_2_b64_mb2,24075,13270,5919,3026,1860
10:22:31.594,s18_8_4_2_b64_mb2,24075,13270,5919,3026,1860
10:22:32.096,s18_8_4_2_b64_mb2,24075,13270,5919,3026,1860
10:22:32.597,s18_8_4_2_b64_mb2,24075,13270,5919,3026,1860
10:22:33.099,s18_8_4_2_b64_mb2,24075,13270,5919,3026,1860
10:22:33.601,s18_8_4_2_b64_mb2,24075,13270,5919,3026,1860
10:22:34.103,s18_8_4_2_b64_mb2,24075,13270,5919,3026,1860
10:22:34.604,s18_8_4_2_b64_mb2,24075,13270,5919,3026,1860
10:22:35.106,s18_8_4_2_b64_mb2,24075,13270,5919,3026,1860
10:22:35.608,s18_8_4_2_b64_mb2,24075,13270,5919,3026,1860
10:22:36.110,s18_8_4_2_b64_mb2,24075,13270,5919,3026,1860
10:22:36.611,s18_8_4_2_b64_mb2,24075,13270,5919,3026,1860
10:22:37.113,s18_8_4_2_b64_mb2,24075,13270,5919,3026,1860
10:22:37.615,s18_8_4_2_b64_mb2,24075,13270,5919,3026,1860
10:22:38.116,s18_8_4_2_b64_mb2,24075,13270,5919,3026,1860
10:22:38.618,s18_8_4_2_b64_mb2,24075,13270,5919,3026,1860
10:22:39.120,s18_8_4_2_b64_mb2,24075,13270,5919,3026,1860
10:22:39.621,s18_8_4_2_b64_mb2,24075,13270,5919,3026,1860
10:22:40.123,s18_8_4_2_b64_mb2,24075,13270,5919,3026,1860
10:22:40.625,s18_8_4_2_b64_mb2,24075,13270,5919,3026,1860
10:22:41.127,s18_8_4_2_b64_mb2,24075,13270,5919,3026,1860
10:22:41.628,s18_8_4_2_b64_mb2,24075,13270,5919,3026,1860
10:22:42.130,s18_8_4_2_b64_mb2,24075,13270,5919,3026,1860
10:22:42.632,s18_8_4_2_b64_mb2,24075,13270,5919,3026,1860
10:22:43.134,s18_8_4_2_b64_mb2,24075,13270,5919,3026,1860
10:22:43.635,s18_8_4_2_b64_mb2,24075,13270,5919,3026,1860
10:22:44.137,s18_8_4_2_b64_mb2,24075,13270,5919,3026,1860
10:22:44.639,s18_8_4_2_b64_mb2,24075,13270,5919,3026,1860
10:22:45.140,s18_8_4_2_b64_mb2,24075,13270,5919,3026,1860
10:22:45.642,s18_8_4_2_b64_mb2,24075,13270,5919,3026,1860
10:22:46.144,s18_8_4_2_b64_mb2,24075,13270,5919,3026,1860
10:22:46.646,s18_8_4_2_b64_mb2,24075,13270,5919,3026,1860
10:22:47.147,s18_8_4_2_b64_mb2,24075,13270,5919,3026,1860
10:22:47.649,s18_8_4_2_b64_mb2,24075,13270,5919,3026,1860
10:22:48.151,s18_8_4_2_b64_mb2,24075,13270,5919,3026,1860
10:22:48.652,s18_8_4_2_b64_mb2,24075,13270,5919,3026,1860
10:22:49.154,s18_8_4_2_b64_mb2,24075,13270,5919,3026,1860
10:22:49.656,s18_8_4_2_b64_mb2,24075,13270,5919,3026,1860
10:22:50.158,s18_8_4_2_b64_mb2,24075,13270,5919,3026,1860
10:22:50.659,s18_8_4_2_b64_mb2,24075,13270,5919,3026,1860
10:22:51.161,s18_8_4_2_b64_mb2,24075,13270,5919,3026,1860
10:22:51.663,s18_8_4_2_b64_mb2,24075,13270,5919,3026,1860
10:22:52.164,s18_8_4_2_b64_mb2,24075,13270,5919,3026,1860
10:22:52.666,s18_8_4_2_b64_mb2,24075,13270,5919,3026,1860
10:22:53.168,s18_8_4_2_b64_mb2,24075,13270,5919,3026,1860
10:22:53.670,s18_8_4_2_b64_mb2,24075,13270,5919,3026,1860
10:22:54.172,s18_8_4_2_b64_mb2,24075,13270,5919,3026,1860
10:22:54.673,s18_8_4_2_b64_mb2,24075,13270,5919,3026,1860
10:22:55.175,s18_8_4_2_b64_mb2,24075,13270,5919,3026,1860
10:22:55.677,s18_8_4_2_b64_mb2,24075,13270,5919,3026,1860
10:22:56.179,s18_8_4_2_b64_mb2,24075,13270,5919,3026,1860
10:22:56.680,s18_8_4_2_b64_mb2,24075,13270,5919,3026,1860
10:22:57.182,s18_8_4_2_b64_mb2,24075,13270,5919,3026,1860
10:22:57.684,s18_8_4_2_b64_mb2,24075,13270,5919,3026,1860
10:22:58.186,s18_8_4_2_b64_mb2,24075,13270,5919,3026,1860
10:22:58.687,s18_8_4_2_b64_mb2,24075,13270,5919,3026,1860
10:22:59.189,s18_8_4_2_b64_mb2,24075,13270,5919,3026,1860
10:22:59.691,s18_8_4_2_b64_mb2,24075,13270,5919,3026,1860
10:23:00.192,s18_8_4_2_b64_mb2,24075,13270,5919,3026,1860
10:23:00.694,s18_8_4_2_b64_mb2,24075,13270,5919,3026,1860
10:23:01.196,s18_8_4_2_b64_mb2,24075,13270,5919,3026,1860
10:23:01.697,s18_8_4_2_b64_mb2,24075,13270,5919,3026,1860
10:23:02.199,s18_8_4_2_b64_mb2,24075,13270,5919,3026,1860
10:23:02.701,s18_8_4_2_b64_mb2,24075,13270,5919,3026,1860
10:23:03.202,s18_8_4_2_b64_mb2,24075,13270,5919,3026,1860
10:23:03.704,s18_8_4_2_b64_mb2,24075,13270,5919,3026,1860
10:23:04.206,s18_8_4_2_b64_mb2,24075,13270,5919,3026,1860
10:23:04.707,s18_8_4_2_b64_mb2,24075,13270,5919,3026,1860
10:23:05.209,s18_8_4_2_b64_mb2,24075,13270,5919,3026,1860
10:23:05.711,s18_8_4_2_b64_mb2,24075,13270,5919,3026,1860
10:23:06.212,s18_8_4_2_b64_mb2,24075,13270,5919,3026,1860
10:23:06.714,s18_8_4_2_b64_mb2,24075,13270,5919,3026,1860
10:23:07.216,s18_8_4_2_b64_mb2,24075,13270,5919,3026,1860
10:23:07.717,s18_8_4_2_b64_mb2,24075,13270,5919,3026,1860
10:23:08.219,s18_8_4_2_b64_mb2,24075,13270,5919,3026,1860
10:23:08.721,s18_8_4_2_b64_mb2,24075,13270,5919,3026,1860
10:23:09.222,s18_8_4_2_b64_mb2,24075,13270,5919,3026,1860
10:23:09.724,s18_8_4_2_b64_mb2,24075,13270,5919,3026,1860
10:23:10.226,s18_8_4_2_b64_mb2,24075,13270,5919,3026,1860
10:23:10.727,s18_8_4_2_b64_mb2,24075,13270,5919,3026,1860
10:23:11.229,s18_8_4_2_b64_mb2,24075,13270,5919,3026,1860
10:23:11.731,s18_8_4_2_b64_mb2,24075,13270,5919,3026,1860
10:23:12.232,s18_8_4_2_b64_mb2,24075,13270,5919,3026,1860
10:23:12.734,s18_8_4_2_b64_mb2,24075,13270,5919,3026,1860
10:23:13.236,s18_8_4_2_b64_mb2,24075,13270,5919,3026,1860
10:23:13.738,s18_8_4_2_b64_mb2,24075,13270,5919,3026,1860
10:23:14.239,s18_8_4_2_b64_mb2,24075,13270,5919,3026,1860
10:23:14.741,s18_8_4_2_b64_mb2,24075,13270,5919,3026,1860
10:23:15.243,s18_8_4_2_b64_mb2,24075,13270,5919,3026,1860
10:23:15.744,s18_8_4_2_b64_mb2,24075,13270,5919,3026,1860
10:23:16.246,s18_8_4_2_b64_mb2,24075,13270,5919,3026,1860
10:23:16.748,s18_8_4_2_b64_mb2,24075,13270,5919,3026,1860
10:23:17.249,s18_8_4_2_b64_mb2,24075,13270,5919,3026,1860
10:23:17.751,s18_8_4_2_b64_mb2,24075,13270,5919,3026,1860
10:23:18.253,s18_8_4_2_b64_mb2,24075,13270,5919,3026,1860
10:23:18.754,s18_8_4_2_b64_mb2,24075,13270,5919,3026,1860
10:23:19.256,s18_8_4_2_b64_mb2,24075,13270,5919,3026,1860
10:23:19.758,s18_8_4_2_b64_mb2,24075,13270,5919,3026,1860
10:23:20.259,s18_8_4_2_b64_mb2,24075,13270,5919,3026,1860
10:23:20.761,s18_8_4_2_b64_mb2,24075,13270,5919,3026,1860
10:23:21.263,s18_8_4_2_b64_mb2,24075,13270,5919,3026,1860
10:23:21.764,s18_8_4_2_b64_mb2,24075,13270,5919,3026,1860
10:23:22.266,s18_8_4_2_b64_mb2,24075,13270,5919,3026,1860
10:23:22.767,s18_8_4_2_b64_mb2,24075,13270,5919,3026,1860
10:23:23.269,s18_8_4_2_b64_mb2,24075,13270,5919,3026,1860
10:23:23.771,s18_8_4_2_b64_mb2,24075,13270,5919,3026,1860
10:23:24.273,s18_8_4_2_b64_mb2,24075,13270,5919,3026,1860
10:23:24.774,s18_8_4_2_b64_mb2,24075,13270,5919,3026,1860
10:23:25.276,s18_8_4_2_b64_mb2,24075,13270,5919,3026,1860
10:23:25.778,s18_8_4_2_b64_mb2,24075,13270,5919,3026,1860
10:23:26.279,s18_8_4_2_b64_mb2,24075,13270,5919,3026,1860
10:23:26.781,s18_8_4_2_b64_mb2,24075,13270,5919,3026,1860
10:23:27.283,s18_8_4_2_b64_mb2,24075,13270,5919,3026,1860
10:23:27.785,s18_8_4_2_b64_mb2,24075,13270,5919,3026,1860
10:23:28.286,s18_8_4_2_b64_mb2,24075,13270,5919,3026,1860
10:23:28.788,s18_8_4_2_b64_mb2,24075,13270,5919,3026,1860
10:23:29.290,s18_8_4_2_b64_mb2,24075,13270,5919,3026,1860
10:23:29.791,s18_8_4_2_b64_mb2,24075,13270,5919,3026,1860
10:23:30.293,s18_8_4_2_b64_mb2,24295,13470,5919,3026,1860
10:23:30.795,s18_8_4_2_b64_mb2,25215,14390,5919,3026,1860
10:23:31.296,s18_8_4_2_b64_mb2,25855,14430,6419,3126,1860
10:23:31.798,s18_8_4_2_b64_mb2,26135,14430,6419,3286,2000
10:23:32.300,s18_8_4_2_b64_mb2,26155,14430,6439,3286,2000
10:23:32.801,s18_8_4_2_b64_mb2,26155,14430,6439,3286,2000
10:23:33.303,s18_8_4_2_b64_mb2,26155,14430,6439,3286,2000
10:23:33.805,s18_8_4_2_b64_mb2,26155,14430,6439,3286,2000
10:23:34.307,s18_8_4_2_b64_mb2,26155,14430,6439,3286,2000
10:23:34.808,s18_8_4_2_b64_mb2,26155,14430,6439,3286,2000
10:23:35.310,s18_8_4_2_b64_mb2,26155,14430,6439,3286,2000
10:23:35.812,s18_8_4_2_b64_mb2,26155,14430,6439,3286,2000
10:23:36.313,s18_8_4_2_b64_mb2,26155,14430,6439,3286,2000
10:23:36.815,s18_8_4_2_b64_mb2,26155,14430,6439,3286,2000
10:23:37.317,s18_8_4_2_b64_mb2,26155,14430,6439,3286,2000
10:23:37.819,s18_8_4_2_b64_mb2,26155,14430,6439,3286,2000
10:23:38.320,s18_8_4_2_b64_mb2,26155,14430,6439,3286,2000
10:23:38.822,s18_8_4_2_b64_mb2,26155,14430,6439,3286,2000
10:23:39.324,s18_8_4_2_b64_mb2,26155,14430,6439,3286,2000
10:23:39.825,s18_8_4_2_b64_mb2,26155,14430,6439,3286,2000
10:23:40.327,s18_8_4_2_b64_mb2,26155,14430,6439,3286,2000
10:23:40.829,s18_8_4_2_b64_mb2,26155,14430,6439,3286,2000
10:23:41.330,s18_8_4_2_b64_mb2,26155,14430,6439,3286,2000
10:23:41.832,s18_8_4_2_b64_mb2,26155,14430,6439,3286,2000
10:23:42.334,s18_8_4_2_b64_mb2,26155,14430,6439,3286,2000
10:23:42.835,s18_8_4_2_b64_mb2,26155,14430,6439,3286,2000
10:23:43.337,s18_8_4_2_b64_mb2,26155,14430,6439,3286,2000
10:23:43.839,s18_8_4_2_b64_mb2,26155,14430,6439,3286,2000
10:23:44.341,s18_8_4_2_b64_mb2,26155,14430,6439,3286,2000
10:23:44.842,s18_8_4_2_b64_mb2,26155,14430,6439,3286,2000
10:23:45.344,s18_8_4_2_b64_mb2,26155,14430,6439,3286,2000
10:23:45.846,s18_8_4_2_b64_mb2,26155,14430,6439,3286,2000
10:23:46.347,s18_8_4_2_b64_mb2,26155,14430,6439,3286,2000
10:23:46.849,s18_8_4_2_b64_mb2,26155,14430,6439,3286,2000
10:23:47.351,s18_8_4_2_b64_mb2,26155,14430,6439,3286,2000
10:23:47.852,s18_8_4_2_b64_mb2,26155,14430,6439,3286,2000
10:23:48.354,s18_8_4_2_b64_mb2,26155,14430,6439,3286,2000
10:23:48.856,s18_8_4_2_b64_mb2,26155,14430,6439,3286,2000
10:23:49.357,s18_8_4_2_b64_mb2,26155,14430,6439,3286,2000
10:23:49.859,s18_8_4_2_b64_mb2,26155,14430,6439,3286,2000
10:23:50.361,s18_8_4_2_b64_mb2,26155,14430,6439,3286,2000
10:23:50.862,s18_8_4_2_b64_mb2,26155,14430,6439,3286,2000
10:23:51.364,s18_8_4_2_b64_mb2,26155,14430,6439,3286,2000
10:23:51.866,s18_8_4_2_b64_mb2,26155,14430,6439,3286,2000
10:23:52.367,s18_8_4_2_b64_mb2,26155,14430,6439,3286,2000
10:23:52.869,s18_8_4_2_b64_mb2,26155,14430,6439,3286,2000
10:23:53.371,s18_8_4_2_b64_mb2,26155,14430,6439,3286,2000
10:23:53.872,s18_8_4_2_b64_mb2,26155,14430,6439,3286,2000
10:23:54.374,s18_8_4_2_b64_mb2,26155,14430,6439,3286,2000
10:23:54.876,s18_8_4_2_b64_mb2,26155,14430,6439,3286,2000
10:23:55.378,s18_8_4_2_b64_mb2,26155,14430,6439,3286,2000
10:23:55.879,s18_8_4_2_b64_mb2,26155,14430,6439,3286,2000
10:23:56.381,s18_8_4_2_b64_mb2,26155,14430,6439,3286,2000
10:23:56.883,s18_8_4_2_b64_mb2,26155,14430,6439,3286,2000
10:23:57.384,s18_8_4_2_b64_mb2,26155,14430,6439,3286,2000
10:23:57.886,s18_8_4_2_b64_mb2,26155,14430,6439,3286,2000
10:23:58.388,s18_8_4_2_b64_mb2,26155,14430,6439,3286,2000
10:23:58.890,s18_8_4_2_b64_mb2,26155,14430,6439,3286,2000
10:23:59.391,s18_8_4_2_b64_mb2,26155,14430,6439,3286,2000
10:23:59.893,s18_8_4_2_b64_mb2,26155,14430,6439,3286,2000
10:24:00.395,s18_8_4_2_b64_mb2,26155,14430,6439,3286,2000
10:24:00.896,s18_8_4_2_b64_mb2,26155,14430,6439,3286,2000
10:24:01.398,s18_8_4_2_b64_mb2,26155,14430,6439,3286,2000
10:24:01.900,s18_8_4_2_b64_mb2,26155,14430,6439,3286,2000
10:24:02.402,s18_8_4_2_b64_mb2,26155,14430,6439,3286,2000
10:24:02.903,s18_8_4_2_b64_mb2,26155,14430,6439,3286,2000
10:24:03.405,s18_8_4_2_b64_mb2,26155,14430,6439,3286,2000
10:24:03.907,s18_8_4_2_b64_mb2,26155,14430,6439,3286,2000
10:24:04.408,s18_8_4_2_b64_mb2,26155,14430,6439,3286,2000
10:24:04.910,s18_8_4_2_b64_mb2,26155,14430,6439,3286,2000
10:24:05.412,s18_8_4_2_b64_mb2,26155,14430,6439,3286,2000
10:24:05.913,s18_8_4_2_b64_mb2,26155,14430,6439,3286,2000
10:24:06.415,s18_8_4_2_b64_mb2,26155,14430,6439,3286,2000
10:24:06.917,s18_8_4_2_b64_mb2,26155,14430,6439,3286,2000
10:24:07.419,s18_8_4_2_b64_mb2,26155,14430,6439,3286,2000
10:24:07.920,s18_8_4_2_b64_mb2,26155,14430,6439,3286,2000
10:24:08.422,s18_8_4_2_b64_mb2,26155,14430,6439,3286,2000
10:24:08.924,s18_8_4_2_b64_mb2,26155,14430,6439,3286,2000
10:24:09.425,s18_8_4_2_b64_mb2,26155,14430,6439,3286,2000
10:24:09.927,s18_8_4_2_b64_mb2,26155,14430,6439,3286,2000
10:24:10.429,s18_8_4_2_b64_mb2,26155,14430,6439,3286,2000
10:24:10.931,s18_8_4_2_b64_mb2,26155,14430,6439,3286,2000
10:24:11.433,s18_8_4_2_b64_mb2,26155,14430,6439,3286,2000
10:24:11.934,s18_8_4_2_b64_mb2,26155,14430,6439,3286,2000
10:24:12.436,s18_8_4_2_b64_mb2,26155,14430,6439,3286,2000
10:24:12.938,s18_8_4_2_b64_mb2,26155,14430,6439,3286,2000
10:24:13.439,s18_8_4_2_b64_mb2,26155,14430,6439,3286,2000
10:24:13.941,s18_8_4_2_b64_mb2,26155,14430,6439,3286,2000
10:24:14.443,s18_8_4_2_b64_mb2,26155,14430,6439,3286,2000
10:24:14.945,s18_8_4_2_b64_mb2,26155,14430,6439,3286,2000
10:24:15.446,s18_8_4_2_b64_mb2,26155,14430,6439,3286,2000
10:24:15.948,s18_8_4_2_b64_mb2,26155,14430,6439,3286,2000
10:24:16.450,s18_8_4_2_b64_mb2,26155,14430,6439,3286,2000
10:24:16.951,s18_8_4_2_b64_mb2,26155,14430,6439,3286,2000
10:24:17.453,s18_8_4_2_b64_mb2,26155,14430,6439,3286,2000
10:24:17.955,s18_8_4_2_b64_mb2,26155,14430,6439,3286,2000
10:24:18.457,s18_8_4_2_b64_mb2,26155,14430,6439,3286,2000
10:24:18.958,s18_8_4_2_b64_mb2,26155,14430,6439,3286,2000
10:24:19.460,s18_8_4_2_b64_mb2,26155,14430,6439,3286,2000
10:24:19.962,s18_8_4_2_b64_mb2,26155,14430,6439,3286,2000
10:24:20.464,s18_8_4_2_b64_mb2,26155,14430,6439,3286,2000
10:24:20.965,s18_8_4_2_b64_mb2,26155,14430,6439,3286,2000
10:24:21.467,s18_8_4_2_b64_mb2,26155,14430,6439,3286,2000
10:24:21.969,s18_8_4_2_b64_mb2,26155,14430,6439,3286,2000
10:24:22.470,s18_8_4_2_b64_mb2,26155,14430,6439,3286,2000
10:24:22.972,s18_8_4_2_b64_mb2,26155,14430,6439,3286,2000
10:24:23.474,s18_8_4_2_b64_mb2,26155,14430,6439,3286,2000
10:24:23.976,s18_8_4_2_b64_mb2,26155,14430,6439,3286,2000
10:24:24.478,s18_8_4_2_b64_mb2,26155,14430,6439,3286,2000
10:24:24.979,s18_8_4_2_b64_mb2,26155,14430,6439,3286,2000
10:24:25.481,s18_8_4_2_b64_mb2,26155,14430,6439,3286,2000
10:24:25.983,s18_8_4_2_b64_mb2,26155,14430,6439,3286,2000
10:24:26.485,s18_8_4_2_b64_mb2,26155,14430,6439,3286,2000
10:24:26.986,s18_8_4_2_b64_mb2,26155,14430,6439,3286,2000
10:24:27.488,s18_8_4_2_b64_mb2,26155,14430,6439,3286,2000
10:24:27.990,s18_8_4_2_b64_mb2,26155,14430,6439,3286,2000
10:24:28.492,s18_8_4_2_b64_mb2,26155,14430,6439,3286,2000
10:24:28.993,s18_8_4_2_b64_mb2,26155,14430,6439,3286,2000
10:24:29.495,s18_8_4_2_b64_mb2,26155,14430,6439,3286,2000
10:24:29.997,s18_8_4_2_b64_mb2,26155,14430,6439,3286,2000
10:24:30.499,s18_8_4_2_b64_mb2,26155,14430,6439,3286,2000
10:24:31.000,s18_8_4_2_b64_mb2,26155,14430,6439,3286,2000
10:24:31.502,s18_8_4_2_b64_mb2,26155,14430,6439,3286,2000
10:24:32.004,s18_8_4_2_b64_mb2,26155,14430,6439,3286,2000
10:24:32.506,s18_8_4_2_b64_mb2,26155,14430,6439,3286,2000
10:24:33.007,s18_8_4_2_b64_mb2,26155,14430,6439,3286,2000
10:24:33.509,s18_8_4_2_b64_mb2,26155,14430,6439,3286,2000
10:24:34.011,s18_8_4_2_b64_mb2,26155,14430,6439,3286,2000
10:24:34.513,s18_8_4_2_b64_mb2,26155,14430,6439,3286,2000
10:24:35.015,s18_8_4_2_b64_mb2,26155,14430,6439,3286,2000
10:24:35.516,s18_8_4_2_b64_mb2,26155,14430,6439,3286,2000
10:24:36.018,s18_8_4_2_b64_mb2,26155,14430,6439,3286,2000
10:24:36.520,s18_8_4_2_b64_mb2,26155,14430,6439,3286,2000
10:24:37.021,s18_8_4_2_b64_mb2,26155,14430,6439,3286,2000
10:24:37.523,s18_8_4_2_b64_mb2,26155,14430,6439,3286,2000
10:24:38.025,s18_8_4_2_b64_mb2,26155,14430,6439,3286,2000
10:24:38.527,s18_8_4_2_b64_mb2,26155,14430,6439,3286,2000
10:24:39.028,s18_8_4_2_b64_mb2,26155,14430,6439,3286,2000
10:24:39.530,s18_8_4_2_b64_mb2,26155,14430,6439,3286,2000
10:24:40.032,s18_8_4_2_b64_mb2,26155,14430,6439,3286,2000
10:24:40.533,s18_8_4_2_b64_mb2,26155,14430,6439,3286,2000
10:24:41.035,s18_8_4_2_b64_mb2,26155,14430,6439,3286,2000
10:24:41.537,s18_8_4_2_b64_mb2,26155,14430,6439,3286,2000
10:24:42.039,s18_8_4_2_b64_mb2,26155,14430,6439,3286,2000
10:24:42.540,s18_8_4_2_b64_mb2,26155,14430,6439,3286,2000
10:24:43.042,s18_8_4_2_b64_mb2,26155,14430,6439,3286,2000
10:24:43.544,s18_8_4_2_b64_mb2,26155,14430,6439,3286,2000
10:24:44.046,s18_8_4_2_b64_mb2,26155,14430,6439,3286,2000
10:24:44.547,s18_8_4_2_b64_mb2,26155,14430,6439,3286,2000
10:24:45.049,s18_8_4_2_b64_mb2,26155,14430,6439,3286,2000
10:24:45.551,s18_8_4_2_b64_mb2,26155,14430,6439,3286,2000
10:24:46.052,s18_8_4_2_b64_mb2,26155,14430,6439,3286,2000
10:24:46.554,s18_8_4_2_b64_mb2,26155,14430,6439,3286,2000
10:24:47.056,s18_8_4_2_b64_mb2,26155,14430,6439,3286,2000
10:24:47.558,s18_8_4_2_b64_mb2,26155,14430,6439,3286,2000
10:24:48.059,s18_8_4_2_b64_mb2,26155,14430,6439,3286,2000
10:24:48.561,s18_8_4_2_b64_mb2,26155,14430,6439,3286,2000
10:24:49.063,s18_8_4_2_b64_mb2,26155,14430,6439,3286,2000
10:24:49.564,s18_8_4_2_b64_mb2,26155,14430,6439,3286,2000
10:24:50.066,s18_8_4_2_b64_mb2,26155,14430,6439,3286,2000
10:24:50.568,s18_8_4_2_b64_mb2,26155,14430,6439,3286,2000
10:24:51.070,s18_8_4_2_b64_mb2,26155,14430,6439,3286,2000
10:24:51.572,s18_8_4_2_b64_mb2,26155,14430,6439,3286,2000
10:24:52.074,s18_8_4_2_b64_mb2,26155,14430,6439,3286,2000
10:24:52.575,s18_8_4_2_b64_mb2,26155,14430,6439,3286,2000
10:24:53.077,s18_8_4_2_b64_mb2,26155,14430,6439,3286,2000
10:24:53.579,s18_8_4_2_b64_mb2,26155,14430,6439,3286,2000
10:24:54.080,s18_8_4_2_b64_mb2,26155,14430,6439,3286,2000
10:24:54.582,s18_8_4_2_b64_mb2,26155,14430,6439,3286,2000
10:24:55.084,s18_8_4_2_b64_mb2,26155,14430,6439,3286,2000
10:24:55.586,s18_8_4_2_b64_mb2,26155,14430,6439,3286,2000
10:24:56.087,s18_8_4_2_b64_mb2,26155,14430,6439,3286,2000
10:24:56.589,s18_8_4_2_b64_mb2,26155,14430,6439,3286,2000
10:24:57.091,s18_8_4_2_b64_mb2,26155,14430,6439,3286,2000
10:24:57.592,s18_8_4_2_b64_mb2,26155,14430,6439,3286,2000
10:24:58.094,s18_8_4_2_b64_mb2,26155,14430,6439,3286,2000
10:24:58.596,s18_8_4_2_b64_mb2,26155,14430,6439,3286,2000
10:24:59.098,s18_8_4_2_b64_mb2,26155,14430,6439,3286,2000
10:24:59.600,s18_8_4_2_b64_mb2,26155,14430,6439,3286,2000
10:25:00.101,s18_8_4_2_b64_mb2,26155,14430,6439,3286,2000
10:25:00.603,s18_8_4_2_b64_mb2,26155,14430,6439,3286,2000
10:25:01.105,s18_8_4_2_b64_mb2,26155,14430,6439,3286,2000
10:25:01.607,s18_8_4_2_b64_mb2,26155,14430,6439,3286,2000
10:25:02.108,s18_8_4_2_b64_mb2,26155,14430,6439,3286,2000
10:25:02.610,s18_8_4_2_b64_mb2,26155,14430,6439,3286,2000
10:25:03.112,s18_8_4_2_b64_mb2,26155,14430,6439,3286,2000
10:25:03.614,s18_8_4_2_b64_mb2,26155,14430,6439,3286,2000
10:25:04.115,s18_8_4_2_b64_mb2,26195,14450,6439,3286,2000
10:25:04.617,s18_8_4_2_b64_mb2,27675,15930,6439,3286,2000
10:25:05.119,s18_8_4_2_b64_mb2,28935,16350,7279,3286,2000
10:25:05.621,s18_8_4_2_b64_mb2,29535,16350,7279,3706,2200
10:25:06.122,s18_8_4_2_b64_mb2,29535,16350,7279,3706,2200
10:25:06.624,s18_8_4_2_b64_mb2,29555,16350,7299,3706,2200
10:25:07.126,s18_8_4_2_b64_mb2,29575,16350,7299,3706,2220
10:25:07.628,s18_8_4_2_b64_mb2,29575,16350,7299,3706,2220
10:25:08.129,s18_8_4_2_b64_mb2,29575,16350,7299,3706,2220
10:25:08.631,s18_8_4_2_b64_mb2,29575,16350,7299,3706,2220
10:25:09.133,s18_8_4_2_b64_mb2,29575,16350,7299,3706,2220
10:25:09.635,s18_8_4_2_b64_mb2,29575,16350,7299,3706,2220
10:25:10.137,s18_8_4_2_b64_mb2,29575,16350,7299,3706,2220
10:25:10.638,s18_8_4_2_b64_mb2,29575,16350,7299,3706,2220
10:25:11.140,s18_8_4_2_b64_mb2,29575,16350,7299,3706,2220
10:25:11.642,s18_8_4_2_b64_mb2,29575,16350,7299,3706,2220
10:25:12.143,s18_8_4_2_b64_mb2,29575,16350,7299,3706,2220
10:25:12.645,s18_8_4_2_b64_mb2,29575,16350,7299,3706,2220
10:25:13.147,s18_8_4_2_b64_mb2,29575,16350,7299,3706,2220
10:25:13.649,s18_8_4_2_b64_mb2,29575,16350,7299,3706,2220
10:25:14.150,s18_8_4_2_b64_mb2,29575,16350,7299,3706,2220
10:25:14.652,s18_8_4_2_b64_mb2,29575,16350,7299,3706,2220
10:25:15.154,s18_8_4_2_b64_mb2,29575,16350,7299,3706,2220
10:25:15.656,s18_8_4_2_b64_mb2,29575,16350,7299,3706,2220
10:25:16.157,s18_8_4_2_b64_mb2,29575,16350,7299,3706,2220
10:25:16.659,s18_8_4_2_b64_mb2,29575,16350,7299,3706,2220
10:25:17.161,s18_8_4_2_b64_mb2,29575,16350,7299,3706,2220
10:25:17.663,s18_8_4_2_b64_mb2,29575,16350,7299,3706,2220
10:25:18.164,s18_8_4_2_b64_mb2,29575,16350,7299,3706,2220
10:25:18.666,s18_8_4_2_b64_mb2,29575,16350,7299,3706,2220
10:25:19.168,s18_8_4_2_b64_mb2,29575,16350,7299,3706,2220
10:25:19.670,s18_8_4_2_b64_mb2,29575,16350,7299,3706,2220
10:25:20.171,s18_8_4_2_b64_mb2,29575,16350,7299,3706,2220
10:25:20.673,s18_8_4_2_b64_mb2,29575,16350,7299,3706,2220
10:25:21.175,s18_8_4_2_b64_mb2,29575,16350,7299,3706,2220
10:25:21.676,s18_8_4_2_b64_mb2,29575,16350,7299,3706,2220
10:25:22.178,s18_8_4_2_b64_mb2,29575,16350,7299,3706,2220
10:25:22.680,s18_8_4_2_b64_mb2,29575,16350,7299,3706,2220
10:25:23.181,s18_8_4_2_b64_mb2,29575,16350,7299,3706,2220
10:25:23.683,s18_8_4_2_b64_mb2,29575,16350,7299,3706,2220
10:25:24.185,s18_8_4_2_b64_mb2,29575,16350,7299,3706,2220
10:25:24.687,s18_8_4_2_b64_mb2,29575,16350,7299,3706,2220
10:25:25.188,s18_8_4_2_b64_mb2,29575,16350,7299,3706,2220
10:25:25.690,s18_8_4_2_b64_mb2,29575,16350,7299,3706,2220
10:25:26.192,s18_8_4_2_b64_mb2,29575,16350,7299,3706,2220
10:25:26.693,s18_8_4_2_b64_mb2,29575,16350,7299,3706,2220
10:25:27.195,s18_8_4_2_b64_mb2,29575,16350,7299,3706,2220
10:25:27.697,s18_8_4_2_b64_mb2,29575,16350,7299,3706,2220
10:25:28.199,s18_8_4_2_b64_mb2,29575,16350,7299,3706,2220
10:25:28.700,s18_8_4_2_b64_mb2,29575,16350,7299,3706,2220
10:25:29.202,s18_8_4_2_b64_mb2,29575,16350,7299,3706,2220
10:25:29.704,s18_8_4_2_b64_mb2,29575,16350,7299,3706,2220
10:25:30.206,s18_8_4_2_b64_mb2,29575,16350,7299,3706,2220
10:25:30.708,s18_8_4_2_b64_mb2,29575,16350,7299,3706,2220
10:25:31.210,s18_8_4_2_b64_mb2,29575,16350,7299,3706,2220
10:25:31.711,s18_8_4_2_b64_mb2,29575,16350,7299,3706,2220
10:25:32.213,s18_8_4_2_b64_mb2,29575,16350,7299,3706,2220
10:25:32.715,s18_8_4_2_b64_mb2,29575,16350,7299,3706,2220
10:25:33.217,s18_8_4_2_b64_mb2,29575,16350,7299,3706,2220
10:25:33.719,s18_8_4_2_b64_mb2,29575,16350,7299,3706,2220
10:25:34.221,s18_8_4_2_b64_mb2,29575,16350,7299,3706,2220
10:25:34.722,s18_8_4_2_b64_mb2,29575,16350,7299,3706,2220
10:25:35.224,s18_8_4_2_b64_mb2,29575,16350,7299,3706,2220
10:25:35.726,s18_8_4_2_b64_mb2,29575,16350,7299,3706,2220
10:25:36.228,s18_8_4_2_b64_mb2,29575,16350,7299,3706,2220
10:25:36.730,s18_8_4_2_b64_mb2,29575,16350,7299,3706,2220
10:25:37.232,s18_8_4_2_b64_mb2,29575,16350,7299,3706,2220
10:25:37.733,s18_8_4_2_b64_mb2,29575,16350,7299,3706,2220
10:25:38.235,s18_8_4_2_b64_mb2,29575,16350,7299,3706,2220
10:25:38.737,s18_8_4_2_b64_mb2,29575,16350,7299,3706,2220
10:25:39.239,s18_8_4_2_b64_mb2,29575,16350,7299,3706,2220
10:25:39.740,s18_8_4_2_b64_mb2,29575,16350,7299,3706,2220
10:25:40.242,s18_8_4_2_b64_mb2,29575,16350,7299,3706,2220
10:25:40.744,s18_8_4_2_b64_mb2,29575,16350,7299,3706,2220
10:25:41.246,s18_8_4_2_b64_mb2,29575,16350,7299,3706,2220
10:25:41.748,s18_8_4_2_b64_mb2,29575,16350,7299,3706,2220
10:25:42.249,s18_8_4_2_b64_mb2,29575,16350,7299,3706,2220
10:25:42.751,s18_8_4_2_b64_mb2,29575,16350,7299,3706,2220
10:25:43.253,s18_8_4_2_b64_mb2,29575,16350,7299,3706,2220
10:25:43.754,s18_8_4_2_b64_mb2,29575,16350,7299,3706,2220
10:25:44.256,s18_8_4_2_b64_mb2,29575,16350,7299,3706,2220
10:25:44.758,s18_8_4_2_b64_mb2,29575,16350,7299,3706,2220
10:25:45.259,s18_8_4_2_b64_mb2,29575,16350,7299,3706,2220
10:25:45.761,s18_8_4_2_b64_mb2,29575,16350,7299,3706,2220
10:25:46.263,s18_8_4_2_b64_mb2,29575,16350,7299,3706,2220
10:25:46.765,s18_8_4_2_b64_mb2,29575,16350,7299,3706,2220
10:25:47.266,s18_8_4_2_b64_mb2,29575,16350,7299,3706,2220
10:25:47.768,s18_8_4_2_b64_mb2,29575,16350,7299,3706,2220
10:25:48.270,s18_8_4_2_b64_mb2,29575,16350,7299,3706,2220
10:25:48.771,s18_8_4_2_b64_mb2,29575,16350,7299,3706,2220
10:25:49.273,s18_8_4_2_b64_mb2,29575,16350,7299,3706,2220
10:25:49.775,s18_8_4_2_b64_mb2,29575,16350,7299,3706,2220
10:25:50.276,s18_8_4_2_b64_mb2,29575,16350,7299,3706,2220
10:25:50.778,s18_8_4_2_b64_mb2,29575,16350,7299,3706,2220
10:25:51.280,s18_8_4_2_b64_mb2,29575,16350,7299,3706,2220
10:25:51.781,s18_8_4_2_b64_mb2,29575,16350,7299,3706,2220
10:25:52.283,s18_8_4_2_b64_mb2,29575,16350,7299,3706,2220
10:25:52.785,s18_8_4_2_b64_mb2,29575,16350,7299,3706,2220
10:25:53.286,s18_8_4_2_b64_mb2,29575,16350,7299,3706,2220
10:25:53.788,s18_8_4_2_b64_mb2,29575,16350,7299,3706,2220
10:25:54.290,s18_8_4_2_b64_mb2,29575,16350,7299,3706,2220
10:25:54.792,s18_8_4_2_b64_mb2,29575,16350,7299,3706,2220
10:25:55.293,s18_8_4_2_b64_mb2,29575,16350,7299,3706,2220
10:25:55.795,s18_8_4_2_b64_mb2,29575,16350,7299,3706,2220
10:25:56.297,s18_8_4_2_b64_mb2,29575,16350,7299,3706,2220
10:25:56.799,s18_8_4_2_b64_mb2,29575,16350,7299,3706,2220
10:25:57.300,s18_8_4_2_b64_mb2,29575,16350,7299,3706,2220
10:25:57.802,s18_8_4_2_b64_mb2,29575,16350,7299,3706,2220
10:25:58.304,s18_8_4_2_b64_mb2,29575,16350,7299,3706,2220
10:25:58.805,s18_8_4_2_b64_mb2,29575,16350,7299,3706,2220
10:25:59.307,s18_8_4_2_b64_mb2,29575,16350,7299,3706,2220
10:25:59.809,s18_8_4_2_b64_mb2,29575,16350,7299,3706,2220
10:26:00.311,s18_8_4_2_b64_mb2,29575,16350,7299,3706,2220
10:26:00.812,s18_8_4_2_b64_mb2,29575,16350,7299,3706,2220
10:26:01.314,s18_8_4_2_b64_mb2,29575,16350,7299,3706,2220
10:26:01.816,s18_8_4_2_b64_mb2,29575,16350,7299,3706,2220
10:26:02.317,s18_8_4_2_b64_mb2,29575,16350,7299,3706,2220
10:26:02.819,s18_8_4_2_b64_mb2,29575,16350,7299,3706,2220
10:26:03.321,s18_8_4_2_b64_mb2,29575,16350,7299,3706,2220
10:26:03.822,s18_8_4_2_b64_mb2,29575,16350,7299,3706,2220
10:26:04.324,s18_8_4_2_b64_mb2,29575,16350,7299,3706,2220
10:26:04.826,s18_8_4_2_b64_mb2,29575,16350,7299,3706,2220
10:26:05.327,s18_8_4_2_b64_mb2,29575,16350,7299,3706,2220
10:26:05.829,s18_8_4_2_b64_mb2,29575,16350,7299,3706,2220
10:26:06.331,s18_8_4_2_b64_mb2,29575,16350,7299,3706,2220
10:26:06.832,s18_8_4_2_b64_mb2,29575,16350,7299,3706,2220
10:26:07.334,s18_8_4_2_b64_mb2,29575,16350,7299,3706,2220
10:26:07.836,s18_8_4_2_b64_mb2,29575,16350,7299,3706,2220
10:26:08.338,s18_8_4_2_b64_mb2,29575,16350,7299,3706,2220
10:26:08.839,s18_8_4_2_b64_mb2,29575,16350,7299,3706,2220
10:26:09.341,s18_8_4_2_b64_mb2,29575,16350,7299,3706,2220
10:26:09.843,s18_8_4_2_b64_mb2,29575,16350,7299,3706,2220
10:26:10.344,s18_8_4_2_b64_mb2,29575,16350,7299,3706,2220
10:26:10.846,s18_8_4_2_b64_mb2,29575,16350,7299,3706,2220
10:26:11.348,s18_8_4_2_b64_mb2,29575,16350,7299,3706,2220
10:26:11.850,s18_8_4_2_b64_mb2,29575,16350,7299,3706,2220
10:26:12.351,s18_8_4_2_b64_mb2,29575,16350,7299,3706,2220
10:26:12.853,s18_8_4_2_b64_mb2,29575,16350,7299,3706,2220
10:26:13.355,s18_8_4_2_b64_mb2,29575,16350,7299,3706,2220
10:26:13.856,s18_8_4_2_b64_mb2,29575,16350,7299,3706,2220
10:26:14.358,s18_8_4_2_b64_mb2,29575,16350,7299,3706,2220
10:26:14.860,s18_8_4_2_b64_mb2,29575,16350,7299,3706,2220
10:26:15.362,s18_8_4_2_b64_mb2,29575,16350,7299,3706,2220
10:26:15.863,s18_8_4_2_b64_mb2,29575,16350,7299,3706,2220
10:26:16.365,s18_8_4_2_b64_mb2,29575,16350,7299,3706,2220
10:26:16.867,s18_8_4_2_b64_mb2,29575,16350,7299,3706,2220
10:26:17.368,s18_8_4_2_b64_mb2,29575,16350,7299,3706,2220
10:26:17.870,s18_8_4_2_b64_mb2,29575,16350,7299,3706,2220
10:26:18.372,s18_8_4_2_b64_mb2,29575,16350,7299,3706,2220
10:26:18.873,s18_8_4_2_b64_mb2,29575,16350,7299,3706,2220
10:26:19.375,s18_8_4_2_b64_mb2,29575,16350,7299,3706,2220
10:26:19.877,s18_8_4_2_b64_mb2,29575,16350,7299,3706,2220
10:26:20.378,s18_8_4_2_b64_mb2,29575,16350,7299,3706,2220
10:26:20.880,s18_8_4_2_b64_mb2,29575,16350,7299,3706,2220
10:26:21.382,s18_8_4_2_b64_mb2,29575,16350,7299,3706,2220
10:26:21.883,s18_8_4_2_b64_mb2,29575,16350,7299,3706,2220
10:26:22.385,s18_8_4_2_b64_mb2,29575,16350,7299,3706,2220
10:26:22.887,s18_8_4_2_b64_mb2,29575,16350,7299,3706,2220
10:26:23.388,s18_8_4_2_b64_mb2,29575,16350,7299,3706,2220
10:26:23.890,s18_8_4_2_b64_mb2,29575,16350,7299,3706,2220
10:26:24.392,s18_8_4_2_b64_mb2,29575,16350,7299,3706,2220
10:26:24.893,s18_8_4_2_b64_mb2,29575,16350,7299,3706,2220
10:26:25.395,s18_8_4_2_b64_mb2,29575,16350,7299,3706,2220
10:26:25.897,s18_8_4_2_b64_mb2,29575,16350,7299,3706,2220
10:26:26.398,s18_8_4_2_b64_mb2,29575,16350,7299,3706,2220
10:26:26.900,s18_8_4_2_b64_mb2,29575,16350,7299,3706,2220
10:26:27.402,s18_8_4_2_b64_mb2,29575,16350,7299,3706,2220
10:26:27.904,s18_8_4_2_b64_mb2,29575,16350,7299,3706,2220
10:26:28.405,s18_8_4_2_b64_mb2,29575,16350,7299,3706,2220
10:26:28.907,s18_8_4_2_b64_mb2,29575,16350,7299,3706,2220
10:26:29.409,s18_8_4_2_b64_mb2,29575,16350,7299,3706,2220
10:26:29.911,s18_8_4_2_b64_mb2,29575,16350,7299,3706,2220
10:26:30.412,s18_8_4_2_b64_mb2,29575,16350,7299,3706,2220
10:26:30.914,s18_8_4_2_b64_mb2,29575,16350,7299,3706,2220
10:26:31.416,s18_8_4_2_b64_mb2,29575,16350,7299,3706,2220
10:26:31.917,s18_8_4_2_b64_mb2,29575,16350,7299,3706,2220
10:26:32.419,s18_8_4_2_b64_mb2,29575,16350,7299,3706,2220
10:26:32.921,s18_8_4_2_b64_mb2,29575,16350,7299,3706,2220
10:26:33.422,s18_8_4_2_b64_mb2,29575,16350,7299,3706,2220
10:26:33.924,s18_8_4_2_b64_mb2,29575,16350,7299,3706,2220
10:26:34.426,s18_8_4_2_b64_mb2,29575,16350,7299,3706,2220
10:26:34.928,s18_8_4_2_b64_mb2,29575,16350,7299,3706,2220
10:26:35.429,s18_8_4_2_b64_mb2,29575,16350,7299,3706,2220
10:26:35.931,s18_8_4_2_b64_mb2,29575,16350,7299,3706,2220
10:26:36.433,s18_8_4_2_b64_mb2,29575,16350,7299,3706,2220
10:26:36.935,s18_8_4_2_b64_mb2,29575,16350,7299,3706,2220
10:26:37.436,s18_8_4_2_b64_mb2,29575,16350,7299,3706,2220
10:26:37.938,s18_8_4_2_b64_mb2,29575,16350,7299,3706,2220
10:26:38.440,s18_8_4_2_b64_mb2,29575,16350,7299,3706,2220
10:26:38.942,s18_8_4_2_b64_mb2,29575,16350,7299,3706,2220
10:26:39.443,s18_8_4_2_b64_mb2,29575,16350,7299,3706,2220
10:26:39.945,s18_8_4_2_b64_mb2,29575,16350,7299,3706,2220
10:26:40.447,s18_8_4_2_b64_mb2,29575,16350,7299,3706,2220
10:26:40.948,s18_8_4_2_b64_mb2,29575,16350,7299,3706,2220
10:26:41.450,s18_8_4_2_b64_mb2,29575,16350,7299,3706,2220
10:26:41.952,s18_8_4_2_b64_mb2,29575,16350,7299,3706,2220
10:26:42.454,s18_8_4_2_b64_mb2,29575,16350,7299,3706,2220
10:26:42.955,s18_8_4_2_b64_mb2,29575,16350,7299,3706,2220
10:26:43.457,s18_8_4_2_b64_mb2,29575,16350,7299,3706,2220
10:26:43.959,s18_8_4_2_b64_mb2,29575,16350,7299,3706,2220
10:26:44.460,s18_8_4_2_b64_mb2,29575,16350,7299,3706,2220
10:26:44.962,s18_8_4_2_b64_mb2,29575,16350,7299,3706,2220
10:26:45.464,s18_8_4_2_b64_mb2,29575,16350,7299,3706,2220
10:26:45.965,s18_8_4_2_b64_mb2,29575,16350,7299,3706,2220
10:26:46.467,s18_8_4_2_b64_mb2,29575,16350,7299,3706,2220
10:26:46.969,s18_8_4_2_b64_mb2,29575,16350,7299,3706,2220
10:26:47.471,s18_8_4_2_b64_mb2,29575,16350,7299,3706,2220
10:26:47.972,s18_8_4_2_b64_mb2,29575,16350,7299,3706,2220
10:26:48.474,s18_8_4_2_b64_mb2,29575,16350,7299,3706,2220
10:26:48.976,s18_8_4_2_b64_mb2,29575,16350,7299,3706,2220
10:26:49.477,s18_8_4_2_b64_mb2,29575,16350,7299,3706,2220
10:26:49.979,s18_8_4_2_b64_mb2,29575,16350,7299,3706,2220
10:26:50.481,s18_8_4_2_b64_mb2,29575,16350,7299,3706,2220
10:26:50.982,s18_8_4_2_b64_mb2,29575,16350,7299,3706,2220
10:26:51.484,s18_8_4_2_b64_mb2,29575,16350,7299,3706,2220
10:26:51.986,s18_8_4_2_b64_mb2,29575,16350,7299,3706,2220
10:26:52.488,s18_8_4_2_b64_mb2,29575,16350,7299,3706,2220
10:26:52.989,s18_8_4_2_b64_mb2,29575,16350,7299,3706,2220
10:26:53.491,s18_8_4_2_b64_mb2,29575,16350,7299,3706,2220
10:26:53.993,s18_8_4_2_b64_mb2,29575,16350,7299,3706,2220
10:26:54.495,s18_8_4_2_b64_mb2,29575,16350,7299,3706,2220
10:26:54.996,s18_8_4_2_b64_mb2,29575,16350,7299,3706,2220
10:26:55.498,s18_8_4_2_b64_mb2,29575,16350,7299,3706,2220
10:26:56.000,s18_8_4_2_b64_mb2,29575,16350,7299,3706,2220
10:26:56.501,s18_8_4_2_b64_mb2,29575,16350,7299,3706,2220
10:26:57.003,s18_8_4_2_b64_mb2,29575,16350,7299,3706,2220
10:26:57.505,s18_8_4_2_b64_mb2,29575,16350,7299,3706,2220
10:26:58.007,s18_8_4_2_b64_mb2,29575,16350,7299,3706,2220
10:26:58.508,s18_8_4_2_b64_mb2,29575,16350,7299,3706,2220
10:26:59.010,s18_8_4_2_b64_mb2,29575,16350,7299,3706,2220
10:26:59.512,s18_8_4_2_b64_mb2,29575,16350,7299,3706,2220
10:27:00.014,s18_8_4_2_b64_mb2,29575,16350,7299,3706,2220
10:27:00.515,s18_8_4_2_b64_mb2,29575,16350,7299,3706,2220
10:27:01.017,s18_8_4_2_b64_mb2,29575,16350,7299,3706,2220
10:27:01.519,s18_8_4_2_b64_mb2,29575,16350,7299,3706,2220
10:27:02.020,s18_8_4_2_b64_mb2,29575,16350,7299,3706,2220
10:27:02.522,s18_8_4_2_b64_mb2,29575,16350,7299,3706,2220
10:27:03.024,s18_8_4_2_b64_mb2,29575,16350,7299,3706,2220
10:27:03.526,s18_8_4_2_b64_mb2,29575,16350,7299,3706,2220
10:27:04.027,s18_8_4_2_b64_mb2,29575,16350,7299,3706,2220
10:27:04.529,s18_8_4_2_b64_mb2,29575,16350,7299,3706,2220
10:27:05.031,s18_8_4_2_b64_mb2,29575,16350,7299,3706,2220
10:27:05.532,s18_8_4_2_b64_mb2,29575,16350,7299,3706,2220
10:27:06.034,s18_8_4_2_b64_mb2,29575,16350,7299,3706,2220
10:27:06.536,s18_8_4_2_b64_mb2,29575,16350,7299,3706,2220
10:27:07.038,s18_8_4_2_b64_mb2,29575,16350,7299,3706,2220
10:27:07.539,s18_8_4_2_b64_mb2,29575,16350,7299,3706,2220
10:27:08.041,s18_8_4_2_b64_mb2,29575,16350,7299,3706,2220
10:27:08.543,s18_8_4_2_b64_mb2,29575,16350,7299,3706,2220
10:27:09.044,s18_8_4_2_b64_mb2,29575,16350,7299,3706,2220
10:27:09.546,s18_8_4_2_b64_mb2,29575,16350,7299,3706,2220
10:27:10.048,s18_8_4_2_b64_mb2,29575,16350,7299,3706,2220
10:27:10.549,s18_8_4_2_b64_mb2,29575,16350,7299,3706,2220
10:27:11.051,s18_8_4_2_b64_mb2,29575,16350,7299,3706,2220
10:27:11.553,s18_8_4_2_b64_mb2,29575,16350,7299,3706,2220
10:27:12.055,s18_8_4_2_b64_mb2,29575,16350,7299,3706,2220
10:27:12.556,s18_8_4_2_b64_mb2,29575,16350,7299,3706,2220
10:27:13.058,s18_8_4_2_b64_mb2,29575,16350,7299,3706,2220
10:27:13.560,s18_8_4_2_b64_mb2,29575,16350,7299,3706,2220
10:27:14.062,s18_8_4_2_b64_mb2,29575,16350,7299,3706,2220
10:27:14.564,s18_8_4_2_b64_mb2,29575,16350,7299,3706,2220
10:27:15.065,s18_8_4_2_b64_mb2,29575,16350,7299,3706,2220
10:27:15.567,s18_8_4_2_b64_mb2,29575,16350,7299,3706,2220
10:27:16.069,s18_8_4_2_b64_mb2,29575,16350,7299,3706,2220
10:27:16.570,s18_8_4_2_b64_mb2,29575,16350,7299,3706,2220
10:27:17.072,s18_8_4_2_b64_mb2,29575,16350,7299,3706,2220
10:27:17.574,s18_8_4_2_b64_mb2,29575,16350,7299,3706,2220
10:27:18.075,s18_8_4_2_b64_mb2,29575,16350,7299,3706,2220
10:27:18.577,s18_8_4_2_b64_mb2,29575,16350,7299,3706,2220
10:27:19.079,s18_8_4_2_b64_mb2,29575,16350,7299,3706,2220
10:27:19.580,s18_8_4_2_b64_mb2,29575,16350,7299,3706,2220
10:27:20.082,s18_8_4_2_b64_mb2,29575,16350,7299,3706,2220
10:27:20.584,s18_8_4_2_b64_mb2,29575,16350,7299,3706,2220
10:27:21.085,s18_8_4_2_b64_mb2,29575,16350,7299,3706,2220
10:27:21.587,s18_8_4_2_b64_mb2,29575,16350,7299,3706,2220
10:27:22.089,s18_8_4_2_b64_mb2,29575,16350,7299,3706,2220
10:27:22.590,s18_8_4_2_b64_mb2,29575,16350,7299,3706,2220
10:27:23.092,s18_8_4_2_b64_mb2,29575,16350,7299,3706,2220
10:27:23.594,s18_8_4_2_b64_mb2,29575,16350,7299,3706,2220
10:27:24.096,s18_8_4_2_b64_mb2,29575,16350,7299,3706,2220
10:27:24.597,s18_8_4_2_b64_mb2,29575,16350,7299,3706,2220
10:27:25.099,s18_8_4_2_b64_mb2,29575,16350,7299,3706,2220
10:27:25.601,s18_8_4_2_b64_mb2,29575,16350,7299,3706,2220
10:27:26.103,s18_8_4_2_b64_mb2,29575,16350,7299,3706,2220
10:27:26.604,s18_8_4_2_b64_mb2,29575,16350,7299,3706,2220
10:27:27.106,s18_8_4_2_b64_mb2,29575,16350,7299,3706,2220
10:27:27.608,s18_8_4_2_b64_mb2,29575,16350,7299,3706,2220
10:27:28.110,s18_8_4_2_b64_mb2,29575,16350,7299,3706,2220
10:27:28.611,s18_8_4_2_b64_mb2,29575,16350,7299,3706,2220
10:27:29.113,s18_8_4_2_b64_mb2,29575,16350,7299,3706,2220
10:27:29.615,s18_8_4_2_b64_mb2,29575,16350,7299,3706,2220
10:27:30.117,s18_8_4_2_b64_mb2,29575,16350,7299,3706,2220
10:27:30.619,s18_8_4_2_b64_mb2,29575,16350,7299,3706,2220
10:27:31.120,s18_8_4_2_b64_mb2,29575,16350,7299,3706,2220
10:27:31.622,s18_8_4_2_b64_mb2,29575,16350,7299,3706,2220
10:27:32.124,s18_8_4_2_b64_mb2,29575,16350,7299,3706,2220
10:27:32.625,s18_8_4_2_b64_mb2,29575,16350,7299,3706,2220
10:27:33.127,s18_8_4_2_b64_mb2,29575,16350,7299,3706,2220
10:27:33.629,s18_8_4_2_b64_mb2,29575,16350,7299,3706,2220
10:27:34.131,s18_8_4_2_b64_mb2,29575,16350,7299,3706,2220
10:27:34.632,s18_8_4_2_b64_mb2,29575,16350,7299,3706,2220
10:27:35.134,s18_8_4_2_b64_mb2,29575,16350,7299,3706,2220
10:27:35.636,s18_8_4_2_b64_mb2,29575,16350,7299,3706,2220
10:27:36.138,s18_8_4_2_b64_mb2,29575,16350,7299,3706,2220
10:27:36.639,s18_8_4_2_b64_mb2,29575,16350,7299,3706,2220
10:27:37.141,s18_8_4_2_b64_mb2,29575,16350,7299,3706,2220
10:27:37.643,s18_8_4_2_b64_mb2,29575,16350,7299,3706,2220
10:27:38.145,s18_8_4_2_b64_mb2,29575,16350,7299,3706,2220
10:27:38.646,s18_8_4_2_b64_mb2,29575,16350,7299,3706,2220
10:27:39.148,s18_8_4_2_b64_mb2,29575,16350,7299,3706,2220
10:27:39.650,s18_8_4_2_b64_mb2,29575,16350,7299,3706,2220
10:27:40.151,s18_8_4_2_b64_mb2,29575,16350,7299,3706,2220
10:27:40.653,s18_8_4_2_b64_mb2,29575,16350,7299,3706,2220
10:27:41.155,s18_8_4_2_b64_mb2,31075,17810,7299,3706,2220
10:27:41.656,s18_8_4_2_b64_mb2,33795,20170,7739,3706,2220
10:27:42.158,s18_8_4_2_b64_mb2,35675,20170,8979,4246,2220
10:27:42.660,s18_8_4_2_b64_mb2,36335,20190,8979,4546,2620
10:27:43.162,s18_8_4_2_b64_mb2,36355,20190,8999,4546,2620
10:27:43.663,s18_8_4_2_b64_mb2,36375,20190,8999,4566,2620
10:27:44.165,s18_8_4_2_b64_mb2,36395,20190,8999,4566,2640
10:27:44.667,s18_8_4_2_b64_mb2,36395,20190,8999,4566,2640
10:27:45.169,s18_8_4_2_b64_mb2,36395,20190,8999,4566,2640
10:27:45.671,s18_8_4_2_b64_mb2,36395,20190,8999,4566,2640
10:27:46.172,s18_8_4_2_b64_mb2,36395,20190,8999,4566,2640
10:27:46.674,s18_8_4_2_b64_mb2,36395,20190,8999,4566,2640
10:27:47.176,s18_8_4_2_b64_mb2,36395,20190,8999,4566,2640
10:27:47.677,s18_8_4_2_b64_mb2,36395,20190,8999,4566,2640
10:27:48.179,s18_8_4_2_b64_mb2,36395,20190,8999,4566,2640
10:27:48.681,s18_8_4_2_b64_mb2,36395,20190,8999,4566,2640
10:27:49.182,s18_8_4_2_b64_mb2,36395,20190,8999,4566,2640
10:27:49.684,s18_8_4_2_b64_mb2,36395,20190,8999,4566,2640
10:27:50.186,s18_8_4_2_b64_mb2,36395,20190,8999,4566,2640
10:27:50.688,s18_8_4_2_b64_mb2,36395,20190,8999,4566,2640
10:27:51.189,s18_8_4_2_b64_mb2,36395,20190,8999,4566,2640
10:27:51.691,s18_8_4_2_b64_mb2,36395,20190,8999,4566,2640
10:27:52.193,s18_8_4_2_b64_mb2,36395,20190,8999,4566,2640
10:27:52.694,s18_8_4_2_b64_mb2,36395,20190,8999,4566,2640
10:27:53.196,s18_8_4_2_b64_mb2,36395,20190,8999,4566,2640
10:27:53.698,s18_8_4_2_b64_mb2,36395,20190,8999,4566,2640
10:27:54.199,s18_8_4_2_b64_mb2,36395,20190,8999,4566,2640
10:27:54.701,s18_8_4_2_b64_mb2,36395,20190,8999,4566,2640
10:27:55.203,s18_8_4_2_b64_mb2,36395,20190,8999,4566,2640
10:27:55.705,s18_8_4_2_b64_mb2,36395,20190,8999,4566,2640
10:27:56.206,s18_8_4_2_b64_mb2,36395,20190,8999,4566,2640
10:27:56.708,s18_8_4_2_b64_mb2,36395,20190,8999,4566,2640
10:27:57.210,s18_8_4_2_b64_mb2,36395,20190,8999,4566,2640
10:27:57.711,s18_8_4_2_b64_mb2,36395,20190,8999,4566,2640
10:27:58.213,s18_8_4_2_b64_mb2,36395,20190,8999,4566,2640
10:27:58.715,s18_8_4_2_b64_mb2,36395,20190,8999,4566,2640
10:27:59.217,s18_8_4_2_b64_mb2,36395,20190,8999,4566,2640
10:27:59.718,s18_8_4_2_b64_mb2,36395,20190,8999,4566,2640
10:28:00.220,s18_8_4_2_b64_mb2,36395,20190,8999,4566,2640
10:28:00.722,s18_8_4_2_b64_mb2,36395,20190,8999,4566,2640
10:28:01.223,s18_8_4_2_b64_mb2,36395,20190,8999,4566,2640
10:28:01.725,s18_8_4_2_b64_mb2,36395,20190,8999,4566,2640
10:28:02.227,s18_8_4_2_b64_mb2,36395,20190,8999,4566,2640
10:28:02.728,s18_8_4_2_b64_mb2,36395,20190,8999,4566,2640
10:28:03.230,s18_8_4_2_b64_mb2,36395,20190,8999,4566,2640
10:28:03.732,s18_8_4_2_b64_mb2,36395,20190,8999,4566,2640
10:28:04.233,s18_8_4_2_b64_mb2,36395,20190,8999,4566,2640
10:28:04.735,s18_8_4_2_b64_mb2,36395,20190,8999,4566,2640
10:28:05.237,s18_8_4_2_b64_mb2,36395,20190,8999,4566,2640
10:28:05.739,s18_8_4_2_b64_mb2,36395,20190,8999,4566,2640
10:28:06.240,s18_8_4_2_b64_mb2,36395,20190,8999,4566,2640
10:28:06.742,s18_8_4_2_b64_mb2,36395,20190,8999,4566,2640
10:28:07.244,s18_8_4_2_b64_mb2,36395,20190,8999,4566,2640
10:28:07.745,s18_8_4_2_b64_mb2,36395,20190,8999,4566,2640
10:28:08.247,s18_8_4_2_b64_mb2,36395,20190,8999,4566,2640
10:28:08.749,s18_8_4_2_b64_mb2,36395,20190,8999,4566,2640
10:28:09.250,s18_8_4_2_b64_mb2,36395,20190,8999,4566,2640
10:28:09.752,s18_8_4_2_b64_mb2,36395,20190,8999,4566,2640
10:28:10.254,s18_8_4_2_b64_mb2,36395,20190,8999,4566,2640
10:28:10.755,s18_8_4_2_b64_mb2,36395,20190,8999,4566,2640
10:28:11.257,s18_8_4_2_b64_mb2,36395,20190,8999,4566,2640
10:28:11.759,s18_8_4_2_b64_mb2,36395,20190,8999,4566,2640
10:28:12.260,s18_8_4_2_b64_mb2,36395,20190,8999,4566,2640
10:28:12.762,s18_8_4_2_b64_mb2,36395,20190,8999,4566,2640
10:28:13.264,s18_8_4_2_b64_mb2,36395,20190,8999,4566,2640
10:28:13.765,s18_8_4_2_b64_mb2,36395,20190,8999,4566,2640
10:28:14.267,s18_8_4_2_b64_mb2,36395,20190,8999,4566,2640
10:28:14.769,s18_8_4_2_b64_mb2,36395,20190,8999,4566,2640
10:28:15.271,s18_8_4_2_b64_mb2,36395,20190,8999,4566,2640
10:28:15.772,s18_8_4_2_b64_mb2,36395,20190,8999,4566,2640
10:28:16.274,s18_8_4_2_b64_mb2,36395,20190,8999,4566,2640
10:28:16.776,s18_8_4_2_b64_mb2,36395,20190,8999,4566,2640
10:28:17.277,s18_8_4_2_b64_mb2,36395,20190,8999,4566,2640
10:28:17.779,s18_8_4_2_b64_mb2,36395,20190,8999,4566,2640
10:28:18.281,s18_8_4_2_b64_mb2,36395,20190,8999,4566,2640
10:28:18.782,s18_8_4_2_b64_mb2,36395,20190,8999,4566,2640
10:28:19.284,s18_8_4_2_b64_mb2,36395,20190,8999,4566,2640
10:28:19.786,s18_8_4_2_b64_mb2,36395,20190,8999,4566,2640
10:28:20.287,s18_8_4_2_b64_mb2,36395,20190,8999,4566,2640
10:28:20.789,s18_8_4_2_b64_mb2,36395,20190,8999,4566,2640
10:28:21.291,s18_8_4_2_b64_mb2,36395,20190,8999,4566,2640
10:28:21.792,s18_8_4_2_b64_mb2,36395,20190,8999,4566,2640
10:28:22.294,s18_8_4_2_b64_mb2,36395,20190,8999,4566,2640
10:28:22.796,s18_8_4_2_b64_mb2,36395,20190,8999,4566,2640
10:28:23.297,s18_8_4_2_b64_mb2,36395,20190,8999,4566,2640
10:28:23.799,s18_8_4_2_b64_mb2,36395,20190,8999,4566,2640
10:28:24.301,s18_8_4_2_b64_mb2,36395,20190,8999,4566,2640
10:28:24.803,s18_8_4_2_b64_mb2,36395,20190,8999,4566,2640
10:28:25.304,s18_8_4_2_b64_mb2,36395,20190,8999,4566,2640
10:28:25.806,s18_8_4_2_b64_mb2,36395,20190,8999,4566,2640
10:28:26.308,s18_8_4_2_b64_mb2,36395,20190,8999,4566,2640
10:28:26.809,s18_8_4_2_b64_mb2,36395,20190,8999,4566,2640
10:28:27.311,s18_8_4_2_b64_mb2,36395,20190,8999,4566,2640
10:28:27.813,s18_8_4_2_b64_mb2,36395,20190,8999,4566,2640
10:28:28.314,s18_8_4_2_b64_mb2,36395,20190,8999,4566,2640
10:28:28.816,s18_8_4_2_b64_mb2,36395,20190,8999,4566,2640
10:28:29.318,s18_8_4_2_b64_mb2,36395,20190,8999,4566,2640
10:28:29.820,s18_8_4_2_b64_mb2,36395,20190,8999,4566,2640
10:28:30.321,s18_8_4_2_b64_mb2,36395,20190,8999,4566,2640
10:28:30.823,s18_8_4_2_b64_mb2,36395,20190,8999,4566,2640
10:28:31.325,s18_8_4_2_b64_mb2,36395,20190,8999,4566,2640
10:28:31.826,s18_8_4_2_b64_mb2,36395,20190,8999,4566,2640
10:28:32.328,s18_8_4_2_b64_mb2,36395,20190,8999,4566,2640
10:28:32.830,s18_8_4_2_b64_mb2,36395,20190,8999,4566,2640
10:28:33.332,s18_8_4_2_b64_mb2,36395,20190,8999,4566,2640
10:28:33.833,s18_8_4_2_b64_mb2,36395,20190,8999,4566,2640
10:28:34.335,s18_8_4_2_b64_mb2,36395,20190,8999,4566,2640
10:28:34.837,s18_8_4_2_b64_mb2,36395,20190,8999,4566,2640
10:28:35.339,s18_8_4_2_b64_mb2,36395,20190,8999,4566,2640
10:28:35.840,s18_8_4_2_b64_mb2,36395,20190,8999,4566,2640
10:28:36.342,s18_8_4_2_b64_mb2,36395,20190,8999,4566,2640
10:28:36.844,s18_8_4_2_b64_mb2,36395,20190,8999,4566,2640
10:28:37.345,s18_8_4_2_b64_mb2,36395,20190,8999,4566,2640
10:28:37.847,s18_8_4_2_b64_mb2,36395,20190,8999,4566,2640
10:28:38.349,s18_8_4_2_b64_mb2,36395,20190,8999,4566,2640
10:28:38.851,s18_8_4_2_b64_mb2,36395,20190,8999,4566,2640
10:28:39.352,s18_8_4_2_b64_mb2,36395,20190,8999,4566,2640
10:28:39.854,s18_8_4_2_b64_mb2,36395,20190,8999,4566,2640
10:28:40.356,s18_8_4_2_b64_mb2,36395,20190,8999,4566,2640
10:28:40.857,s18_8_4_2_b64_mb2,36395,20190,8999,4566,2640
10:28:41.359,s18_8_4_2_b64_mb2,36395,20190,8999,4566,2640
10:28:41.861,s18_8_4_2_b64_mb2,36395,20190,8999,4566,2640
10:28:42.363,s18_8_4_2_b64_mb2,36395,20190,8999,4566,2640
10:28:42.864,s18_8_4_2_b64_mb2,36395,20190,8999,4566,2640
10:28:43.366,s18_8_4_2_b64_mb2,36395,20190,8999,4566,2640
10:28:43.868,s18_8_4_2_b64_mb2,36395,20190,8999,4566,2640
10:28:44.369,s18_8_4_2_b64_mb2,36395,20190,8999,4566,2640
10:28:44.871,s18_8_4_2_b64_mb2,36395,20190,8999,4566,2640
10:28:45.373,s18_8_4_2_b64_mb2,36395,20190,8999,4566,2640
10:28:45.875,s18_8_4_2_b64_mb2,36395,20190,8999,4566,2640
10:28:46.376,s18_8_4_2_b64_mb2,36395,20190,8999,4566,2640
10:28:46.878,s18_8_4_2_b64_mb2,36395,20190,8999,4566,2640
10:28:47.380,s18_8_4_2_b64_mb2,36395,20190,8999,4566,2640
10:28:47.881,s18_8_4_2_b64_mb2,36395,20190,8999,4566,2640
10:28:48.383,s18_8_4_2_b64_mb2,36395,20190,8999,4566,2640
10:28:48.885,s18_8_4_2_b64_mb2,36395,20190,8999,4566,2640
10:28:49.387,s18_8_4_2_b64_mb2,36395,20190,8999,4566,2640
10:28:49.889,s18_8_4_2_b64_mb2,36395,20190,8999,4566,2640
10:28:50.390,s18_8_4_2_b64_mb2,36395,20190,8999,4566,2640
10:28:50.892,s18_8_4_2_b64_mb2,36395,20190,8999,4566,2640
10:28:51.394,s18_8_4_2_b64_mb2,36395,20190,8999,4566,2640
10:28:51.895,s18_8_4_2_b64_mb2,36395,20190,8999,4566,2640
10:28:52.397,s18_8_4_2_b64_mb2,36395,20190,8999,4566,2640
10:28:52.899,s18_8_4_2_b64_mb2,36395,20190,8999,4566,2640
10:28:53.401,s18_8_4_2_b64_mb2,36395,20190,8999,4566,2640
10:28:53.902,s18_8_4_2_b64_mb2,36395,20190,8999,4566,2640
10:28:54.404,s18_8_4_2_b64_mb2,36395,20190,8999,4566,2640
10:28:54.906,s18_8_4_2_b64_mb2,36395,20190,8999,4566,2640
10:28:55.408,s18_8_4_2_b64_mb2,36395,20190,8999,4566,2640
10:28:55.909,s18_8_4_2_b64_mb2,36395,20190,8999,4566,2640
10:28:56.411,s18_8_4_2_b64_mb2,36395,20190,8999,4566,2640
10:28:56.913,s18_8_4_2_b64_mb2,36395,20190,8999,4566,2640
10:28:57.415,s18_8_4_2_b64_mb2,36395,20190,8999,4566,2640
10:28:57.916,s18_8_4_2_b64_mb2,36395,20190,8999,4566,2640
10:28:58.418,s18_8_4_2_b64_mb2,36395,20190,8999,4566,2640
10:28:58.920,s18_8_4_2_b64_mb2,36395,20190,8999,4566,2640
10:28:59.422,s18_8_4_2_b64_mb2,36395,20190,8999,4566,2640
10:28:59.923,s18_8_4_2_b64_mb2,36395,20190,8999,4566,2640
10:29:00.425,s18_8_4_2_b64_mb2,36395,20190,8999,4566,2640
10:29:00.927,s18_8_4_2_b64_mb2,36395,20190,8999,4566,2640
10:29:01.429,s18_8_4_2_b64_mb2,36395,20190,8999,4566,2640
10:29:01.930,s18_8_4_2_b64_mb2,36395,20190,8999,4566,2640
10:29:02.432,s18_8_4_2_b64_mb2,36395,20190,8999,4566,2640
10:29:02.934,s18_8_4_2_b64_mb2,36395,20190,8999,4566,2640
10:29:03.436,s18_8_4_2_b64_mb2,36395,20190,8999,4566,2640
10:29:03.937,s18_8_4_2_b64_mb2,36395,20190,8999,4566,2640
10:29:04.439,s18_8_4_2_b64_mb2,36395,20190,8999,4566,2640
10:29:04.941,s18_8_4_2_b64_mb2,36395,20190,8999,4566,2640
10:29:05.443,s18_8_4_2_b64_mb2,36395,20190,8999,4566,2640
10:29:05.944,s18_8_4_2_b64_mb2,36395,20190,8999,4566,2640
10:29:06.446,s18_8_4_2_b64_mb2,36395,20190,8999,4566,2640
10:29:06.948,s18_8_4_2_b64_mb2,36395,20190,8999,4566,2640
10:29:07.449,s18_8_4_2_b64_mb2,36395,20190,8999,4566,2640
10:29:07.951,s18_8_4_2_b64_mb2,36395,20190,8999,4566,2640
10:29:08.453,s18_8_4_2_b64_mb2,36395,20190,8999,4566,2640
10:29:08.955,s18_8_4_2_b64_mb2,36395,20190,8999,4566,2640
10:29:09.456,s18_8_4_2_b64_mb2,36395,20190,8999,4566,2640
10:29:09.958,s18_8_4_2_b64_mb2,36395,20190,8999,4566,2640
10:29:10.460,s18_8_4_2_b64_mb2,36395,20190,8999,4566,2640
10:29:10.961,s18_8_4_2_b64_mb2,36395,20190,8999,4566,2640
10:29:11.463,s18_8_4_2_b64_mb2,36395,20190,8999,4566,2640
10:29:11.965,s18_8_4_2_b64_mb2,36395,20190,8999,4566,2640
10:29:12.467,s18_8_4_2_b64_mb2,36395,20190,8999,4566,2640
10:29:12.968,s18_8_4_2_b64_mb2,36395,20190,8999,4566,2640
10:29:13.470,s18_8_4_2_b64_mb2,36395,20190,8999,4566,2640
10:29:13.972,s18_8_4_2_b64_mb2,36395,20190,8999,4566,2640
10:29:14.474,s18_8_4_2_b64_mb2,36395,20190,8999,4566,2640
10:29:14.975,s18_8_4_2_b64_mb2,36395,20190,8999,4566,2640
10:29:15.477,s18_8_4_2_b64_mb2,36395,20190,8999,4566,2640
10:29:15.979,s18_8_4_2_b64_mb2,36395,20190,8999,4566,2640
10:29:16.480,s18_8_4_2_b64_mb2,36395,20190,8999,4566,2640
10:29:16.982,s18_8_4_2_b64_mb2,36395,20190,8999,4566,2640
10:29:17.484,s18_8_4_2_b64_mb2,36395,20190,8999,4566,2640
10:29:17.986,s18_8_4_2_b64_mb2,36395,20190,8999,4566,2640
10:29:18.487,s18_8_4_2_b64_mb2,36395,20190,8999,4566,2640
10:29:18.989,s18_8_4_2_b64_mb2,36395,20190,8999,4566,2640
10:29:19.491,s18_8_4_2_b64_mb2,36395,20190,8999,4566,2640
10:29:19.992,s18_8_4_2_b64_mb2,36395,20190,8999,4566,2640
10:29:20.494,s18_8_4_2_b64_mb2,36395,20190,8999,4566,2640
10:29:20.996,s18_8_4_2_b64_mb2,36395,20190,8999,4566,2640
10:29:21.498,s18_8_4_2_b64_mb2,36395,20190,8999,4566,2640
10:29:21.999,s18_8_4_2_b64_mb2,36395,20190,8999,4566,2640
10:29:22.501,s18_8_4_2_b64_mb2,36395,20190,8999,4566,2640
10:29:23.003,s18_8_4_2_b64_mb2,36395,20190,8999,4566,2640
10:29:23.505,s18_8_4_2_b64_mb2,36395,20190,8999,4566,2640
10:29:24.007,s18_8_4_2_b64_mb2,36395,20190,8999,4566,2640
10:29:24.508,s18_8_4_2_b64_mb2,36395,20190,8999,4566,2640
10:29:25.010,s18_8_4_2_b64_mb2,36395,20190,8999,4566,2640
10:29:25.512,s18_8_4_2_b64_mb2,36395,20190,8999,4566,2640
10:29:26.014,s18_8_4_2_b64_mb2,36395,20190,8999,4566,2640
10:29:26.515,s18_8_4_2_b64_mb2,36395,20190,8999,4566,2640
10:29:27.017,s18_8_4_2_b64_mb2,36395,20190,8999,4566,2640
10:29:27.519,s18_8_4_2_b64_mb2,36395,20190,8999,4566,2640
10:29:28.021,s18_8_4_2_b64_mb2,36395,20190,8999,4566,2640
10:29:28.522,s18_8_4_2_b64_mb2,36395,20190,8999,4566,2640
10:29:29.024,s18_8_4_2_b64_mb2,36395,20190,8999,4566,2640
10:29:29.526,s18_8_4_2_b64_mb2,36395,20190,8999,4566,2640
10:29:30.027,s18_8_4_2_b64_mb2,36395,20190,8999,4566,2640
10:29:30.529,s18_8_4_2_b64_mb2,36395,20190,8999,4566,2640
10:29:31.031,s18_8_4_2_b64_mb2,36395,20190,8999,4566,2640
10:29:31.533,s18_8_4_2_b64_mb2,36395,20190,8999,4566,2640
10:29:32.034,s18_8_4_2_b64_mb2,36395,20190,8999,4566,2640
10:29:32.536,s18_8_4_2_b64_mb2,36395,20190,8999,4566,2640
10:29:33.038,s18_8_4_2_b64_mb2,36395,20190,8999,4566,2640
10:29:33.540,s18_8_4_2_b64_mb2,36395,20190,8999,4566,2640
10:29:34.041,s18_8_4_2_b64_mb2,36395,20190,8999,4566,2640
10:29:34.543,s18_8_4_2_b64_mb2,36395,20190,8999,4566,2640
10:29:35.045,s18_8_4_2_b64_mb2,36395,20190,8999,4566,2640
10:29:35.546,s18_8_4_2_b64_mb2,36395,20190,8999,4566,2640
10:29:36.048,s18_8_4_2_b64_mb2,36395,20190,8999,4566,2640
10:29:36.550,s18_8_4_2_b64_mb2,36395,20190,8999,4566,2640
10:29:37.052,s18_8_4_2_b64_mb2,36395,20190,8999,4566,2640
10:29:37.553,s18_8_4_2_b64_mb2,36395,20190,8999,4566,2640
10:29:38.055,s18_8_4_2_b64_mb2,36395,20190,8999,4566,2640
10:29:38.557,s18_8_4_2_b64_mb2,36395,20190,8999,4566,2640
10:29:39.058,s18_8_4_2_b64_mb2,36395,20190,8999,4566,2640
10:29:39.560,s18_8_4_2_b64_mb2,36395,20190,8999,4566,2640
10:29:40.062,s18_8_4_2_b64_mb2,36395,20190,8999,4566,2640
10:29:40.563,s18_8_4_2_b64_mb2,36395,20190,8999,4566,2640
10:29:41.065,s18_8_4_2_b64_mb2,36395,20190,8999,4566,2640
10:29:41.567,s18_8_4_2_b64_mb2,36395,20190,8999,4566,2640
10:29:42.069,s18_8_4_2_b64_mb2,36395,20190,8999,4566,2640
10:29:42.570,s18_8_4_2_b64_mb2,36395,20190,8999,4566,2640
10:29:43.072,s18_8_4_2_b64_mb2,36395,20190,8999,4566,2640
10:29:43.574,s18_8_4_2_b64_mb2,36395,20190,8999,4566,2640
10:29:44.075,s18_8_4_2_b64_mb2,36395,20190,8999,4566,2640
10:29:44.577,s18_8_4_2_b64_mb2,36395,20190,8999,4566,2640
10:29:45.079,s18_8_4_2_b64_mb2,36395,20190,8999,4566,2640
10:29:45.581,s18_8_4_2_b64_mb2,36395,20190,8999,4566,2640
10:29:46.083,s18_8_4_2_b64_mb2,36395,20190,8999,4566,2640
10:29:46.584,s18_8_4_2_b64_mb2,36395,20190,8999,4566,2640
10:29:47.086,s18_8_4_2_b64_mb2,36395,20190,8999,4566,2640
10:29:47.588,s18_8_4_2_b64_mb2,36395,20190,8999,4566,2640
10:29:48.089,s18_8_4_2_b64_mb2,36395,20190,8999,4566,2640
10:29:48.591,s18_8_4_2_b64_mb2,36395,20190,8999,4566,2640
10:29:49.093,s18_8_4_2_b64_mb2,36395,20190,8999,4566,2640
10:29:49.594,s18_8_4_2_b64_mb2,36395,20190,8999,4566,2640
10:29:50.096,s18_8_4_2_b64_mb2,36395,20190,8999,4566,2640
10:29:50.598,s18_8_4_2_b64_mb2,36395,20190,8999,4566,2640
10:29:51.099,s18_8_4_2_b64_mb2,36395,20190,8999,4566,2640
10:29:51.601,s18_8_4_2_b64_mb2,36395,20190,8999,4566,2640
10:29:52.103,s18_8_4_2_b64_mb2,36395,20190,8999,4566,2640
10:29:52.605,s18_8_4_2_b64_mb2,36395,20190,8999,4566,2640
10:29:53.106,s18_8_4_2_b64_mb2,36395,20190,8999,4566,2640
10:29:53.608,s18_8_4_2_b64_mb2,36395,20190,8999,4566,2640
10:29:54.110,s18_8_4_2_b64_mb2,36395,20190,8999,4566,2640
10:29:54.612,s18_8_4_2_b64_mb2,36395,20190,8999,4566,2640
10:29:55.113,s18_8_4_2_b64_mb2,36395,20190,8999,4566,2640
10:29:55.615,s18_8_4_2_b64_mb2,36395,20190,8999,4566,2640
10:29:56.117,s18_8_4_2_b64_mb2,36395,20190,8999,4566,2640
10:29:56.619,s18_8_4_2_b64_mb2,36395,20190,8999,4566,2640
10:29:57.120,s18_8_4_2_b64_mb2,36395,20190,8999,4566,2640
10:29:57.622,s18_8_4_2_b64_mb2,36395,20190,8999,4566,2640
10:29:58.124,s18_8_4_2_b64_mb2,36395,20190,8999,4566,2640
10:29:58.626,s18_8_4_2_b64_mb2,36395,20190,8999,4566,2640
10:29:59.127,s18_8_4_2_b64_mb2,36395,20190,8999,4566,2640
10:29:59.630,s18_8_4_2_b64_mb2,36395,20190,8999,4566,2640
10:30:00.131,s18_8_4_2_b64_mb2,36395,20190,8999,4566,2640
10:30:00.633,s18_8_4_2_b64_mb2,36395,20190,8999,4566,2640
10:30:01.135,s18_8_4_2_b64_mb2,36395,20190,8999,4566,2640
10:30:01.636,s18_8_4_2_b64_mb2,36395,20190,8999,4566,2640
10:30:02.138,s18_8_4_2_b64_mb2,36395,20190,8999,4566,2640
10:30:02.640,s18_8_4_2_b64_mb2,36395,20190,8999,4566,2640
10:30:03.142,s18_8_4_2_b64_mb2,36395,20190,8999,4566,2640
10:30:03.644,s18_8_4_2_b64_mb2,36395,20190,8999,4566,2640
10:30:04.145,s18_8_4_2_b64_mb2,36395,20190,8999,4566,2640
10:30:04.647,s18_8_4_2_b64_mb2,36395,20190,8999,4566,2640
10:30:05.149,s18_8_4_2_b64_mb2,36395,20190,8999,4566,2640
10:30:05.650,s18_8_4_2_b64_mb2,36395,20190,8999,4566,2640
10:30:06.152,s18_8_4_2_b64_mb2,36395,20190,8999,4566,2640
10:30:06.654,s18_8_4_2_b64_mb2,36395,20190,8999,4566,2640
10:30:07.156,s18_8_4_2_b64_mb2,36395,20190,8999,4566,2640
10:30:07.658,s18_8_4_2_b64_mb2,36395,20190,8999,4566,2640
10:30:08.159,s18_8_4_2_b64_mb2,36395,20190,8999,4566,2640
10:30:08.661,s18_8_4_2_b64_mb2,36395,20190,8999,4566,2640
10:30:09.163,s18_8_4_2_b64_mb2,36395,20190,8999,4566,2640
10:30:09.665,s18_8_4_2_b64_mb2,36395,20190,8999,4566,2640
10:30:10.167,s18_8_4_2_b64_mb2,36395,20190,8999,4566,2640
10:30:10.668,s18_8_4_2_b64_mb2,36395,20190,8999,4566,2640
10:30:11.170,s18_8_4_2_b64_mb2,36395,20190,8999,4566,2640
10:30:11.672,s18_8_4_2_b64_mb2,36395,20190,8999,4566,2640
10:30:12.173,s18_8_4_2_b64_mb2,36395,20190,8999,4566,2640
10:30:12.675,s18_8_4_2_b64_mb2,36395,20190,8999,4566,2640
10:30:13.177,s18_8_4_2_b64_mb2,36395,20190,8999,4566,2640
10:30:13.679,s18_8_4_2_b64_mb2,36395,20190,8999,4566,2640
10:30:14.180,s18_8_4_2_b64_mb2,36395,20190,8999,4566,2640
10:30:14.682,s18_8_4_2_b64_mb2,36395,20190,8999,4566,2640
10:30:15.184,s18_8_4_2_b64_mb2,36395,20190,8999,4566,2640
10:30:15.686,s18_8_4_2_b64_mb2,36395,20190,8999,4566,2640
10:30:16.188,s18_8_4_2_b64_mb2,36395,20190,8999,4566,2640
10:30:16.689,s18_8_4_2_b64_mb2,36395,20190,8999,4566,2640
10:30:17.191,s18_8_4_2_b64_mb2,36395,20190,8999,4566,2640
10:30:17.693,s18_8_4_2_b64_mb2,36395,20190,8999,4566,2640
10:30:18.194,s18_8_4_2_b64_mb2,36395,20190,8999,4566,2640
10:30:18.696,s18_8_4_2_b64_mb2,36395,20190,8999,4566,2640
10:30:19.198,s18_8_4_2_b64_mb2,36395,20190,8999,4566,2640
10:30:19.699,s18_8_4_2_b64_mb2,36395,20190,8999,4566,2640
10:30:20.201,s18_8_4_2_b64_mb2,36395,20190,8999,4566,2640
10:30:20.703,s18_8_4_2_b64_mb2,36395,20190,8999,4566,2640
10:30:21.204,s18_8_4_2_b64_mb2,36395,20190,8999,4566,2640
10:30:21.706,s18_8_4_2_b64_mb2,36395,20190,8999,4566,2640
10:30:22.208,s18_8_4_2_b64_mb2,36395,20190,8999,4566,2640
10:30:22.709,s18_8_4_2_b64_mb2,36395,20190,8999,4566,2640
10:30:23.211,s18_8_4_2_b64_mb2,36395,20190,8999,4566,2640
10:30:23.713,s18_8_4_2_b64_mb2,36395,20190,8999,4566,2640
10:30:24.214,s18_8_4_2_b64_mb2,36395,20190,8999,4566,2640
10:30:24.716,s18_8_4_2_b64_mb2,36395,20190,8999,4566,2640
10:30:25.218,s18_8_4_2_b64_mb2,36395,20190,8999,4566,2640
10:30:25.719,s18_8_4_2_b64_mb2,36395,20190,8999,4566,2640
10:30:26.221,s18_8_4_2_b64_mb2,36395,20190,8999,4566,2640
10:30:26.723,s18_8_4_2_b64_mb2,36395,20190,8999,4566,2640
10:30:27.224,s18_8_4_2_b64_mb2,36395,20190,8999,4566,2640
10:30:27.726,s18_8_4_2_b64_mb2,36395,20190,8999,4566,2640
10:30:28.228,s18_8_4_2_b64_mb2,36395,20190,8999,4566,2640
10:30:28.730,s18_8_4_2_b64_mb2,36395,20190,8999,4566,2640
10:30:29.231,s18_8_4_2_b64_mb2,36395,20190,8999,4566,2640
10:30:29.733,s18_8_4_2_b64_mb2,36395,20190,8999,4566,2640
10:30:30.235,s18_8_4_2_b64_mb2,36395,20190,8999,4566,2640
10:30:30.736,s18_8_4_2_b64_mb2,36395,20190,8999,4566,2640
10:30:31.238,s18_8_4_2_b64_mb2,36395,20190,8999,4566,2640
10:30:31.740,s18_8_4_2_b64_mb2,36395,20190,8999,4566,2640
10:30:32.242,s18_8_4_2_b64_mb2,36395,20190,8999,4566,2640
10:30:32.743,s18_8_4_2_b64_mb2,36395,20190,8999,4566,2640
10:30:33.245,s18_8_4_2_b64_mb2,36395,20190,8999,4566,2640
10:30:33.747,s18_8_4_2_b64_mb2,36395,20190,8999,4566,2640
10:30:34.248,s18_8_4_2_b64_mb2,36395,20190,8999,4566,2640
10:30:34.750,s18_8_4_2_b64_mb2,36395,20190,8999,4566,2640
10:30:35.252,s18_8_4_2_b64_mb2,36395,20190,8999,4566,2640
10:30:35.753,s18_8_4_2_b64_mb2,36395,20190,8999,4566,2640
10:30:36.255,s18_8_4_2_b64_mb2,36395,20190,8999,4566,2640
10:30:36.757,s18_8_4_2_b64_mb2,36395,20190,8999,4566,2640
10:30:37.258,s18_8_4_2_b64_mb2,36395,20190,8999,4566,2640
10:30:37.760,s18_8_4_2_b64_mb2,36395,20190,8999,4566,2640
10:30:38.262,s18_8_4_2_b64_mb2,36395,20190,8999,4566,2640
10:30:38.763,s18_8_4_2_b64_mb2,36395,20190,8999,4566,2640
10:30:39.265,s18_8_4_2_b64_mb2,36395,20190,8999,4566,2640
10:30:39.767,s18_8_4_2_b64_mb2,36395,20190,8999,4566,2640
10:30:40.268,s18_8_4_2_b64_mb2,36395,20190,8999,4566,2640
10:30:40.770,s18_8_4_2_b64_mb2,36395,20190,8999,4566,2640
10:30:41.272,s18_8_4_2_b64_mb2,36395,20190,8999,4566,2640
10:30:41.774,s18_8_4_2_b64_mb2,36395,20190,8999,4566,2640
10:30:42.275,s18_8_4_2_b64_mb2,36395,20190,8999,4566,2640
10:30:42.777,s18_8_4_2_b64_mb2,36395,20190,8999,4566,2640
10:30:43.279,s18_8_4_2_b64_mb2,36395,20190,8999,4566,2640
10:30:43.780,s18_8_4_2_b64_mb2,36395,20190,8999,4566,2640
10:30:44.282,s18_8_4_2_b64_mb2,36395,20190,8999,4566,2640
10:30:44.784,s18_8_4_2_b64_mb2,36395,20190,8999,4566,2640
10:30:45.286,s18_8_4_2_b64_mb2,36395,20190,8999,4566,2640
10:30:45.787,s18_8_4_2_b64_mb2,36395,20190,8999,4566,2640
10:30:46.289,s18_8_4_2_b64_mb2,36395,20190,8999,4566,2640
10:30:46.791,s18_8_4_2_b64_mb2,36395,20190,8999,4566,2640
10:30:47.292,s18_8_4_2_b64_mb2,36395,20190,8999,4566,2640
10:30:47.794,s18_8_4_2_b64_mb2,36395,20190,8999,4566,2640
10:30:48.296,s18_8_4_2_b64_mb2,36395,20190,8999,4566,2640
10:30:48.798,s18_8_4_2_b64_mb2,36395,20190,8999,4566,2640
10:30:49.299,s18_8_4_2_b64_mb2,36395,20190,8999,4566,2640
10:30:49.801,s18_8_4_2_b64_mb2,36395,20190,8999,4566,2640
10:30:50.303,s18_8_4_2_b64_mb2,36395,20190,8999,4566,2640
10:30:50.804,s18_8_4_2_b64_mb2,36395,20190,8999,4566,2640
10:30:51.306,s18_8_4_2_b64_mb2,36395,20190,8999,4566,2640
10:30:51.808,s18_8_4_2_b64_mb2,36395,20190,8999,4566,2640
10:30:52.309,s18_8_4_2_b64_mb2,36395,20190,8999,4566,2640
10:30:52.811,s18_8_4_2_b64_mb2,36395,20190,8999,4566,2640
10:30:53.313,s18_8_4_2_b64_mb2,36395,20190,8999,4566,2640
10:30:53.815,s18_8_4_2_b64_mb2,36395,20190,8999,4566,2640
10:30:54.316,s18_8_4_2_b64_mb2,36395,20190,8999,4566,2640
10:30:54.818,s18_8_4_2_b64_mb2,36395,20190,8999,4566,2640
10:30:55.320,s18_8_4_2_b64_mb2,36395,20190,8999,4566,2640
10:30:55.821,s18_8_4_2_b64_mb2,36395,20190,8999,4566,2640
10:30:56.323,s18_8_4_2_b64_mb2,36395,20190,8999,4566,2640
10:30:56.825,s18_8_4_2_b64_mb2,36395,20190,8999,4566,2640
10:30:57.326,s18_8_4_2_b64_mb2,36395,20190,8999,4566,2640
10:30:57.828,s18_8_4_2_b64_mb2,36395,20190,8999,4566,2640
10:30:58.330,s18_8_4_2_b64_mb2,36395,20190,8999,4566,2640
10:30:58.831,s18_8_4_2_b64_mb2,36395,20190,8999,4566,2640
10:30:59.333,s18_8_4_2_b64_mb2,36395,20190,8999,4566,2640
10:30:59.835,s18_8_4_2_b64_mb2,36395,20190,8999,4566,2640
10:31:00.336,s18_8_4_2_b64_mb2,36395,20190,8999,4566,2640
10:31:00.838,s18_8_4_2_b64_mb2,36395,20190,8999,4566,2640
10:31:01.340,s18_8_4_2_b64_mb2,36395,20190,8999,4566,2640
10:31:01.841,s18_8_4_2_b64_mb2,36395,20190,8999,4566,2640
10:31:02.343,s18_8_4_2_b64_mb2,36395,20190,8999,4566,2640
10:31:02.845,s18_8_4_2_b64_mb2,36395,20190,8999,4566,2640
10:31:03.346,s18_8_4_2_b64_mb2,36395,20190,8999,4566,2640
10:31:03.848,s18_8_4_2_b64_mb2,36395,20190,8999,4566,2640
10:31:04.350,s18_8_4_2_b64_mb2,36395,20190,8999,4566,2640
10:31:04.851,s18_8_4_2_b64_mb2,36395,20190,8999,4566,2640
10:31:05.353,s18_8_4_2_b64_mb2,36395,20190,8999,4566,2640
10:31:05.855,s18_8_4_2_b64_mb2,36395,20190,8999,4566,2640
10:31:06.356,s18_8_4_2_b64_mb2,36395,20190,8999,4566,2640
10:31:06.858,s18_8_4_2_b64_mb2,36395,20190,8999,4566,2640
10:31:07.360,s18_8_4_2_b64_mb2,36395,20190,8999,4566,2640
10:31:07.861,s18_8_4_2_b64_mb2,36395,20190,8999,4566,2640
10:31:08.363,s18_8_4_2_b64_mb2,36395,20190,8999,4566,2640
10:31:08.865,s18_8_4_2_b64_mb2,36395,20190,8999,4566,2640
10:31:09.366,s18_8_4_2_b64_mb2,36395,20190,8999,4566,2640
10:31:09.868,s18_8_4_2_b64_mb2,36395,20190,8999,4566,2640
10:31:10.370,s18_8_4_2_b64_mb2,36395,20190,8999,4566,2640
10:31:10.871,s18_8_4_2_b64_mb2,36395,20190,8999,4566,2640
10:31:11.373,s18_8_4_2_b64_mb2,36395,20190,8999,4566,2640
10:31:11.875,s18_8_4_2_b64_mb2,36395,20190,8999,4566,2640
10:31:12.377,s18_8_4_2_b64_mb2,36395,20190,8999,4566,2640
10:31:12.878,s18_8_4_2_b64_mb2,36395,20190,8999,4566,2640
10:31:13.380,s18_8_4_2_b64_mb2,36395,20190,8999,4566,2640
10:31:13.882,s18_8_4_2_b64_mb2,36395,20190,8999,4566,2640
10:31:14.384,s18_8_4_2_b64_mb2,36395,20190,8999,4566,2640
10:31:14.886,s18_8_4_2_b64_mb2,36395,20190,8999,4566,2640
10:31:15.387,s18_8_4_2_b64_mb2,36395,20190,8999,4566,2640
10:31:15.889,s18_8_4_2_b64_mb2,36395,20190,8999,4566,2640
10:31:16.391,s18_8_4_2_b64_mb2,36395,20190,8999,4566,2640
10:31:16.893,s18_8_4_2_b64_mb2,36395,20190,8999,4566,2640
10:31:17.394,s18_8_4_2_b64_mb2,36395,20190,8999,4566,2640
10:31:17.896,s18_8_4_2_b64_mb2,36395,20190,8999,4566,2640
10:31:18.398,s18_8_4_2_b64_mb2,36395,20190,8999,4566,2640
10:31:18.900,s18_8_4_2_b64_mb2,36395,20190,8999,4566,2640
10:31:19.401,s18_8_4_2_b64_mb2,36395,20190,8999,4566,2640
10:31:19.903,s18_8_4_2_b64_mb2,36395,20190,8999,4566,2640
10:31:20.405,s18_8_4_2_b64_mb2,36395,20190,8999,4566,2640
10:31:20.907,s18_8_4_2_b64_mb2,36395,20190,8999,4566,2640
10:31:21.408,s18_8_4_2_b64_mb2,36395,20190,8999,4566,2640
10:31:21.910,s18_8_4_2_b64_mb2,36395,20190,8999,4566,2640
10:31:22.412,s18_8_4_2_b64_mb2,36395,20190,8999,4566,2640
10:31:22.914,s18_8_4_2_b64_mb2,36395,20190,8999,4566,2640
10:31:23.416,s18_8_4_2_b64_mb2,36395,20190,8999,4566,2640
10:31:23.918,s18_8_4_2_b64_mb2,36395,20190,8999,4566,2640
10:31:24.420,s18_8_4_2_b64_mb2,36395,20190,8999,4566,2640
10:31:24.921,s18_8_4_2_b64_mb2,36395,20190,8999,4566,2640
10:31:25.423,s18_8_4_2_b64_mb2,36395,20190,8999,4566,2640
10:31:25.925,s18_8_4_2_b64_mb2,36395,20190,8999,4566,2640
10:31:26.427,s18_8_4_2_b64_mb2,36395,20190,8999,4566,2640
10:31:26.928,s18_8_4_2_b64_mb2,36395,20190,8999,4566,2640
10:31:27.430,s18_8_4_2_b64_mb2,36395,20190,8999,4566,2640
10:31:27.932,s18_8_4_2_b64_mb2,36395,20190,8999,4566,2640
10:31:28.434,s18_8_4_2_b64_mb2,33767,20190,8999,4566,12
