split,batch_size,microbatch_size,num_microbatches,max_new_tokens,peak_gi5gb_mb,avg_gi5gb_mb,total_latency_ms,status
"[8, 12, 12]",32,16,2,512,9791,6412,76626.9140625,ok
"[8, 12, 12]",32,8,4,512,9703,6858,119371.8203125,ok
"[8, 12, 12]",32,4,8,512,9485,6966,208772.515625,ok
"[8, 12, 12]",32,2,16,512,4847,3108,,timeout
"[8, 12, 12]",64,32,2,512,9847,6559,,OOM_rank2
"[8, 12, 12]",64,16,4,512,9781,7011,,OOM_rank2
"[8, 12, 12]",64,8,8,512,9833,7327,,OOM_rank1
"[8, 12, 12]",64,4,16,512,4895,3074,,timeout
"[8, 12, 12]",64,2,32,512,4879,3082,,timeout
"[9, 11, 12]",32,16,2,512,9787,6229,75572.8046875,ok
"[9, 11, 12]",32,8,4,512,9547,6447,117951.96875,ok
"[9, 11, 12]",32,4,8,512,9343,6401,206557.578125,ok
"[9, 11, 12]",32,2,16,512,4461,2923,,timeout
"[9, 11, 12]",64,32,2,512,9839,6255,,OOM_rank2
"[9, 11, 12]",64,16,4,512,9839,6634,,OOM_rank2
"[9, 11, 12]",64,8,8,512,9679,6815,,OOM_rank2
"[9, 11, 12]",64,4,16,512,4509,2908,,timeout
"[9, 11, 12]",64,2,32,512,4493,2975,,timeout
"[9, 12, 11]",32,16,2,512,9791,6480,75537.1171875,ok
"[9, 12, 11]",32,8,4,512,9703,6918,117843.40625,ok
"[9, 12, 11]",32,4,8,512,9485,6967,206801.109375,ok
"[9, 12, 11]",32,2,16,512,4847,3073,,timeout
"[9, 12, 11]",64,32,2,512,9847,6657,,OOM_rank1
"[9, 12, 11]",64,16,4,512,9839,7107,,OOM_rank1
"[9, 12, 11]",64,8,8,512,9831,7350,,OOM_rank1
"[9, 12, 11]",64,4,16,512,4895,3066,,timeout
"[9, 12, 11]",64,2,32,512,4879,3079,,timeout
"[10, 10, 12]",32,16,2,512,9809,6000,74448.3984375,ok
"[10, 10, 12]",32,8,4,512,9615,6022,116280.03125,ok
"[10, 10, 12]",32,4,8,512,9081,5983,204580.109375,ok
"[10, 10, 12]",32,2,16,512,4075,2750,,timeout
"[10, 10, 12]",64,32,2,512,9827,6029,,OOM_rank2
"[10, 10, 12]",64,16,4,512,9679,6366,,OOM_rank2
"[10, 10, 12]",64,8,8,512,9775,6635,,OOM_rank2
"[10, 10, 12]",64,4,16,512,4123,2757,,timeout
"[10, 10, 12]",64,2,32,512,4107,2762,,timeout
"[10, 11, 11]",32,16,2,512,9787,6185,74564.328125,ok
"[10, 11, 11]",32,8,4,512,9847,6462,116379.3046875,ok
"[10, 11, 11]",32,4,8,512,9343,6423,204413.484375,ok
"[10, 11, 11]",32,2,16,512,4461,2905,,timeout
"[10, 11, 11]",64,32,2,512,9851,6715,,OOM_rank2
"[10, 11, 11]",64,16,4,512,9841,7106,,OOM_rank2
"[10, 11, 11]",64,8,8,512,9815,7268,,OOM_rank2
"[10, 11, 11]",64,4,16,512,4509,2869,,timeout
"[10, 11, 11]",64,2,32,512,4493,2909,,timeout
"[10, 12, 10]",32,16,2,512,9791,6405,74588.28125,ok
"[10, 12, 10]",32,8,4,512,9783,6882,116484.234375,ok
"[10, 12, 10]",32,4,8,512,9485,6966,204854.109375,ok
"[10, 12, 10]",32,2,16,512,4847,3013,,timeout
"[10, 12, 10]",64,32,2,512,9853,6698,,OOM_rank1
"[10, 12, 10]",64,16,4,512,9817,7079,,OOM_rank1
"[10, 12, 10]",64,8,8,512,9831,7311,,OOM_rank1
"[10, 12, 10]",64,4,16,512,4895,3107,,timeout
"[10, 12, 10]",64,2,32,512,4879,3094,,timeout
"[11, 9, 12]",32,16,2,512,9785,5572,73605.5625,ok
"[11, 9, 12]",32,8,4,512,9793,6018,114555.234375,ok
"[11, 9, 12]",32,4,8,512,9495,5706,202342.984375,ok
"[11, 9, 12]",32,2,16,512,3689,2541,,timeout
"[11, 9, 12]",64,32,2,512,9717,5689,,OOM_rank2
"[11, 9, 12]",64,16,4,512,9821,5966,,OOM_rank2
"[11, 9, 12]",64,8,8,512,9613,6227,,OOM_rank2
"[11, 9, 12]",64,4,16,512,3737,2536,,timeout
"[11, 9, 12]",64,2,32,512,3721,2559,,timeout
"[11, 10, 11]",32,16,2,512,9809,6003,73491.453125,ok
"[11, 10, 11]",32,8,4,512,9463,5993,114872.78125,ok
"[11, 10, 11]",32,4,8,512,9081,5996,202084.859375,ok
"[11, 10, 11]",32,2,16,512,4075,2716,,timeout
"[11, 10, 11]",64,32,2,512,9827,6564,,OOM_rank2
"[11, 10, 11]",64,16,4,512,9679,6765,,OOM_rank2
"[11, 10, 11]",64,8,8,512,9771,7015,,OOM_rank2
"[11, 10, 11]",64,4,16,512,4123,2740,,timeout
"[11, 10, 11]",64,2,32,512,4107,2709,,timeout
"[11, 11, 10]",32,16,2,512,9787,6252,73486.28125,ok
"[11, 11, 10]",32,8,4,512,9433,6450,115718.4375,ok
"[11, 11, 10]",32,4,8,512,9343,6368,204551.421875,ok
"[11, 11, 10]",32,2,16,512,4461,2883,,timeout
"[11, 11, 10]",64,32,2,512,9833,6894,,OOM_rank1
"[11, 11, 10]",64,16,4,512,9849,7256,,OOM_rank1
"[11, 11, 10]",64,8,8,512,9845,7419,,OOM_rank1
"[11, 11, 10]",64,4,16,512,4509,2911,,timeout
"[11, 11, 10]",64,2,32,512,4493,2934,,timeout
"[11, 12, 9]",32,16,2,512,9849,6409,73946.875,ok
"[11, 12, 9]",32,8,4,512,9703,6857,115302.6484375,ok
"[11, 12, 9]",32,4,8,512,9485,6958,202883.0625,ok
"[11, 12, 9]",32,2,16,512,4847,3092,,timeout
"[11, 12, 9]",64,32,2,512,9853,6667,,OOM_rank1
"[11, 12, 9]",64,16,4,512,9825,7084,,OOM_rank1
"[11, 12, 9]",64,8,8,512,9831,7304,,OOM_rank1
"[11, 12, 9]",64,4,16,512,4895,3096,,timeout
"[11, 12, 9]",64,2,32,512,4879,3073,,timeout
"[12, 8, 12]",32,16,2,512,9847,5278,72795.3671875,ok
"[12, 8, 12]",32,8,4,512,8751,5306,113740.671875,ok
"[12, 8, 12]",32,4,8,512,8469,5109,200275.078125,ok
"[12, 8, 12]",32,2,16,512,3303,2331,,timeout
"[12, 8, 12]",64,32,2,512,9713,5371,,OOM_rank2
"[12, 8, 12]",64,16,4,512,9581,5623,,OOM_rank2
"[12, 8, 12]",64,8,8,512,9367,5641,,OOM_rank2
"[12, 8, 12]",64,4,16,512,3351,2362,,timeout
"[12, 8, 12]",64,2,32,512,3335,2307,,timeout
"[12, 9, 11]",32,16,2,512,9849,5607,72745.140625,ok
"[12, 9, 11]",32,8,4,512,9793,5988,113885.15625,ok
"[12, 9, 11]",32,4,8,512,9495,5691,200112.703125,ok
"[12, 9, 11]",32,2,16,512,3689,2547,,timeout
"[12, 9, 11]",64,32,2,512,9769,6098,,OOM_rank2
"[12, 9, 11]",64,16,4,512,9849,6434,,OOM_rank2
"[12, 9, 11]",64,8,8,512,9613,6510,,OOM_rank2
"[12, 9, 11]",64,4,16,512,3737,2500,,timeout
"[12, 9, 11]",64,2,32,512,3721,2554,,timeout
"[12, 10, 10]",32,16,2,512,9809,5952,72612.0625,ok
"[12, 10, 10]",32,8,4,512,9267,5971,113606.828125,ok
"[12, 10, 10]",32,4,8,512,9081,5965,200437.375,ok
"[12, 10, 10]",32,2,16,512,4075,2732,,timeout
"[12, 10, 10]",64,32,2,512,9853,7123,,OOM_rank2
"[12, 10, 10]",64,16,4,512,9853,7220,,OOM_rank2
"[12, 10, 10]",64,8,8,512,9841,7461,,OOM_rank1
"[12, 10, 10]",64,4,16,512,4123,2762,,timeout
"[12, 10, 10]",64,2,32,512,4107,2754,,timeout
"[12, 11, 9]",32,16,2,512,9787,6197,72829.7421875,ok
"[12, 11, 9]",32,8,4,512,9847,6399,113788.0546875,ok
"[12, 11, 9]",32,4,8,512,9355,6395,200491.984375,ok
"[12, 11, 9]",32,2,16,512,4461,2982,,timeout
"[12, 11, 9]",64,32,2,512,9851,6832,,OOM_rank1
"[12, 11, 9]",64,16,4,512,9849,7233,,OOM_rank1
"[12, 11, 9]",64,8,8,512,9845,7399,,OOM_rank1
"[12, 11, 9]",64,4,16,512,4509,2954,,timeout
"[12, 11, 9]",64,2,32,512,4493,2914,,timeout
"[12, 12, 8]",32,16,2,512,9791,6362,72916.1640625,ok
"[12, 12, 8]",32,8,4,512,9703,6845,113886.84375,ok
"[12, 12, 8]",32,4,8,512,9853,6938,200438.5625,ok
"[12, 12, 8]",32,2,16,512,4847,3135,,timeout
"[12, 12, 8]",64,32,2,512,9853,6587,,OOM_rank1
"[12, 12, 8]",64,16,4,512,9805,7055,,OOM_rank1
"[12, 12, 8]",64,8,8,512,9837,7294,,OOM_rank1
"[12, 12, 8]",64,4,16,512,4895,3136,,timeout
"[12, 12, 8]",64,2,32,512,4879,3089,,timeout
"[13, 7, 12]",32,16,2,512,9577,4997,71792.984375,ok
"[13, 7, 12]",32,8,4,512,8985,4978,112538.046875,ok
"[13, 7, 12]",32,4,8,512,7443,4499,198921.265625,ok
"[13, 7, 12]",32,2,16,512,2917,2144,,timeout
"[13, 7, 12]",64,32,2,512,9751,5049,,OOM_rank2
"[13, 7, 12]",64,16,4,512,9697,5191,,OOM_rank2
"[13, 7, 12]",64,8,8,512,9741,5261,,OOM_rank2
"[13, 7, 12]",64,4,16,512,2965,2133,,timeout
"[13, 7, 12]",64,2,32,512,2949,2143,,timeout
"[13, 8, 11]",32,16,2,512,9785,5223,71740.5234375,ok
"[13, 8, 11]",32,8,4,512,9707,5291,112266.3359375,ok
"[13, 8, 11]",32,4,8,512,8469,5093,198472.828125,ok
"[13, 8, 11]",32,2,16,512,3303,2333,,timeout
"[13, 8, 11]",64,32,2,512,9827,5831,,OOM_rank2
"[13, 8, 11]",64,16,4,512,9637,6035,,OOM_rank2
"[13, 8, 11]",64,8,8,512,9769,6187,,OOM_rank2
"[13, 8, 11]",64,4,16,512,3351,2365,,timeout
"[13, 8, 11]",64,2,32,512,3335,2385,,timeout
"[13, 9, 10]",32,16,2,512,9785,5554,71657.8359375,ok
"[13, 9, 10]",32,8,4,512,9793,5974,112520.546875,ok
"[13, 9, 10]",32,4,8,512,9495,5691,198565.0625,ok
"[13, 9, 10]",32,2,16,512,3689,2570,,timeout
"[13, 9, 10]",64,32,2,512,9847,6672,,OOM_rank2
"[13, 9, 10]",64,16,4,512,9849,6845,,OOM_rank2
"[13, 9, 10]",64,8,8,512,9795,6946,,OOM_rank2
"[13, 9, 10]",64,4,16,512,3737,2600,,timeout
"[13, 9, 10]",64,2,32,512,3721,2577,,timeout
"[13, 10, 9]",32,16,2,512,9809,5891,71728.4921875,ok
"[13, 10, 9]",32,8,4,512,9267,5938,112405.3125,ok
"[13, 10, 9]",32,4,8,512,9225,5950,198949.125,ok
"[13, 10, 9]",32,2,16,512,4075,2765,,timeout
"[13, 10, 9]",64,32,2,512,9853,7196,,OOM_rank1
"[13, 10, 9]",64,16,4,512,9853,7336,,OOM_rank1
"[13, 10, 9]",64,8,8,512,9841,7420,,OOM_rank1
"[13, 10, 9]",64,4,16,512,4123,2801,,timeout
"[13, 10, 9]",64,2,32,512,4107,2819,,timeout
"[13, 11, 8]",32,16,2,512,9815,6134,71579.7421875,ok
"[13, 11, 8]",32,8,4,512,9847,6379,112157.3515625,ok
"[13, 11, 8]",32,4,8,512,9343,6355,198261.875,ok
"[13, 11, 8]",32,2,16,512,4461,2991,,timeout
"[13, 11, 8]",64,32,2,512,9851,6760,,OOM_rank1
"[13, 11, 8]",64,16,4,512,9849,7203,,OOM_rank1
"[13, 11, 8]",64,8,8,512,9845,7374,,OOM_rank1
"[13, 11, 8]",64,4,16,512,4509,2994,,timeout
"[13, 11, 8]",64,2,32,512,4493,3007,,timeout
"[13, 12, 7]",32,16,2,512,9805,6301,71671.8203125,ok
"[13, 12, 7]",32,8,4,512,9703,6805,112402.2421875,ok
"[13, 12, 7]",32,4,8,512,9485,6901,199021.75,ok
"[13, 12, 7]",32,2,16,512,4847,3192,,timeout
"[13, 12, 7]",64,32,2,512,9847,6555,,OOM_rank1
"[13, 12, 7]",64,16,4,512,9845,7021,,OOM_rank1
"[13, 12, 7]",64,8,8,512,9837,7260,,OOM_rank1
"[13, 12, 7]",64,4,16,512,4895,3157,,timeout
"[13, 12, 7]",64,2,32,512,4879,3150,,timeout
"[14, 6, 12]",32,16,2,512,9843,4611,70633.1640625,ok
"[14, 6, 12]",32,8,4,512,9153,4604,111087.6796875,ok
"[14, 6, 12]",32,4,8,512,6417,3879,196474.859375,ok
"[14, 6, 12]",32,2,16,512,2531,1916,,timeout
"[14, 6, 12]",64,32,2,512,9709,4647,,OOM_rank2
"[14, 6, 12]",64,16,4,512,9551,4733,,OOM_rank2
"[14, 6, 12]",64,8,8,512,8845,4631,,OOM_rank2
"[14, 6, 12]",64,4,16,512,2579,1920,,timeout
"[14, 6, 12]",64,2,32,512,2563,1909,,timeout
"[14, 7, 11]",32,16,2,512,9579,4989,70766.7734375,ok
"[14, 7, 11]",32,8,4,512,8985,4970,110906.1484375,ok
"[14, 7, 11]",32,4,8,512,7443,4461,195658.53125,ok
"[14, 7, 11]",32,2,16,512,2917,2177,,timeout
"[14, 7, 11]",64,32,2,512,9827,5354,,OOM_rank2
"[14, 7, 11]",64,16,4,512,9829,5612,,OOM_rank2
"[14, 7, 11]",64,8,8,512,9741,5734,,OOM_rank2
"[14, 7, 11]",64,4,16,512,2965,2136,,timeout
"[14, 7, 11]",64,2,32,512,2949,2165,,timeout
"[14, 8, 10]",32,16,2,512,9785,5198,70741.15625,ok
"[14, 8, 10]",32,8,4,512,8751,5231,110716.8359375,ok
"[14, 8, 10]",32,4,8,512,8469,5075,196328.265625,ok
"[14, 8, 10]",32,2,16,512,3303,2378,,timeout
"[14, 8, 10]",64,32,2,512,9799,6334,,OOM_rank2
"[14, 8, 10]",64,16,4,512,9637,6443,,OOM_rank2
"[14, 8, 10]",64,8,8,512,9769,6678,,OOM_rank2
"[14, 8, 10]",64,4,16,512,3351,2396,,timeout
"[14, 8, 10]",64,2,32,512,3335,2359,,timeout
"[14, 9, 9]",32,16,2,512,9785,5484,70815.6796875,ok
"[14, 9, 9]",32,8,4,512,9793,5928,110881.6484375,ok
"[14, 9, 9]",32,4,8,512,9495,5665,196157.015625,ok
"[14, 9, 9]",32,2,16,512,3689,2579,,timeout
"[14, 9, 9]",64,32,2,512,9847,6786,107370.890625,ok
"[14, 9, 9]",64,16,4,512,9821,6981,141776.6875,ok
"[14, 9, 9]",64,8,8,512,9673,7037,219613.109375,ok
"[14, 9, 9]",64,4,16,512,3737,2585,,timeout
"[14, 9, 9]",64,2,32,512,3721,2616,,timeout
"[14, 10, 8]",32,16,2,512,9809,5885,70667.1484375,ok
"[14, 10, 8]",32,8,4,512,9267,5911,110882.09375,ok
"[14, 10, 8]",32,4,8,512,9081,5925,196443.078125,ok
"[14, 10, 8]",32,2,16,512,4075,2814,,timeout
"[14, 10, 8]",64,32,2,512,9853,7126,,OOM_rank1
"[14, 10, 8]",64,16,4,512,9853,7267,,OOM_rank1
"[14, 10, 8]",64,8,8,512,9841,7412,,OOM_rank1
"[14, 10, 8]",64,4,16,512,4123,2855,,timeout
"[14, 10, 8]",64,2,32,512,4107,2803,,timeout
"[14, 11, 7]",32,16,2,512,9787,6055,70807.2734375,ok
"[14, 11, 7]",32,8,4,512,9847,6361,110982.828125,ok
"[14, 11, 7]",32,4,8,512,9347,6342,195769.671875,ok
"[14, 11, 7]",32,2,16,512,4461,3023,,timeout
"[14, 11, 7]",64,32,2,512,9851,6742,,OOM_rank1
"[14, 11, 7]",64,16,4,512,9851,7156,,OOM_rank1
"[14, 11, 7]",64,8,8,512,9845,7324,,OOM_rank1
"[14, 11, 7]",64,4,16,512,4509,3026,,timeout
"[14, 11, 7]",64,2,32,512,4493,3015,,timeout
"[14, 12, 6]",32,16,2,512,9791,6304,70710.265625,ok
"[14, 12, 6]",32,8,4,512,9703,6741,111109.4609375,ok
"[14, 12, 6]",32,4,8,512,9485,6871,196261.34375,ok
"[14, 12, 6]",32,2,16,512,4847,3184,,timeout
"[14, 12, 6]",64,32,2,512,9851,6526,,OOM_rank1
"[14, 12, 6]",64,16,4,512,9831,6943,,OOM_rank1
"[14, 12, 6]",64,8,8,512,9831,7239,,OOM_rank1
"[14, 12, 6]",64,4,16,512,4895,3219,,timeout
"[14, 12, 6]",64,2,32,512,4879,3263,,timeout
"[15, 5, 12]",32,16,2,512,9549,4399,69691.359375,ok
"[15, 5, 12]",32,8,4,512,8771,4062,109462.0546875,ok
"[15, 5, 12]",32,4,8,512,5391,3275,194040.6875,ok
"[15, 5, 12]",32,2,16,512,2145,1638,,timeout
"[15, 5, 12]",64,32,2,512,9433,4106,,OOM_rank2
"[15, 5, 12]",64,16,4,512,9753,4384,,OOM_rank2
"[15, 5, 12]",64,8,8,512,8851,4109,,OOM_rank2
"[15, 5, 12]",64,4,16,512,2193,1669,,timeout
"[15, 5, 12]",64,2,32,512,2177,1680,,timeout
"[15, 6, 11]",32,16,2,512,9843,4606,69582.7109375,ok
"[15, 6, 11]",32,8,4,512,9153,4544,109644.8125,ok
"[15, 6, 11]",32,4,8,512,6417,3865,194395.15625,ok
"[15, 6, 11]",32,2,16,512,2531,1902,,timeout
"[15, 6, 11]",64,32,2,512,9793,5005,,OOM_rank2
"[15, 6, 11]",64,16,4,512,9605,5172,,OOM_rank2
"[15, 6, 11]",64,8,8,512,8435,4904,,OOM_rank2
"[15, 6, 11]",64,4,16,512,2579,1934,,timeout
"[15, 6, 11]",64,2,32,512,2563,1953,,timeout
"[15, 7, 10]",32,16,2,512,9577,4926,69903.5546875,ok
"[15, 7, 10]",32,8,4,512,8985,4917,109537.0390625,ok
"[15, 7, 10]",32,4,8,512,7443,4466,193766.03125,ok
"[15, 7, 10]",32,2,16,512,2917,2200,,timeout
"[15, 7, 10]",64,32,2,512,9833,5973,,OOM_rank2
"[15, 7, 10]",64,16,4,512,9843,6064,,OOM_rank2
"[15, 7, 10]",64,8,8,512,9741,6198,,OOM_rank2
"[15, 7, 10]",64,4,16,512,2965,2183,,timeout
"[15, 7, 10]",64,2,32,512,2949,2181,,timeout
"[15, 8, 9]",32,16,2,512,9785,5133,69772.4375,ok
"[15, 8, 9]",32,8,4,512,8751,5186,109422.2421875,ok
"[15, 8, 9]",32,4,8,512,8469,5054,194072.875,ok
"[15, 8, 9]",32,2,16,512,3303,2400,,timeout
"[15, 8, 9]",64,32,2,512,9853,6472,105597.375,ok
"[15, 8, 9]",64,16,4,512,9853,6624,139714.640625,ok
"[15, 8, 9]",64,8,8,512,9769,6754,217346.484375,ok
"[15, 8, 9]",64,4,16,512,3351,2441,,timeout
"[15, 8, 9]",64,2,32,512,3335,2422,,timeout
"[15, 9, 8]",32,16,2,512,9785,5475,69728.765625,ok
"[15, 9, 8]",32,8,4,512,9793,5871,109354.265625,ok
"[15, 9, 8]",32,4,8,512,9495,5648,193446.140625,ok
"[15, 9, 8]",32,2,16,512,3689,2649,,timeout
"[15, 9, 8]",64,32,2,512,9847,6733,105520.140625,ok
"[15, 9, 8]",64,16,4,512,9849,6973,139773.75,ok
"[15, 9, 8]",64,8,8,512,9793,7019,217016.90625,ok
"[15, 9, 8]",64,4,16,512,3737,2688,,timeout
"[15, 9, 8]",64,2,32,512,3721,2657,,timeout
"[15, 10, 7]",32,16,2,512,9809,5848,69680.9609375,ok
"[15, 10, 7]",32,8,4,512,9267,5857,109210.9453125,ok
"[15, 10, 7]",32,4,8,512,9081,5906,193829.234375,ok
"[15, 10, 7]",32,2,16,512,4075,2875,,timeout
"[15, 10, 7]",64,32,2,512,9853,7083,,OOM_rank1
"[15, 10, 7]",64,16,4,512,9853,7244,,OOM_rank1
"[15, 10, 7]",64,8,8,512,9841,7384,,OOM_rank1
"[15, 10, 7]",64,4,16,512,4123,2916,,timeout
"[15, 10, 7]",64,2,32,512,4107,2857,,timeout
"[15, 11, 6]",32,16,2,512,9813,6058,69899.2578125,ok
"[15, 11, 6]",32,8,4,512,9847,6322,109380.359375,ok
"[15, 11, 6]",32,4,8,512,9343,6312,194566.328125,ok
"[15, 11, 6]",32,2,16,512,4461,3052,,timeout
"[15, 11, 6]",64,32,2,512,9851,6694,,OOM_rank1
"[15, 11, 6]",64,16,4,512,9849,7093,,OOM_rank1
"[15, 11, 6]",64,8,8,512,9845,7294,,OOM_rank1
"[15, 11, 6]",64,4,16,512,4509,3097,,timeout
"[15, 11, 6]",64,2,32,512,4493,3095,,timeout
"[15, 12, 5]",32,16,2,512,9791,6270,69697.75,ok
"[15, 12, 5]",32,8,4,512,9703,6726,109182.3671875,ok
"[15, 12, 5]",32,4,8,512,9485,6873,193936.078125,ok
"[15, 12, 5]",32,2,16,512,4847,3261,,timeout
"[15, 12, 5]",64,32,2,512,9847,6501,,OOM_rank1
"[15, 12, 5]",64,16,4,512,9805,6886,,OOM_rank1
"[15, 12, 5]",64,8,8,512,9831,7199,,OOM_rank1
"[15, 12, 5]",64,4,16,512,4895,3273,,timeout
"[15, 12, 5]",64,2,32,512,4879,3278,,timeout
"[16, 4, 12]",32,16,2,512,9769,3967,68751.828125,ok
"[16, 4, 12]",32,8,4,512,9111,3590,107938.5390625,ok
"[16, 4, 12]",32,4,8,512,4365,2659,191847.265625,ok
"[16, 4, 12]",32,2,16,512,1759,1397,,timeout
"[16, 4, 12]",64,32,2,512,9607,3866,,OOM_rank2
"[16, 4, 12]",64,16,4,512,9229,3848,,OOM_rank2
"[16, 4, 12]",64,8,8,512,8693,3678,,OOM_rank2
"[16, 4, 12]",64,4,16,512,1807,1398,,timeout
"[16, 4, 12]",64,2,32,512,1791,1411,,timeout
"[16, 5, 11]",32,16,2,512,9549,4340,68889.6484375,ok
"[16, 5, 11]",32,8,4,512,8771,4016,107930.8125,ok
"[16, 5, 11]",32,4,8,512,5391,3253,192021.828125,ok
"[16, 5, 11]",32,2,16,512,2145,1669,,timeout
"[16, 5, 11]",64,32,2,512,9773,4502,,OOM_rank2
"[16, 5, 11]",64,16,4,512,9753,4806,,OOM_rank2
"[16, 5, 11]",64,8,8,512,9367,4704,,OOM_rank2
"[16, 5, 11]",64,4,16,512,2193,1707,,timeout
"[16, 5, 11]",64,2,32,512,2177,1666,,timeout
"[16, 6, 10]",32,16,2,512,9843,4582,68721.796875,ok
"[16, 6, 10]",32,8,4,512,9265,4513,107929.0078125,ok
"[16, 6, 10]",32,4,8,512,6417,3850,191710.140625,ok
"[16, 6, 10]",32,2,16,512,2531,1939,,timeout
"[16, 6, 10]",64,32,2,512,9795,5461,,OOM_rank2
"[16, 6, 10]",64,16,4,512,9551,5508,,OOM_rank2
"[16, 6, 10]",64,8,8,512,9799,5553,,OOM_rank2
"[16, 6, 10]",64,4,16,512,2579,1959,,timeout
"[16, 6, 10]",64,2,32,512,2563,1951,,timeout
"[16, 7, 9]",32,16,2,512,9811,4915,68835.9296875,ok
"[16, 7, 9]",32,8,4,512,8985,4863,107857.5859375,ok
"[16, 7, 9]",32,4,8,512,7443,4446,191375.265625,ok
"[16, 7, 9]",32,2,16,512,2917,2197,,timeout
"[16, 7, 9]",64,32,2,512,9847,6085,104764.0234375,ok
"[16, 7, 9]",64,16,4,512,9809,6189,137906.171875,ok
"[16, 7, 9]",64,8,8,512,9741,6216,214591.390625,ok
"[16, 7, 9]",64,4,16,512,2965,2200,,timeout
"[16, 7, 9]",64,2,32,512,2949,2197,,timeout
"[16, 8, 8]",32,16,2,512,9785,5065,68694.6484375,ok
"[16, 8, 8]",32,8,4,512,9563,5153,107633.46875,ok
"[16, 8, 8]",32,4,8,512,8469,5024,191361.171875,ok
"[16, 8, 8]",32,2,16,512,3303,2432,,timeout
"[16, 8, 8]",64,32,2,512,9713,6406,104384.0859375,ok
"[16, 8, 8]",64,16,4,512,9637,6592,137780.703125,ok
"[16, 8, 8]",64,8,8,512,9769,6715,215285.65625,ok
"[16, 8, 8]",64,4,16,512,3351,2444,,timeout
"[16, 8, 8]",64,2,32,512,3335,2435,,timeout
"[16, 9, 7]",32,16,2,512,9849,5407,68677.1171875,ok
"[16, 9, 7]",32,8,4,512,9793,5847,107724.0,ok
"[16, 9, 7]",32,4,8,512,9495,5610,192275.078125,ok
"[16, 9, 7]",32,2,16,512,3689,2673,,timeout
"[16, 9, 7]",64,32,2,512,9847,6696,104500.03125,ok
"[16, 9, 7]",64,16,4,512,9849,6915,137742.140625,ok
"[16, 9, 7]",64,8,8,512,9613,6977,215125.90625,ok
"[16, 9, 7]",64,4,16,512,3737,2670,,timeout
"[16, 9, 7]",64,2,32,512,3721,2659,,timeout
"[16, 10, 6]",32,16,2,512,9809,5824,68775.8203125,ok
"[16, 10, 6]",32,8,4,512,9267,5873,108095.4453125,ok
"[16, 10, 6]",32,4,8,512,9081,5881,189985.40625,ok
"[16, 10, 6]",32,2,16,512,4075,2905,,timeout
"[16, 10, 6]",64,32,2,512,9853,7013,,OOM_rank1
"[16, 10, 6]",64,16,4,512,9853,7212,,OOM_rank1
"[16, 10, 6]",64,8,8,512,9841,7360,,OOM_rank1
"[16, 10, 6]",64,4,16,512,4123,2895,,timeout
"[16, 10, 6]",64,2,32,512,4107,2899,,timeout
"[16, 11, 5]",32,16,2,512,9787,5987,68728.7421875,ok
"[16, 11, 5]",32,8,4,512,9847,6266,107829.140625,ok
"[16, 11, 5]",32,4,8,512,9343,6297,192026.15625,ok
"[16, 11, 5]",32,2,16,512,4461,3131,,timeout
"[16, 11, 5]",64,32,2,512,9855,6689,,OOM_rank1
"[16, 11, 5]",64,16,4,512,9849,7066,,OOM_rank1
"[16, 11, 5]",64,8,8,512,9845,7253,,OOM_rank1
"[16, 11, 5]",64,4,16,512,4509,3118,,timeout
"[16, 11, 5]",64,2,32,512,4493,3127,,timeout
"[16, 12, 4]",32,16,2,512,9823,6212,68803.515625,ok
"[16, 12, 4]",32,8,4,512,9703,6695,108145.78125,ok
"[16, 12, 4]",32,4,8,512,9485,6817,191659.484375,ok
"[16, 12, 4]",32,2,16,512,4847,3323,,timeout
"[16, 12, 4]",64,32,2,512,9851,6449,,OOM_rank1
"[16, 12, 4]",64,16,4,512,9855,6873,,OOM_rank1
"[16, 12, 4]",64,8,8,512,9831,7158,,OOM_rank1
"[16, 12, 4]",64,4,16,512,4895,3307,,timeout
"[16, 12, 4]",64,2,32,512,4879,3348,,timeout
"[17, 3, 12]",32,16,2,512,9797,3650,67776.15625,ok
"[17, 3, 12]",32,8,4,512,8719,3347,106526.9765625,ok
"[17, 3, 12]",32,4,8,512,3339,2047,189975.59375,ok
"[17, 3, 12]",32,2,16,512,1373,1131,,timeout
"[17, 3, 12]",64,32,2,512,9441,3331,,OOM_rank2
"[17, 3, 12]",64,16,4,512,9749,3337,,OOM_rank2
"[17, 3, 12]",64,8,8,512,7899,2880,,OOM_rank2
"[17, 3, 12]",64,4,16,512,1421,1136,,timeout
"[17, 3, 12]",64,2,32,512,1405,1129,,timeout
"[17, 4, 11]",32,16,2,512,9769,3925,67783.875,ok
"[17, 4, 11]",32,8,4,512,9111,3583,106446.203125,ok
"[17, 4, 11]",32,4,8,512,4365,2639,188948.796875,ok
"[17, 4, 11]",32,2,16,512,1759,1404,,timeout
"[17, 4, 11]",64,32,2,512,9607,4196,,OOM_rank2
"[17, 4, 11]",64,16,4,512,9229,4222,,OOM_rank2
"[17, 4, 11]",64,8,8,512,8693,3887,,OOM_rank2
"[17, 4, 11]",64,4,16,512,1807,1425,,timeout
"[17, 4, 11]",64,2,32,512,1791,1420,,timeout
"[17, 5, 10]",32,16,2,512,9549,4292,67721.9140625,ok
"[17, 5, 10]",32,8,4,512,8771,4013,106363.4765625,ok
"[17, 5, 10]",32,4,8,512,5391,3238,189747.515625,ok
"[17, 5, 10]",32,2,16,512,2145,1702,,timeout
"[17, 5, 10]",64,32,2,512,9819,5053,,OOM_rank2
"[17, 5, 10]",64,16,4,512,9753,5081,,OOM_rank2
"[17, 5, 10]",64,8,8,512,9585,5189,,OOM_rank2
"[17, 5, 10]",64,4,16,512,2193,1715,,timeout
"[17, 5, 10]",64,2,32,512,2177,1716,,timeout
"[17, 6, 9]",32,16,2,512,9843,4510,67863.1796875,ok
"[17, 6, 9]",32,8,4,512,9153,4486,106227.0390625,ok
"[17, 6, 9]",32,4,8,512,6417,3839,190131.25,ok
"[17, 6, 9]",32,2,16,512,2531,1972,,timeout
"[17, 6, 9]",64,32,2,512,9817,5636,103227.5390625,ok
"[17, 6, 9]",64,16,4,512,9551,5747,136255.546875,ok
"[17, 6, 9]",64,8,8,512,9683,5680,211635.59375,ok
"[17, 6, 9]",64,4,16,512,2579,1970,,timeout
"[17, 6, 9]",64,2,32,512,2563,1944,,timeout
"[17, 7, 8]",32,16,2,512,9577,4868,67875.8828125,ok
"[17, 7, 8]",32,8,4,512,8985,4868,106432.734375,ok
"[17, 7, 8]",32,4,8,512,7443,4424,189290.265625,ok
"[17, 7, 8]",32,2,16,512,2917,2225,,timeout
"[17, 7, 8]",64,32,2,512,9847,6042,102918.2734375,ok
"[17, 7, 8]",64,16,4,512,9809,6159,135917.78125,ok
"[17, 7, 8]",64,8,8,512,9741,6187,211925.453125,ok
"[17, 7, 8]",64,4,16,512,2965,2245,,timeout
"[17, 7, 8]",64,2,32,512,2949,2191,,timeout
"[17, 8, 7]",32,16,2,512,9785,5051,67881.3515625,ok
"[17, 8, 7]",32,8,4,512,8751,5138,106466.0546875,ok
"[17, 8, 7]",32,4,8,512,8469,5016,190835.421875,ok
"[17, 8, 7]",32,2,16,512,3303,2459,,timeout
"[17, 8, 7]",64,32,2,512,9771,6386,103056.3125,ok
"[17, 8, 7]",64,16,4,512,9637,6540,135972.40625,ok
"[17, 8, 7]",64,8,8,512,9769,6699,211929.5625,ok
"[17, 8, 7]",64,4,16,512,3351,2478,,timeout
"[17, 8, 7]",64,2,32,512,3335,2471,,timeout
"[17, 9, 6]",32,16,2,512,9785,5395,67779.84375,ok
"[17, 9, 6]",32,8,4,512,9793,5804,106546.71875,ok
"[17, 9, 6]",32,4,8,512,9495,5586,189522.5625,ok
"[17, 9, 6]",32,2,16,512,3689,2693,,timeout
"[17, 9, 6]",64,32,2,512,9829,6613,103115.03125,ok
"[17, 9, 6]",64,16,4,512,9821,6892,136118.71875,ok
"[17, 9, 6]",64,8,8,512,9613,6943,211938.6875,ok
"[17, 9, 6]",64,4,16,512,3737,2724,,timeout
"[17, 9, 6]",64,2,32,512,3721,2709,,timeout
"[17, 10, 5]",32,16,2,512,9809,5770,67752.328125,ok
"[17, 10, 5]",32,8,4,512,9667,5835,106450.828125,ok
"[17, 10, 5]",32,4,8,512,9081,5867,189413.625,ok
"[17, 10, 5]",32,2,16,512,4075,2935,,timeout
"[17, 10, 5]",64,32,2,512,9853,6976,,OOM_rank1
"[17, 10, 5]",64,16,4,512,9853,7189,,OOM_rank1
"[17, 10, 5]",64,8,8,512,9841,7324,,OOM_rank1
"[17, 10, 5]",64,4,16,512,4123,2917,,timeout
"[17, 10, 5]",64,2,32,512,4107,2936,,timeout
"[17, 11, 4]",32,16,2,512,9787,6005,67857.375,ok
"[17, 11, 4]",32,8,4,512,9433,6237,106684.4609375,ok
"[17, 11, 4]",32,4,8,512,9659,6282,189446.640625,ok
"[17, 11, 4]",32,2,16,512,4461,3101,,timeout
"[17, 11, 4]",64,32,2,512,9851,6656,,OOM_rank1
"[17, 11, 4]",64,16,4,512,9853,7009,,OOM_rank1
"[17, 11, 4]",64,8,8,512,9845,7232,,OOM_rank1
"[17, 11, 4]",64,4,16,512,4509,3143,,timeout
"[17, 11, 4]",64,2,32,512,4493,3134,,timeout
"[17, 12, 3]",32,16,2,512,9791,6213,67946.609375,ok
"[17, 12, 3]",32,8,4,512,9743,6690,106239.40625,ok
"[17, 12, 3]",32,4,8,512,9485,6799,189634.671875,ok
"[17, 12, 3]",32,2,16,512,4847,3380,,timeout
"[17, 12, 3]",64,32,2,512,9847,6402,,OOM_rank1
"[17, 12, 3]",64,16,4,512,9855,6827,,OOM_rank1
"[17, 12, 3]",64,8,8,512,9831,7120,,OOM_rank1
"[17, 12, 3]",64,4,16,512,4895,3329,,timeout
"[17, 12, 3]",64,2,32,512,4879,3323,,timeout
"[18, 2, 12]",32,16,2,512,9675,2895,67088.6171875,ok
"[18, 2, 12]",32,8,4,512,5957,2289,104881.15625,ok
"[18, 2, 12]",32,4,8,512,2313,1443,187949.890625,ok
"[18, 2, 12]",32,2,16,512,987,819,,timeout
"[18, 2, 12]",64,32,2,512,9493,2876,,OOM_rank2
"[18, 2, 12]",64,16,4,512,9799,3145,,OOM_rank2
"[18, 2, 12]",64,8,8,512,5381,2001,,OOM_rank2
"[18, 2, 12]",64,4,16,512,1035,846,,timeout
"[18, 2, 12]",64,2,32,512,1019,826,,timeout
"[18, 3, 11]",32,16,2,512,9797,3553,66887.6875,ok
"[18, 3, 11]",32,8,4,512,8719,3321,104727.5078125,ok
"[18, 3, 11]",32,4,8,512,3339,2044,187853.5625,ok
"[18, 3, 11]",32,2,16,512,1373,1134,,timeout
"[18, 3, 11]",64,32,2,512,9441,3719,,OOM_rank2
"[18, 3, 11]",64,16,4,512,9509,3717,,OOM_rank2
"[18, 3, 11]",64,8,8,512,9537,3635,,OOM_rank2
"[18, 3, 11]",64,4,16,512,1421,1143,,timeout
"[18, 3, 11]",64,2,32,512,1405,1139,,timeout
"[18, 4, 10]",32,16,2,512,9769,3865,66953.609375,ok
"[18, 4, 10]",32,8,4,512,9111,3544,105187.8203125,ok
"[18, 4, 10]",32,4,8,512,4365,2642,189115.203125,ok
"[18, 4, 10]",32,2,16,512,1759,1404,,timeout
"[18, 4, 10]",64,32,2,512,9751,4693,,OOM_rank2
"[18, 4, 10]",64,16,4,512,9229,4471,,OOM_rank2
"[18, 4, 10]",64,8,8,512,9825,4602,,OOM_rank2
"[18, 4, 10]",64,4,16,512,1807,1424,,timeout
"[18, 4, 10]",64,2,32,512,1791,1429,,timeout
"[18, 5, 9]",32,16,2,512,9549,4221,67193.90625,ok
"[18, 5, 9]",32,8,4,512,8771,3983,105113.0625,ok
"[18, 5, 9]",32,4,8,512,5391,3232,188681.6875,ok
"[18, 5, 9]",32,2,16,512,2145,1690,,timeout
"[18, 5, 9]",64,32,2,512,9819,5074,102613.7578125,ok
"[18, 5, 9]",64,16,4,512,9843,5322,134853.359375,ok
"[18, 5, 9]",64,8,8,512,9621,5421,209869.546875,ok
"[18, 5, 9]",64,4,16,512,2193,1705,,timeout
"[18, 5, 9]",64,2,32,512,2177,1709,,timeout
"[18, 6, 8]",32,16,2,512,9843,4468,67192.640625,ok
"[18, 6, 8]",32,8,4,512,9153,4438,104982.3515625,ok
"[18, 6, 8]",32,4,8,512,6417,3825,187672.59375,ok
"[18, 6, 8]",32,2,16,512,2531,1975,,timeout
"[18, 6, 8]",64,32,2,512,9795,5564,102167.703125,ok
"[18, 6, 8]",64,16,4,512,9701,5703,134412.59375,ok
"[18, 6, 8]",64,8,8,512,9683,5644,209723.203125,ok
"[18, 6, 8]",64,4,16,512,2579,1967,,timeout
"[18, 6, 8]",64,2,32,512,2563,1995,,timeout
"[18, 7, 7]",32,16,2,512,9577,4843,66997.3046875,ok
"[18, 7, 7]",32,8,4,512,8985,4822,104732.6171875,ok
"[18, 7, 7]",32,4,8,512,7443,4403,187483.875,ok
"[18, 7, 7]",32,2,16,512,2917,2227,,timeout
"[18, 7, 7]",64,32,2,512,9847,5993,102151.2109375,ok
"[18, 7, 7]",64,16,4,512,9847,6117,134385.078125,ok
"[18, 7, 7]",64,8,8,512,9741,6145,209293.6875,ok
"[18, 7, 7]",64,4,16,512,2965,2248,,timeout
"[18, 7, 7]",64,2,32,512,2949,2250,,timeout
"[18, 8, 6]",32,16,2,512,9785,5040,67051.5,ok
"[18, 8, 6]",32,8,4,512,8751,5102,105071.28125,ok
"[18, 8, 6]",32,4,8,512,8469,4998,187690.421875,ok
"[18, 8, 6]",32,2,16,512,3303,2492,,timeout
"[18, 8, 6]",64,32,2,512,9853,6318,102195.59375,ok
"[18, 8, 6]",64,16,4,512,9837,6526,134352.59375,ok
"[18, 8, 6]",64,8,8,512,9769,6664,208886.9375,ok
"[18, 8, 6]",64,4,16,512,3351,2487,,timeout
"[18, 8, 6]",64,2,32,512,3335,2497,,timeout
"[18, 9, 5]",32,16,2,512,9785,5308,66875.3671875,ok
"[18, 9, 5]",32,8,4,512,9793,5780,104804.1171875,ok
"[18, 9, 5]",32,4,8,512,9495,5561,186699.96875,ok
"[18, 9, 5]",32,2,16,512,3689,2742,,timeout
"[18, 9, 5]",64,32,2,512,9847,6666,102554.5546875,ok
"[18, 9, 5]",64,16,4,512,9821,6854,134276.1875,ok
"[18, 9, 5]",64,8,8,512,9795,6918,210254.1875,ok
"[18, 9, 5]",64,4,16,512,3737,2706,,timeout
"[18, 9, 5]",64,2,32,512,3721,2732,,timeout
"[18, 10, 4]",32,16,2,512,9809,5696,66849.5546875,ok
"[18, 10, 4]",32,8,4,512,9267,5795,104582.1796875,ok
"[18, 10, 4]",32,4,8,512,9135,5853,186526.9375,ok
"[18, 10, 4]",32,2,16,512,4075,2963,,timeout
"[18, 10, 4]",64,32,2,512,9853,6928,,OOM_rank1
"[18, 10, 4]",64,16,4,512,9853,7143,,OOM_rank1
"[18, 10, 4]",64,8,8,512,9821,7278,,OOM_rank1
"[18, 10, 4]",64,4,16,512,4123,2976,,timeout
"[18, 10, 4]",64,2,32,512,4107,2961,,timeout
"[18, 11, 3]",32,16,2,512,9787,5928,66536.2578125,ok
"[18, 11, 3]",32,8,4,512,9847,6224,104279.0859375,ok
"[18, 11, 3]",32,4,8,512,9611,6264,185718.0625,ok
"[18, 11, 3]",32,2,16,512,4461,3195,,timeout
"[18, 11, 3]",64,32,2,512,9837,6592,,OOM_rank1
"[18, 11, 3]",64,16,4,512,9849,6984,,OOM_rank1
"[18, 11, 3]",64,8,8,512,9855,7204,,OOM_rank1
"[18, 11, 3]",64,4,16,512,4509,3160,,timeout
"[18, 11, 3]",64,2,32,512,4493,3208,,timeout
"[18, 12, 2]",32,16,2,512,9791,6129,66776.09375,ok
"[18, 12, 2]",32,8,4,512,9703,6637,104378.4296875,ok
"[18, 12, 2]",32,4,8,512,9485,6804,186052.0,ok
"[18, 12, 2]",32,2,16,512,4847,3392,,timeout
"[18, 12, 2]",64,32,2,512,9853,6379,,OOM_rank1
"[18, 12, 2]",64,16,4,512,9849,6816,,OOM_rank1
"[18, 12, 2]",64,8,8,512,9853,7088,,OOM_rank1
"[18, 12, 2]",64,4,16,512,4895,3403,,timeout
"[18, 12, 2]",64,2,32,512,4879,3366,,timeout
"[19, 1, 12]",32,16,2,512,6809,2115,65392.78125,ok
"[19, 1, 12]",32,8,4,512,3255,1296,102869.8046875,ok
"[19, 1, 12]",32,4,8,512,1287,843,181909.4375,ok
"[19, 1, 12]",32,2,16,512,601,512,,timeout
"[19, 1, 12]",64,32,2,512,9715,2450,,OOM_rank2
"[19, 1, 12]",64,16,4,512,5573,1737,,OOM_rank2
"[19, 1, 12]",64,8,8,512,2863,1122,,OOM_rank2
"[19, 1, 12]",64,4,16,512,649,530,,timeout
"[19, 1, 12]",64,2,32,512,633,523,,timeout
"[19, 2, 11]",32,16,2,512,9675,2860,65627.171875,ok
"[19, 2, 11]",32,8,4,512,5957,2279,102927.90625,ok
"[19, 2, 11]",32,4,8,512,2313,1442,184190.3125,ok
"[19, 2, 11]",32,2,16,512,987,821,,timeout
"[19, 2, 11]",64,32,2,512,9563,3259,,OOM_rank2
"[19, 2, 11]",64,16,4,512,9799,3266,,OOM_rank2
"[19, 2, 11]",64,8,8,512,7291,2532,,OOM_rank2
"[19, 2, 11]",64,4,16,512,1035,846,,timeout
"[19, 2, 11]",64,2,32,512,1019,840,,timeout
"[19, 3, 10]",32,16,2,512,9797,3536,65463.0859375,ok
"[19, 3, 10]",32,8,4,512,8719,3293,102565.0234375,ok
"[19, 3, 10]",32,4,8,512,3339,2030,184433.5625,ok
"[19, 3, 10]",32,2,16,512,1373,1128,,timeout
"[19, 3, 10]",64,32,2,512,9743,4204,,OOM_rank2
"[19, 3, 10]",64,16,4,512,9607,4184,,OOM_rank2
"[19, 3, 10]",64,8,8,512,9297,3957,,OOM_rank2
"[19, 3, 10]",64,4,16,512,1421,1159,,timeout
"[19, 3, 10]",64,2,32,512,1405,1152,,timeout
"[19, 4, 9]",32,16,2,512,9769,3821,65495.95703125,ok
"[19, 4, 9]",32,8,4,512,9111,3505,103312.0859375,ok
"[19, 4, 9]",32,4,8,512,4365,2628,184821.140625,ok
"[19, 4, 9]",32,2,16,512,1759,1437,,timeout
"[19, 4, 9]",64,32,2,512,9723,4693,101262.2734375,ok
"[19, 4, 9]",64,16,4,512,9711,4616,132114.5,ok
"[19, 4, 9]",64,8,8,512,9825,4775,205191.671875,ok
"[19, 4, 9]",64,4,16,512,1807,1446,,timeout
"[19, 4, 9]",64,2,32,512,1791,1447,,timeout
"[19, 5, 8]",32,16,2,512,9731,4189,65543.90625,ok
"[19, 5, 8]",32,8,4,512,8771,3949,102882.59375,ok
"[19, 5, 8]",32,4,8,512,5391,3223,184322.96875,ok
"[19, 5, 8]",32,2,16,512,2145,1665,,timeout
"[19, 5, 8]",64,32,2,512,9773,5076,100710.484375,ok
"[19, 5, 8]",64,16,4,512,9753,5267,132092.375,ok
"[19, 5, 8]",64,8,8,512,9621,5388,204794.859375,ok
"[19, 5, 8]",64,4,16,512,2193,1730,,timeout
"[19, 5, 8]",64,2,32,512,2177,1705,,timeout
"[19, 6, 7]",32,16,2,512,9843,4446,65465.0390625,ok
"[19, 6, 7]",32,8,4,512,9811,4432,102591.15625,ok
"[19, 6, 7]",32,4,8,512,6417,3803,184093.875,ok
"[19, 6, 7]",32,2,16,512,2531,1998,,timeout
"[19, 6, 7]",64,32,2,512,9817,5522,100461.7890625,ok
"[19, 6, 7]",64,16,4,512,9855,5654,132032.828125,ok
"[19, 6, 7]",64,8,8,512,9683,5631,205504.078125,ok
"[19, 6, 7]",64,4,16,512,2579,2017,,timeout
"[19, 6, 7]",64,2,32,512,2563,1996,,timeout
"[19, 7, 6]",32,16,2,512,9577,4790,65618.15625,ok
"[19, 7, 6]",32,8,4,512,8985,4761,102492.328125,ok
"[19, 7, 6]",32,4,8,512,7443,4376,184644.796875,ok
"[19, 7, 6]",32,2,16,512,2917,2249,,timeout
"[19, 7, 6]",64,32,2,512,9847,5969,100453.40625,ok
"[19, 7, 6]",64,16,4,512,9809,6060,131907.734375,ok
"[19, 7, 6]",64,8,8,512,9741,6102,205128.375,ok
"[19, 7, 6]",64,4,16,512,2965,2262,,timeout
"[19, 7, 6]",64,2,32,512,2949,2279,,timeout
"[19, 8, 5]",32,16,2,512,9847,4951,65579.4296875,ok
"[19, 8, 5]",32,8,4,512,8751,5084,102736.515625,ok
"[19, 8, 5]",32,4,8,512,8469,4963,184032.328125,ok
"[19, 8, 5]",32,2,16,512,3303,2502,,timeout
"[19, 8, 5]",64,32,2,512,9853,6282,100732.5625,ok
"[19, 8, 5]",64,16,4,512,9717,6487,132218.0625,ok
"[19, 8, 5]",64,8,8,512,9769,6630,205589.671875,ok
"[19, 8, 5]",64,4,16,512,3351,2494,,timeout
"[19, 8, 5]",64,2,32,512,3335,2514,,timeout
"[19, 9, 4]",32,16,2,512,9849,5313,65565.1328125,ok
"[19, 9, 4]",32,8,4,512,9793,5736,102981.7578125,ok
"[19, 9, 4]",32,4,8,512,9495,5549,184436.109375,ok
"[19, 9, 4]",32,2,16,512,3689,2738,,timeout
"[19, 9, 4]",64,32,2,512,9829,6596,100850.359375,ok
"[19, 9, 4]",64,16,4,512,9849,6804,132156.515625,ok
"[19, 9, 4]",64,8,8,512,9825,6894,204913.984375,ok
"[19, 9, 4]",64,4,16,512,3737,2769,,timeout
"[19, 9, 4]",64,2,32,512,3721,2761,,timeout
"[19, 10, 3]",32,16,2,512,9809,5629,65630.1796875,ok
"[19, 10, 3]",32,8,4,512,9267,5721,102785.359375,ok
"[19, 10, 3]",32,4,8,512,9081,5809,183740.96875,ok
"[19, 10, 3]",32,2,16,512,4075,3014,,timeout
"[19, 10, 3]",64,32,2,512,9853,6899,,OOM_rank1
"[19, 10, 3]",64,16,4,512,9853,7120,,OOM_rank1
"[19, 10, 3]",64,8,8,512,9821,7258,,OOM_rank1
"[19, 10, 3]",64,4,16,512,4123,2993,,timeout
"[19, 10, 3]",64,2,32,512,4107,2968,,timeout
"[19, 11, 2]",32,16,2,512,9787,5877,65563.6796875,ok
"[19, 11, 2]",32,8,4,512,9433,6177,102922.7578125,ok
"[19, 11, 2]",32,4,8,512,9343,6245,185035.0625,ok
"[19, 11, 2]",32,2,16,512,4461,3246,,timeout
"[19, 11, 2]",64,32,2,512,9855,6577,,OOM_rank1
"[19, 11, 2]",64,16,4,512,9849,6931,,OOM_rank1
"[19, 11, 2]",64,8,8,512,9853,7183,,OOM_rank1
"[19, 11, 2]",64,4,16,512,4509,3194,,timeout
"[19, 11, 2]",64,2,32,512,4493,3260,,timeout
"[19, 12, 1]",32,16,2,512,9791,6142,65589.359375,ok
"[19, 12, 1]",32,8,4,512,9757,6579,103299.1796875,ok
"[19, 12, 1]",32,4,8,512,9597,6781,186955.21875,ok
"[19, 12, 1]",32,2,16,512,4847,3459,,timeout
"[19, 12, 1]",64,32,2,512,9847,6370,,OOM_rank1
"[19, 12, 1]",64,16,4,512,9831,6731,,OOM_rank1
"[19, 12, 1]",64,8,8,512,9831,7034,,OOM_rank1
"[19, 12, 1]",64,4,16,512,4895,3469,,timeout
"[19, 12, 1]",64,2,32,512,4879,3418,,timeout
"[20, 1, 11]",32,16,2,512,6809,2096,64948.21875,ok
"[20, 1, 11]",32,8,4,512,3255,1288,102069.5234375,ok
"[20, 1, 11]",32,4,8,512,1287,839,179534.15625,ok
"[20, 1, 11]",32,2,16,512,601,505,,timeout
"[20, 1, 11]",64,32,2,512,9715,2688,,OOM_rank2
"[20, 1, 11]",64,16,4,512,7545,2368,,OOM_rank2
"[20, 1, 11]",64,8,8,512,3845,1407,,OOM_rank2
"[20, 1, 11]",64,4,16,512,649,532,,timeout
"[20, 1, 11]",64,2,32,512,633,524,,timeout
"[20, 2, 10]",32,16,2,512,9675,2768,64446.890625,ok
"[20, 2, 10]",32,8,4,512,5957,2250,101166.609375,ok
"[20, 2, 10]",32,4,8,512,2313,1433,183075.296875,ok
"[20, 2, 10]",32,2,16,512,987,825,,timeout
"[20, 2, 10]",64,32,2,512,9563,3804,,OOM_rank2
"[20, 2, 10]",64,16,4,512,9799,3751,,OOM_rank2
"[20, 2, 10]",64,8,8,512,9499,3564,,OOM_rank2
"[20, 2, 10]",64,4,16,512,1035,849,,timeout
"[20, 2, 10]",64,2,32,512,1019,841,,timeout
"[20, 3, 9]",32,16,2,512,9797,3476,64288.65234375,ok
"[20, 3, 9]",32,8,4,512,8719,3265,101209.1484375,ok
"[20, 3, 9]",32,4,8,512,3339,2022,180831.765625,ok
"[20, 3, 9]",32,2,16,512,1373,1144,,timeout
"[20, 3, 9]",64,32,2,512,9843,4321,100955.6484375,ok
"[20, 3, 9]",64,16,4,512,9607,4371,130873.0390625,ok
"[20, 3, 9]",64,8,8,512,9297,4218,202919.578125,ok
"[20, 3, 9]",64,4,16,512,1421,1143,,timeout
"[20, 3, 9]",64,2,32,512,1405,1157,,timeout
"[20, 4, 8]",32,16,2,512,9817,3781,64312.59765625,ok
"[20, 4, 8]",32,8,4,512,9111,3478,101267.1953125,ok
"[20, 4, 8]",32,4,8,512,4365,2616,182099.84375,ok
"[20, 4, 8]",32,2,16,512,1759,1431,,timeout
"[20, 4, 8]",64,32,2,512,9723,4671,100408.7109375,ok
"[20, 4, 8]",64,16,4,512,9229,4594,130512.65625,ok
"[20, 4, 8]",64,8,8,512,9825,4744,202674.703125,ok
"[20, 4, 8]",64,4,16,512,1807,1444,,timeout
"[20, 4, 8]",64,2,32,512,1791,1445,,timeout
"[20, 5, 7]",32,16,2,512,9549,4140,64335.91796875,ok
"[20, 5, 7]",32,8,4,512,8891,3934,101351.0625,ok
"[20, 5, 7]",32,4,8,512,5391,3204,181191.078125,ok
"[20, 5, 7]",32,2,16,512,2145,1736,,timeout
"[20, 5, 7]",64,32,2,512,9773,5012,100082.9765625,ok
"[20, 5, 7]",64,16,4,512,9753,5249,130505.1015625,ok
"[20, 5, 7]",64,8,8,512,9621,5340,202646.578125,ok
"[20, 5, 7]",64,4,16,512,2193,1753,,timeout
"[20, 5, 7]",64,2,32,512,2177,1712,,timeout
"[20, 6, 6]",32,16,2,512,9843,4380,64413.08203125,ok
"[20, 6, 6]",32,8,4,512,9153,4392,101167.0859375,ok
"[20, 6, 6]",32,4,8,512,6417,3784,181734.640625,ok
"[20, 6, 6]",32,2,16,512,2531,1994,,timeout
"[20, 6, 6]",64,32,2,512,9817,5485,100080.921875,ok
"[20, 6, 6]",64,16,4,512,9551,5602,130560.5078125,ok
"[20, 6, 6]",64,8,8,512,9683,5589,202301.375,ok
"[20, 6, 6]",64,4,16,512,2579,2027,,timeout
"[20, 6, 6]",64,2,32,512,2563,2011,,timeout
"[20, 7, 5]",32,16,2,512,9577,4728,64291.74609375,ok
"[20, 7, 5]",32,8,4,512,9115,4765,101250.5859375,ok
"[20, 7, 5]",32,4,8,512,7443,4380,181656.28125,ok
"[20, 7, 5]",32,2,16,512,2917,2252,,timeout
"[20, 7, 5]",64,32,2,512,9847,5965,100136.8125,ok
"[20, 7, 5]",64,16,4,512,9697,6033,130391.03125,ok
"[20, 7, 5]",64,8,8,512,9741,6084,202822.640625,ok
"[20, 7, 5]",64,4,16,512,2965,2299,,timeout
"[20, 7, 5]",64,2,32,512,2949,2278,,timeout
"[20, 8, 4]",32,16,2,512,9785,4941,64383.6015625,ok
"[20, 8, 4]",32,8,4,512,9677,5059,101594.609375,ok
"[20, 8, 4]",32,4,8,512,8469,4956,181333.078125,ok
"[20, 8, 4]",32,2,16,512,3303,2517,,timeout
"[20, 8, 4]",64,32,2,512,9853,6231,100272.46875,ok
"[20, 8, 4]",64,16,4,512,9637,6463,130446.9375,ok
"[20, 8, 4]",64,8,8,512,9769,6593,202963.265625,ok
"[20, 8, 4]",64,4,16,512,3351,2557,,timeout
"[20, 8, 4]",64,2,32,512,3335,2557,,timeout
"[20, 9, 3]",32,16,2,512,9799,5296,64447.8671875,ok
"[20, 9, 3]",32,8,4,512,9793,5705,100733.75,ok
"[20, 9, 3]",32,4,8,512,9495,5534,181399.625,ok
"[20, 9, 3]",32,2,16,512,3689,2775,,timeout
"[20, 9, 3]",64,32,2,512,9785,6533,100895.8671875,ok
"[20, 9, 3]",64,16,4,512,9837,6781,130721.3046875,ok
"[20, 9, 3]",64,8,8,512,9613,6874,202591.65625,ok
"[20, 9, 3]",64,4,16,512,3737,2797,,timeout
"[20, 9, 3]",64,2,32,512,3721,2773,,timeout
"[20, 10, 2]",32,16,2,512,9809,5631,64465.859375,ok
"[20, 10, 2]",32,8,4,512,9771,5732,101154.2578125,ok
"[20, 10, 2]",32,4,8,512,9081,5817,181894.078125,ok
"[20, 10, 2]",32,2,16,512,4075,3030,,timeout
"[20, 10, 2]",64,32,2,512,9853,6882,,OOM_rank1
"[20, 10, 2]",64,16,4,512,9853,7055,,OOM_rank1
"[20, 10, 2]",64,8,8,512,9821,7213,,OOM_rank1
"[20, 10, 2]",64,4,16,512,4123,3035,,timeout
"[20, 10, 2]",64,2,32,512,4107,3021,,timeout
"[20, 11, 1]",32,16,2,512,9787,5852,64340.421875,ok
"[20, 11, 1]",32,8,4,512,9481,6152,101398.9609375,ok
"[20, 11, 1]",32,4,8,512,9343,6199,180766.34375,ok
"[20, 11, 1]",32,2,16,512,4461,3257,,timeout
"[20, 11, 1]",64,32,2,512,9833,6512,,OOM_rank1
"[20, 11, 1]",64,16,4,512,9849,6880,,OOM_rank1
"[20, 11, 1]",64,8,8,512,9845,7154,,OOM_rank1
"[20, 11, 1]",64,4,16,512,4509,3262,,timeout
"[20, 11, 1]",64,2,32,512,4493,3285,,timeout
"[21, 1, 10]",32,16,2,512,6809,2073,63549.73046875,ok
"[21, 1, 10]",32,8,4,512,3255,1276,100183.921875,ok
"[21, 1, 10]",32,4,8,512,1287,838,179231.515625,ok
"[21, 1, 10]",32,2,16,512,601,512,,timeout
"[21, 1, 10]",64,32,2,512,9715,3136,,OOM_rank0
"[21, 1, 10]",64,16,4,512,9805,2989,,OOM_rank0
"[21, 1, 10]",64,8,8,512,4419,1747,,OOM_rank0
"[21, 1, 10]",64,4,16,512,649,534,,timeout
"[21, 1, 10]",64,2,32,512,633,524,,timeout
"[21, 2, 9]",32,16,2,512,9675,2782,63695.734375,ok
"[21, 2, 9]",32,8,4,512,5957,2238,99895.2265625,ok
"[21, 2, 9]",32,4,8,512,2313,1432,179748.296875,ok
"[21, 2, 9]",32,2,16,512,987,837,,timeout
"[21, 2, 9]",64,32,2,512,9563,3594,,OOM_rank0
"[21, 2, 9]",64,16,4,512,9799,3723,,OOM_rank0
"[21, 2, 9]",64,8,8,512,8377,3185,,OOM_rank0
"[21, 2, 9]",64,4,16,512,1035,849,,timeout
"[21, 2, 9]",64,2,32,512,1019,845,,timeout
"[21, 3, 8]",32,16,2,512,9797,3449,63564.67578125,ok
"[21, 3, 8]",32,8,4,512,8719,3217,99862.2890625,ok
"[21, 3, 8]",32,4,8,512,3339,2017,180103.234375,ok
"[21, 3, 8]",32,2,16,512,1373,1139,,timeout
"[21, 3, 8]",64,32,2,512,9601,3994,,OOM_rank0
"[21, 3, 8]",64,16,4,512,9607,4103,,OOM_rank0
"[21, 3, 8]",64,8,8,512,9297,3691,,OOM_rank0
"[21, 3, 8]",64,4,16,512,1421,1159,,timeout
"[21, 3, 8]",64,2,32,512,1405,1153,,timeout
"[21, 4, 7]",32,16,2,512,9769,3717,63553.1171875,ok
"[21, 4, 7]",32,8,4,512,9111,3453,100443.8359375,ok
"[21, 4, 7]",32,4,8,512,4365,2607,179447.140625,ok
"[21, 4, 7]",32,2,16,512,1759,1427,,timeout
"[21, 4, 7]",64,32,2,512,9607,4432,,OOM_rank0
"[21, 4, 7]",64,16,4,512,9775,4338,,OOM_rank0
"[21, 4, 7]",64,8,8,512,9825,4423,,OOM_rank0
"[21, 4, 7]",64,4,16,512,1807,1460,,timeout
"[21, 4, 7]",64,2,32,512,1791,1450,,timeout
"[21, 5, 6]",32,16,2,512,9549,4105,63683.71484375,ok
"[21, 5, 6]",32,8,4,512,8771,3886,100050.0234375,ok
"[21, 5, 6]",32,4,8,512,5391,3192,179840.40625,ok
"[21, 5, 6]",32,2,16,512,2145,1742,,timeout
"[21, 5, 6]",64,32,2,512,9433,4745,,OOM_rank0
"[21, 5, 6]",64,16,4,512,9753,4908,,OOM_rank0
"[21, 5, 6]",64,8,8,512,9367,4959,,OOM_rank0
"[21, 5, 6]",64,4,16,512,2193,1752,,timeout
"[21, 5, 6]",64,2,32,512,2177,1752,,timeout
"[21, 6, 5]",32,16,2,512,9843,4353,63419.77734375,ok
"[21, 6, 5]",32,8,4,512,9633,4368,100039.2109375,ok
"[21, 6, 5]",32,4,8,512,6417,3761,177103.875,ok
"[21, 6, 5]",32,2,16,512,2531,2006,,timeout
"[21, 6, 5]",64,32,2,512,9795,5207,,OOM_rank0
"[21, 6, 5]",64,16,4,512,9551,5332,,OOM_rank0
"[21, 6, 5]",64,8,8,512,9807,5203,,OOM_rank0
"[21, 6, 5]",64,4,16,512,2579,2027,,timeout
"[21, 6, 5]",64,2,32,512,2563,2039,,timeout
"[21, 7, 4]",32,16,2,512,9577,4680,63744.3671875,ok
"[21, 7, 4]",32,8,4,512,9037,4720,100247.03125,ok
"[21, 7, 4]",32,4,8,512,7443,4362,180175.625,ok
"[21, 7, 4]",32,2,16,512,2917,2296,,timeout
"[21, 7, 4]",64,32,2,512,9833,5628,,OOM_rank0
"[21, 7, 4]",64,16,4,512,9697,5820,,OOM_rank0
"[21, 7, 4]",64,8,8,512,9741,5818,,OOM_rank0
"[21, 7, 4]",64,4,16,512,2965,2319,,timeout
"[21, 7, 4]",64,2,32,512,2949,2291,,timeout
"[21, 8, 3]",32,16,2,512,9785,4932,64586.453125,ok
"[21, 8, 3]",32,8,4,512,9231,5023,100863.8046875,ok
"[21, 8, 3]",32,4,8,512,8469,4929,182274.96875,ok
"[21, 8, 3]",32,2,16,512,3303,2549,,timeout
"[21, 8, 3]",64,32,2,512,9713,5955,,OOM_rank0
"[21, 8, 3]",64,16,4,512,9781,6159,,OOM_rank0
"[21, 8, 3]",64,8,8,512,9769,6303,,OOM_rank0
"[21, 8, 3]",64,4,16,512,3351,2540,,timeout
"[21, 8, 3]",64,2,32,512,3335,2551,,timeout
"[21, 9, 2]",32,16,2,512,9785,5221,63987.3671875,ok
"[21, 9, 2]",32,8,4,512,9793,5665,100505.359375,ok
"[21, 9, 2]",32,4,8,512,9495,5502,180218.65625,ok
"[21, 9, 2]",32,2,16,512,3689,2800,,timeout
"[21, 9, 2]",64,32,2,512,9845,6224,,OOM_rank0
"[21, 9, 2]",64,16,4,512,9849,6508,,OOM_rank0
"[21, 9, 2]",64,8,8,512,9845,6499,,OOM_rank0
"[21, 9, 2]",64,4,16,512,3737,2813,,timeout
"[21, 9, 2]",64,2,32,512,3721,2812,,timeout
"[21, 10, 1]",32,16,2,512,9809,5554,63701.26953125,ok
"[21, 10, 1]",32,8,4,512,9519,5709,100335.8828125,ok
"[21, 10, 1]",32,4,8,512,9081,5764,178741.109375,ok
"[21, 10, 1]",32,2,16,512,4075,3021,,timeout
"[21, 10, 1]",64,32,2,512,9853,6664,,OOM_rank0
"[21, 10, 1]",64,16,4,512,9853,6854,,OOM_rank0
"[21, 10, 1]",64,8,8,512,9841,7004,,OOM_rank0
"[21, 10, 1]",64,4,16,512,4123,3081,,timeout
"[21, 10, 1]",64,2,32,512,4107,3049,,timeout
"[22, 1, 9]",32,16,2,512,6809,2044,62889.3359375,ok
"[22, 1, 9]",32,8,4,512,3255,1257,99033.0625,ok
"[22, 1, 9]",32,4,8,512,1287,837,178255.921875,ok
"[22, 1, 9]",32,2,16,512,601,517,,timeout
"[22, 1, 9]",64,32,2,512,9715,3082,,OOM_rank0
"[22, 1, 9]",64,16,4,512,8143,2684,,OOM_rank0
"[22, 1, 9]",64,8,8,512,3875,1546,,OOM_rank0
"[22, 1, 9]",64,4,16,512,649,537,,timeout
"[22, 1, 9]",64,2,32,512,633,528,,timeout
"[22, 2, 8]",32,16,2,512,9675,2744,63197.42578125,ok
"[22, 2, 8]",32,8,4,512,5957,2213,98450.2265625,ok
"[22, 2, 8]",32,4,8,512,2313,1423,178403.21875,ok
"[22, 2, 8]",32,2,16,512,987,833,,timeout
"[22, 2, 8]",64,32,2,512,9613,3440,,OOM_rank0
"[22, 2, 8]",64,16,4,512,9799,3414,,OOM_rank0
"[22, 2, 8]",64,8,8,512,7321,2799,,OOM_rank0
"[22, 2, 8]",64,4,16,512,1035,859,,timeout
"[22, 2, 8]",64,2,32,512,1019,849,,timeout
"[22, 3, 7]",32,16,2,512,9797,3438,62816.9609375,ok
"[22, 3, 7]",32,8,4,512,8719,3197,98538.7890625,ok
"[22, 3, 7]",32,4,8,512,3339,2015,177899.34375,ok
"[22, 3, 7]",32,2,16,512,1373,1144,,timeout
"[22, 3, 7]",64,32,2,512,9441,3738,,OOM_rank0
"[22, 3, 7]",64,16,4,512,9509,3851,,OOM_rank0
"[22, 3, 7]",64,8,8,512,9297,3540,,OOM_rank0
"[22, 3, 7]",64,4,16,512,1421,1165,,timeout
"[22, 3, 7]",64,2,32,512,1405,1160,,timeout
"[22, 4, 6]",32,16,2,512,9769,3723,62986.1953125,ok
"[22, 4, 6]",32,8,4,512,9111,3423,98473.71875,ok
"[22, 4, 6]",32,4,8,512,4365,2598,178424.40625,ok
"[22, 4, 6]",32,2,16,512,1759,1446,,timeout
"[22, 4, 6]",64,32,2,512,9607,4252,,OOM_rank0
"[22, 4, 6]",64,16,4,512,9229,4099,,OOM_rank0
"[22, 4, 6]",64,8,8,512,9525,4021,,OOM_rank0
"[22, 4, 6]",64,4,16,512,1807,1465,,timeout
"[22, 4, 6]",64,2,32,512,1791,1459,,timeout
"[22, 5, 5]",32,16,2,512,9549,4093,63000.49609375,ok
"[22, 5, 5]",32,8,4,512,9461,3874,98558.0234375,ok
"[22, 5, 5]",32,4,8,512,5391,3183,178483.265625,ok
"[22, 5, 5]",32,2,16,512,2145,1744,,timeout
"[22, 5, 5]",64,32,2,512,9819,4438,,OOM_rank0
"[22, 5, 5]",64,16,4,512,9753,4739,,OOM_rank0
"[22, 5, 5]",64,8,8,512,9667,4642,,OOM_rank0
"[22, 5, 5]",64,4,16,512,2193,1757,,timeout
"[22, 5, 5]",64,2,32,512,2177,1759,,timeout
"[22, 6, 4]",32,16,2,512,9843,4287,62982.3125,ok
"[22, 6, 4]",32,8,4,512,9153,4321,98875.359375,ok
"[22, 6, 4]",32,4,8,512,6417,3754,177511.40625,ok
"[22, 6, 4]",32,2,16,512,2531,2033,,timeout
"[22, 6, 4]",64,32,2,512,9795,4948,,OOM_rank0
"[22, 6, 4]",64,16,4,512,9551,5057,,OOM_rank0
"[22, 6, 4]",64,8,8,512,8435,4849,,OOM_rank0
"[22, 6, 4]",64,4,16,512,2579,2048,,timeout
"[22, 6, 4]",64,2,32,512,2563,2050,,timeout
"[22, 7, 3]",32,16,2,512,9577,4683,63066.4765625,ok
"[22, 7, 3]",32,8,4,512,9851,4704,98559.625,ok
"[22, 7, 3]",32,4,8,512,7443,4333,178750.265625,ok
"[22, 7, 3]",32,2,16,512,2917,2296,,timeout
"[22, 7, 3]",64,32,2,512,9843,5434,,OOM_rank0
"[22, 7, 3]",64,16,4,512,9697,5506,,OOM_rank0
"[22, 7, 3]",64,8,8,512,9741,5616,,OOM_rank0
"[22, 7, 3]",64,4,16,512,2965,2340,,timeout
"[22, 7, 3]",64,2,32,512,2949,2310,,timeout
"[22, 8, 2]",32,16,2,512,9785,4862,63056.91796875,ok
"[22, 8, 2]",32,8,4,512,8751,4978,98440.78125,ok
"[22, 8, 2]",32,4,8,512,8469,4917,177561.609375,ok
"[22, 8, 2]",32,2,16,512,3303,2579,,timeout
"[22, 8, 2]",64,32,2,512,9713,5710,,OOM_rank0
"[22, 8, 2]",64,16,4,512,9721,5857,,OOM_rank0
"[22, 8, 2]",64,8,8,512,9769,6035,,OOM_rank0
"[22, 8, 2]",64,4,16,512,3351,2576,,timeout
"[22, 8, 2]",64,2,32,512,3335,2554,,timeout
"[22, 9, 1]",32,16,2,512,9785,5199,62866.37890625,ok
"[22, 9, 1]",32,8,4,512,9793,5635,98535.984375,ok
"[22, 9, 1]",32,4,8,512,9495,5473,177259.921875,ok
"[22, 9, 1]",32,2,16,512,3689,2827,,timeout
"[22, 9, 1]",64,32,2,512,9821,5921,,OOM_rank0
"[22, 9, 1]",64,16,4,512,9849,6166,,OOM_rank0
"[22, 9, 1]",64,8,8,512,9803,6343,,OOM_rank0
"[22, 9, 1]",64,4,16,512,3737,2831,,timeout
"[22, 9, 1]",64,2,32,512,3721,2825,,timeout
"[23, 1, 8]",32,16,2,512,6809,2016,61978.62890625,ok
"[23, 1, 8]",32,8,4,512,3255,1245,97014.796875,ok
"[23, 1, 8]",32,4,8,512,1287,831,176118.0625,ok
"[23, 1, 8]",32,2,16,512,601,510,,timeout
"[23, 1, 8]",64,32,2,512,9715,2604,,OOM_rank0
"[23, 1, 8]",64,16,4,512,7081,2264,,OOM_rank0
"[23, 1, 8]",64,8,8,512,3365,1369,,OOM_rank0
"[23, 1, 8]",64,4,16,512,649,534,,timeout
"[23, 1, 8]",64,2,32,512,633,530,,timeout
"[23, 2, 7]",32,16,2,512,9675,2727,62023.41796875,ok
"[23, 2, 7]",32,8,4,512,5957,2192,96959.6484375,ok
"[23, 2, 7]",32,4,8,512,2313,1418,174280.796875,ok
"[23, 2, 7]",32,2,16,512,987,837,,timeout
"[23, 2, 7]",64,32,2,512,9563,3155,,OOM_rank0
"[23, 2, 7]",64,16,4,512,9799,3139,,OOM_rank0
"[23, 2, 7]",64,8,8,512,6331,2459,,OOM_rank0
"[23, 2, 7]",64,4,16,512,1035,853,,timeout
"[23, 2, 7]",64,2,32,512,1019,860,,timeout
"[23, 3, 6]",32,16,2,512,9797,3393,61941.94921875,ok
"[23, 3, 6]",32,8,4,512,8719,3173,97207.0703125,ok
"[23, 3, 6]",32,4,8,512,3339,2006,174835.203125,ok
"[23, 3, 6]",32,2,16,512,1373,1139,,timeout
"[23, 3, 6]",64,32,2,512,9441,3643,,OOM_rank0
"[23, 3, 6]",64,16,4,512,9509,3515,,OOM_rank0
"[23, 3, 6]",64,8,8,512,9297,3529,,OOM_rank0
"[23, 3, 6]",64,4,16,512,1421,1161,,timeout
"[23, 3, 6]",64,2,32,512,1405,1165,,timeout
"[23, 4, 5]",32,16,2,512,9769,3650,61889.1484375,ok
"[23, 4, 5]",32,8,4,512,9111,3385,97493.6640625,ok
"[23, 4, 5]",32,4,8,512,4365,2593,175934.859375,ok
"[23, 4, 5]",32,2,16,512,1759,1452,,timeout
"[23, 4, 5]",64,32,2,512,9607,3936,,OOM_rank0
"[23, 4, 5]",64,16,4,512,9229,3980,,OOM_rank0
"[23, 4, 5]",64,8,8,512,8693,3700,,OOM_rank0
"[23, 4, 5]",64,4,16,512,1807,1481,,timeout
"[23, 4, 5]",64,2,32,512,1791,1479,,timeout
"[23, 5, 4]",32,16,2,512,9811,4055,61937.64453125,ok
"[23, 5, 4]",32,8,4,512,8771,3812,96871.578125,ok
"[23, 5, 4]",32,4,8,512,5391,3161,175102.640625,ok
"[23, 5, 4]",32,2,16,512,2145,1747,,timeout
"[23, 5, 4]",64,32,2,512,9819,4260,,OOM_rank0
"[23, 5, 4]",64,16,4,512,9753,4578,,OOM_rank0
"[23, 5, 4]",64,8,8,512,9367,4505,,OOM_rank0
"[23, 5, 4]",64,4,16,512,2193,1770,,timeout
"[23, 5, 4]",64,2,32,512,2177,1755,,timeout
"[23, 6, 3]",32,16,2,512,9843,4252,61958.55859375,ok
"[23, 6, 3]",32,8,4,512,9153,4277,97109.0546875,ok
"[23, 6, 3]",32,4,8,512,6417,3755,175163.125,ok
"[23, 6, 3]",32,2,16,512,2531,2032,,timeout
"[23, 6, 3]",64,32,2,512,9833,4663,,OOM_rank0
"[23, 6, 3]",64,16,4,512,9639,4851,,OOM_rank0
"[23, 6, 3]",64,8,8,512,9291,4702,,OOM_rank0
"[23, 6, 3]",64,4,16,512,2579,2047,,timeout
"[23, 6, 3]",64,2,32,512,2563,2040,,timeout
"[23, 7, 2]",32,16,2,512,9577,4624,61959.984375,ok
"[23, 7, 2]",32,8,4,512,8985,4663,96804.15625,ok
"[23, 7, 2]",32,4,8,512,7443,4336,175991.46875,ok
"[23, 7, 2]",32,2,16,512,2917,2315,,timeout
"[23, 7, 2]",64,32,2,512,9831,4994,,OOM_rank0
"[23, 7, 2]",64,16,4,512,9697,5250,,OOM_rank0
"[23, 7, 2]",64,8,8,512,9741,5437,,OOM_rank0
"[23, 7, 2]",64,4,16,512,2965,2333,,timeout
"[23, 7, 2]",64,2,32,512,2949,2338,,timeout
"[23, 8, 1]",32,16,2,512,9785,4850,62690.94140625,ok
"[23, 8, 1]",32,8,4,512,8751,4954,98547.4140625,ok
"[23, 8, 1]",32,4,8,512,8469,4905,178368.671875,ok
"[23, 8, 1]",32,2,16,512,3303,2571,,timeout
"[23, 8, 1]",64,32,2,512,9759,5429,,OOM_rank0
"[23, 8, 1]",64,16,4,512,9637,5664,,OOM_rank0
"[23, 8, 1]",64,8,8,512,9769,5873,,OOM_rank0
"[23, 8, 1]",64,4,16,512,3351,2593,,timeout
"[23, 8, 1]",64,2,32,512,3335,2586,,timeout
"[24, 1, 7]",32,16,2,512,6809,1991,61740.7890625,ok
"[24, 1, 7]",32,8,4,512,3255,1241,97245.921875,ok
"[24, 1, 7]",32,4,8,512,1287,827,174943.171875,ok
"[24, 1, 7]",32,2,16,512,601,516,,timeout
"[24, 1, 7]",64,32,2,512,9715,2328,,OOM_rank0
"[24, 1, 7]",64,16,4,512,6091,1925,,OOM_rank0
"[24, 1, 7]",64,8,8,512,2889,1214,,OOM_rank0
"[24, 1, 7]",64,4,16,512,649,537,,timeout
"[24, 1, 7]",64,2,32,512,633,532,,timeout
"[24, 2, 6]",32,16,2,512,9675,2696,61795.296875,ok
"[24, 2, 6]",32,8,4,512,5957,2186,96860.40625,ok
"[24, 2, 6]",32,4,8,512,2313,1414,178058.109375,ok
"[24, 2, 6]",32,2,16,512,987,848,,timeout
"[24, 2, 6]",64,32,2,512,9493,2906,,OOM_rank0
"[24, 2, 6]",64,16,4,512,9799,2944,,OOM_rank0
"[24, 2, 6]",64,8,8,512,5407,2162,,OOM_rank0
"[24, 2, 6]",64,4,16,512,1035,856,,timeout
"[24, 2, 6]",64,2,32,512,1019,860,,timeout
"[24, 3, 5]",32,16,2,512,9797,3322,61648.59375,ok
"[24, 3, 5]",32,8,4,512,8719,3139,97342.7421875,ok
"[24, 3, 5]",32,4,8,512,3339,2002,175402.65625,ok
"[24, 3, 5]",32,2,16,512,1373,1155,,timeout
"[24, 3, 5]",64,32,2,512,9441,3292,,OOM_rank0
"[24, 3, 5]",64,16,4,512,9509,3490,,OOM_rank0
"[24, 3, 5]",64,8,8,512,7925,3084,,OOM_rank0
"[24, 3, 5]",64,4,16,512,1421,1168,,timeout
"[24, 3, 5]",64,2,32,512,1405,1171,,timeout
"[24, 4, 4]",32,16,2,512,9769,3618,61745.0,ok
"[24, 4, 4]",32,8,4,512,9111,3372,97555.46875,ok
"[24, 4, 4]",32,4,8,512,4365,2582,177083.453125,ok
"[24, 4, 4]",32,2,16,512,1759,1463,,timeout
"[24, 4, 4]",64,32,2,512,9607,3820,,OOM_rank0
"[24, 4, 4]",64,16,4,512,9229,3858,,OOM_rank0
"[24, 4, 4]",64,8,8,512,8693,3522,,OOM_rank0
"[24, 4, 4]",64,4,16,512,1807,1488,,timeout
"[24, 4, 4]",64,2,32,512,1791,1463,,timeout
"[24, 5, 3]",32,16,2,512,9549,3981,61770.640625,ok
"[24, 5, 3]",32,8,4,512,8771,3788,96840.2890625,ok
"[24, 5, 3]",32,4,8,512,5391,3159,175709.609375,ok
"[24, 5, 3]",32,2,16,512,2145,1769,,timeout
"[24, 5, 3]",64,32,2,512,9433,3938,,OOM_rank0
"[24, 5, 3]",64,16,4,512,9753,4371,,OOM_rank0
"[24, 5, 3]",64,8,8,512,8851,4093,,OOM_rank0
"[24, 5, 3]",64,4,16,512,2193,1780,,timeout
"[24, 5, 3]",64,2,32,512,2177,1785,,timeout
"[24, 6, 2]",32,16,2,512,9843,4250,61870.578125,ok
"[24, 6, 2]",32,8,4,512,9153,4264,97225.109375,ok
"[24, 6, 2]",32,4,8,512,6417,3744,174633.171875,ok
"[24, 6, 2]",32,2,16,512,2531,2043,,timeout
"[24, 6, 2]",64,32,2,512,9727,4354,,OOM_rank0
"[24, 6, 2]",64,16,4,512,9551,4572,,OOM_rank0
"[24, 6, 2]",64,8,8,512,9291,4419,,OOM_rank0
"[24, 6, 2]",64,4,16,512,2579,2064,,timeout
"[24, 6, 2]",64,2,32,512,2563,2065,,timeout
"[24, 7, 1]",32,16,2,512,9577,4609,61797.58203125,ok
"[24, 7, 1]",32,8,4,512,8985,4619,97257.2578125,ok
"[24, 7, 1]",32,4,8,512,7443,4301,175472.390625,ok
"[24, 7, 1]",32,2,16,512,2917,2318,,timeout
"[24, 7, 1]",64,32,2,512,9793,4839,,OOM_rank0
"[24, 7, 1]",64,16,4,512,9819,4919,,OOM_rank0
"[24, 7, 1]",64,8,8,512,9741,5195,,OOM_rank0
"[24, 7, 1]",64,4,16,512,2965,2327,,timeout
"[24, 7, 1]",64,2,32,512,2949,2330,,timeout
