timestamp,label,gpu_mb,rank0_40gb_mb,rank1_20gb_mb,rank2_10gb_mb,rank3_10gb_mb
17:07:37.893,s30_9_1_0_b32_mb2,87,37,25,12,12
17:07:38.443,s30_9_1_0_b32_mb2,87,37,25,12,12
17:07:38.937,s30_9_1_0_b32_mb2,87,37,25,12,12
17:07:39.439,s30_9_1_0_b32_mb2,87,37,25,12,12
17:07:39.940,s30_9_1_0_b32_mb2,87,37,25,12,12
17:07:40.442,s30_9_1_0_b32_mb2,87,37,25,12,12
17:07:40.944,s30_9_1_0_b32_mb2,87,37,25,12,12
17:07:41.446,s30_9_1_0_b32_mb2,87,37,25,12,12
17:07:41.948,s30_9_1_0_b32_mb2,87,37,25,12,12
17:07:42.450,s30_9_1_0_b32_mb2,87,37,25,12,12
17:07:42.952,s30_9_1_0_b32_mb2,90,40,25,12,12
17:07:43.454,s30_9_1_0_b32_mb2,407,58,157,38,94
17:07:43.965,s30_9_1_0_b32_mb2,565,220,157,94,94
17:07:44.467,s30_9_1_0_b32_mb2,565,220,157,94,94
17:07:44.968,s30_9_1_0_b32_mb2,587,222,159,96,110
17:07:45.470,s30_9_1_0_b32_mb2,587,222,159,96,110
17:07:45.972,s30_9_1_0_b32_mb2,587,222,159,96,110
17:07:46.474,s30_9_1_0_b32_mb2,587,222,159,96,110
17:07:46.976,s30_9_1_0_b32_mb2,587,222,159,96,110
17:07:47.478,s30_9_1_0_b32_mb2,587,222,159,96,110
17:07:47.980,s30_9_1_0_b32_mb2,587,222,159,96,110
17:07:48.484,s30_9_1_0_b32_mb2,587,222,159,96,110
17:07:48.986,s30_9_1_0_b32_mb2,2723,222,1221,1160,110
17:07:49.488,s30_9_1_0_b32_mb2,5283,222,1221,1170,2670
17:07:49.990,s30_9_1_0_b32_mb2,9123,2782,1221,1170,3950
17:07:50.492,s30_9_1_0_b32_mb2,7875,4094,1221,1170,1390
17:07:50.994,s30_9_1_0_b32_mb2,7875,4094,1221,1170,1390
17:07:51.495,s30_9_1_0_b32_mb2,7875,4094,1221,1170,1390
17:07:51.997,s30_9_1_0_b32_mb2,7895,4094,1221,1190,1390
17:07:52.499,s30_9_1_0_b32_mb2,7895,4094,1221,1190,1390
17:07:53.001,s30_9_1_0_b32_mb2,8975,4094,2281,1190,1410
17:07:53.503,s30_9_1_0_b32_mb2,8975,4094,2281,1190,1410
17:07:54.004,s30_9_1_0_b32_mb2,8975,4094,2281,1190,1410
17:07:54.506,s30_9_1_0_b32_mb2,8977,4096,2281,1190,1410
17:07:55.008,s30_9_1_0_b32_mb2,8977,4096,2281,1190,1410
17:07:55.510,s30_9_1_0_b32_mb2,8977,4096,2281,1190,1410
17:07:56.012,s30_9_1_0_b32_mb2,8977,4096,2281,1190,1410
17:07:56.514,s30_9_1_0_b32_mb2,9397,4096,2701,1190,1410
17:07:57.016,s30_9_1_0_b32_mb2,10037,4096,3341,1190,1410
17:07:57.518,s30_9_1_0_b32_mb2,10037,4096,3341,1190,1410
17:07:58.019,s30_9_1_0_b32_mb2,10037,4096,3341,1190,1410
17:07:58.521,s30_9_1_0_b32_mb2,10037,4096,3341,1190,1410
17:07:59.023,s30_9_1_0_b32_mb2,10037,4096,3341,1190,1410
17:07:59.525,s30_9_1_0_b32_mb2,10037,4096,3341,1190,1410
17:08:00.027,s30_9_1_0_b32_mb2,10037,4096,3341,1190,1410
17:08:00.529,s30_9_1_0_b32_mb2,11097,4096,4401,1190,1410
17:08:01.030,s30_9_1_0_b32_mb2,11097,4096,4401,1190,1410
17:08:01.532,s30_9_1_0_b32_mb2,11097,4096,4401,1190,1410
17:08:02.034,s30_9_1_0_b32_mb2,11097,4096,4401,1190,1410
17:08:02.536,s30_9_1_0_b32_mb2,11737,4736,4401,1190,1410
17:08:03.038,s30_9_1_0_b32_mb2,11737,4736,4401,1190,1410
17:08:03.540,s30_9_1_0_b32_mb2,11737,4736,4401,1190,1410
17:08:04.042,s30_9_1_0_b32_mb2,11737,4736,4401,1190,1410
17:08:04.543,s30_9_1_0_b32_mb2,12797,4736,5461,1190,1410
17:08:05.045,s30_9_1_0_b32_mb2,12797,4736,5461,1190,1410
17:08:05.547,s30_9_1_0_b32_mb2,12797,4736,5461,1190,1410
17:08:06.049,s30_9_1_0_b32_mb2,13517,5456,5461,1190,1410
17:08:06.551,s30_9_1_0_b32_mb2,13837,5776,5461,1190,1410
17:08:07.053,s30_9_1_0_b32_mb2,13837,5776,5461,1190,1410
17:08:07.555,s30_9_1_0_b32_mb2,13837,5776,5461,1190,1410
17:08:08.056,s30_9_1_0_b32_mb2,13837,5776,5461,1190,1410
17:08:08.558,s30_9_1_0_b32_mb2,14897,5776,6521,1190,1410
17:08:09.060,s30_9_1_0_b32_mb2,14897,5776,6521,1190,1410
17:08:09.562,s30_9_1_0_b32_mb2,14897,5776,6521,1190,1410
17:08:10.064,s30_9_1_0_b32_mb2,15957,6836,6521,1190,1410
17:08:10.565,s30_9_1_0_b32_mb2,15957,6836,6521,1190,1410
17:08:11.067,s30_9_1_0_b32_mb2,15957,6836,6521,1190,1410
17:08:11.569,s30_9_1_0_b32_mb2,15957,6836,6521,1190,1410
17:08:12.071,s30_9_1_0_b32_mb2,16377,6836,6941,1190,1410
17:08:12.573,s30_9_1_0_b32_mb2,17017,6836,7581,1190,1410
17:08:13.075,s30_9_1_0_b32_mb2,17017,6836,7581,1190,1410
17:08:13.577,s30_9_1_0_b32_mb2,17067,6836,7581,1190,1410
17:08:14.079,s30_9_1_0_b32_mb2,18077,7896,7581,1190,1410
17:08:14.581,s30_9_1_0_b32_mb2,18077,7896,7581,1190,1410
17:08:15.083,s30_9_1_0_b32_mb2,18077,7896,7581,1190,1410
17:08:15.584,s30_9_1_0_b32_mb2,18077,7896,7581,1190,1410
17:08:16.086,s30_9_1_0_b32_mb2,18817,7896,8321,1190,1410
17:08:16.588,s30_9_1_0_b32_mb2,19137,7896,8641,1190,1410
17:08:17.090,s30_9_1_0_b32_mb2,19137,7896,8641,1190,1410
17:08:17.592,s30_9_1_0_b32_mb2,19877,8636,8641,1190,1410
17:08:18.094,s30_9_1_0_b32_mb2,20197,8956,8641,1190,1410
17:08:18.596,s30_9_1_0_b32_mb2,20197,8956,8641,1190,1410
17:08:19.098,s30_9_1_0_b32_mb2,20197,8956,8641,1190,1410
17:08:19.600,s30_9_1_0_b32_mb2,20197,8956,8641,1190,1410
17:08:20.102,s30_9_1_0_b32_mb2,21257,8956,9701,1190,1410
17:08:20.604,s30_9_1_0_b32_mb2,21279,8956,9723,1190,1410
17:08:21.106,s30_9_1_0_b32_mb2,21279,8956,9723,1190,1410
17:08:21.608,s30_9_1_0_b32_mb2,22339,10016,9723,1190,1410
17:08:22.110,s30_9_1_0_b32_mb2,22339,10016,9723,1190,1410
17:08:22.612,s30_9_1_0_b32_mb2,22339,10016,9723,1190,1410
17:08:23.113,s30_9_1_0_b32_mb2,22339,10016,9723,1190,1410
17:08:23.616,s30_9_1_0_b32_mb2,22339,10016,9723,1190,1410
17:08:24.118,s30_9_1_0_b32_mb2,22339,10016,9723,1190,1410
17:08:24.621,s30_9_1_0_b32_mb2,22339,10016,9723,1190,1410
17:08:25.123,s30_9_1_0_b32_mb2,22339,10016,9723,1190,1410
17:08:25.625,s30_9_1_0_b32_mb2,23399,11076,9723,1190,1410
17:08:26.127,s30_9_1_0_b32_mb2,23399,11076,9723,1190,1410
17:08:26.629,s30_9_1_0_b32_mb2,23399,11076,9723,1190,1410
17:08:27.131,s30_9_1_0_b32_mb2,23419,11076,9743,1190,1410
17:08:27.632,s30_9_1_0_b32_mb2,23419,11076,9743,1190,1410
17:08:28.134,s30_9_1_0_b32_mb2,23419,11076,9743,1190,1410
17:08:28.636,s30_9_1_0_b32_mb2,23419,11076,9743,1190,1410
17:08:29.138,s30_9_1_0_b32_mb2,23419,11076,9743,1190,1410
17:08:29.640,s30_9_1_0_b32_mb2,24479,12136,9743,1190,1410
17:08:30.142,s30_9_1_0_b32_mb2,24479,12136,9743,1190,1410
17:08:30.644,s30_9_1_0_b32_mb2,24479,12136,9743,1190,1410
17:08:31.146,s30_9_1_0_b32_mb2,24479,12136,9743,1190,1410
17:08:31.648,s30_9_1_0_b32_mb2,24479,12136,9743,1190,1410
17:08:32.150,s30_9_1_0_b32_mb2,24479,12136,9743,1190,1410
17:08:32.652,s30_9_1_0_b32_mb2,24479,12136,9743,1190,1410
17:08:33.154,s30_9_1_0_b32_mb2,25219,12876,9743,1190,1410
17:08:33.656,s30_9_1_0_b32_mb2,25539,13196,9743,1190,1410
17:08:34.157,s30_9_1_0_b32_mb2,25539,13196,9743,1190,1410
17:08:34.659,s30_9_1_0_b32_mb2,25539,13196,9743,1190,1410
17:08:35.161,s30_9_1_0_b32_mb2,25539,13196,9743,1190,1410
17:08:35.663,s30_9_1_0_b32_mb2,25539,13196,9743,1190,1410
17:08:36.165,s30_9_1_0_b32_mb2,25539,13196,9743,1190,1410
17:08:36.667,s30_9_1_0_b32_mb2,25539,13196,9743,1190,1410
17:08:37.169,s30_9_1_0_b32_mb2,26599,14256,9743,1190,1410
17:08:37.671,s30_9_1_0_b32_mb2,26599,14256,9743,1190,1410
17:08:38.173,s30_9_1_0_b32_mb2,26599,14256,9743,1190,1410
17:08:38.675,s30_9_1_0_b32_mb2,26599,14256,9743,1190,1410
17:08:39.177,s30_9_1_0_b32_mb2,26599,14256,9743,1190,1410
17:08:39.678,s30_9_1_0_b32_mb2,26599,14256,9743,1190,1410
17:08:40.180,s30_9_1_0_b32_mb2,26599,14256,9743,1190,1410
17:08:40.682,s30_9_1_0_b32_mb2,26699,14306,9743,1190,1410
17:08:41.184,s30_9_1_0_b32_mb2,27659,15316,9743,1190,1410
17:08:41.686,s30_9_1_0_b32_mb2,27659,15316,9743,1190,1410
17:08:42.188,s30_9_1_0_b32_mb2,27659,15316,9743,1190,1410
17:08:42.690,s30_9_1_0_b32_mb2,27659,15316,9743,1190,1410
17:08:43.192,s30_9_1_0_b32_mb2,27659,15316,9743,1190,1410
17:08:43.694,s30_9_1_0_b32_mb2,27659,15316,9743,1190,1410
17:08:44.197,s30_9_1_0_b32_mb2,27659,15316,9743,1190,1410
17:08:44.699,s30_9_1_0_b32_mb2,28399,16056,9743,1190,1410
17:08:45.200,s30_9_1_0_b32_mb2,28719,16376,9743,1190,1410
17:08:45.702,s30_9_1_0_b32_mb2,28719,16376,9743,1190,1410
17:08:46.204,s30_9_1_0_b32_mb2,28719,16376,9743,1190,1410
17:08:46.706,s30_9_1_0_b32_mb2,28719,16376,9743,1190,1410
17:08:47.208,s30_9_1_0_b32_mb2,28719,16376,9743,1190,1410
17:08:47.709,s30_9_1_0_b32_mb2,28719,16376,9743,1190,1410
17:08:48.211,s30_9_1_0_b32_mb2,28719,16376,9743,1190,1410
17:08:48.713,s30_9_1_0_b32_mb2,29779,17436,9743,1190,1410
17:08:49.215,s30_9_1_0_b32_mb2,29779,17436,9743,1190,1410
17:08:49.717,s30_9_1_0_b32_mb2,29779,17436,9743,1190,1410
17:08:50.219,s30_9_1_0_b32_mb2,29779,17436,9743,1190,1410
17:08:50.721,s30_9_1_0_b32_mb2,29779,17436,9743,1190,1410
17:08:51.223,s30_9_1_0_b32_mb2,29779,17436,9743,1190,1410
17:08:51.724,s30_9_1_0_b32_mb2,29779,17436,9743,1190,1410
17:08:52.226,s30_9_1_0_b32_mb2,30199,17486,9743,1190,1410
17:08:52.728,s30_9_1_0_b32_mb2,30839,18496,9743,1190,1410
17:08:53.230,s30_9_1_0_b32_mb2,30839,18496,9743,1190,1410
17:08:53.732,s30_9_1_0_b32_mb2,30839,18496,9743,1190,1410
17:08:54.233,s30_9_1_0_b32_mb2,30839,18496,9743,1190,1410
17:08:54.735,s30_9_1_0_b32_mb2,30839,18496,9743,1190,1410
17:08:55.237,s30_9_1_0_b32_mb2,30839,18496,9743,1190,1410
17:08:55.739,s30_9_1_0_b32_mb2,30839,18496,9743,1190,1410
17:08:56.241,s30_9_1_0_b32_mb2,31899,19556,9743,1190,1410
17:08:56.743,s30_9_1_0_b32_mb2,31899,19556,9743,1190,1410
17:08:57.244,s30_9_1_0_b32_mb2,31899,19556,9743,1190,1410
17:08:57.746,s30_9_1_0_b32_mb2,31899,19556,9743,1190,1410
17:08:58.248,s30_9_1_0_b32_mb2,31899,19556,9743,1190,1410
17:08:58.750,s30_9_1_0_b32_mb2,31899,19556,9743,1190,1410
17:08:59.252,s30_9_1_0_b32_mb2,31899,19556,9743,1190,1410
17:08:59.754,s30_9_1_0_b32_mb2,31899,19556,9743,1190,1410
17:09:00.256,s30_9_1_0_b32_mb2,32959,20616,9743,1190,1410
17:09:00.757,s30_9_1_0_b32_mb2,32959,20616,9743,1190,1410
17:09:01.260,s30_9_1_0_b32_mb2,32959,20616,9743,1190,1410
17:09:01.761,s30_9_1_0_b32_mb2,32959,20616,9743,1190,1410
17:09:02.263,s30_9_1_0_b32_mb2,32959,20616,9743,1190,1410
17:09:02.765,s30_9_1_0_b32_mb2,32959,20616,9743,1190,1410
17:09:03.268,s30_9_1_0_b32_mb2,32959,20616,9743,1190,1410
17:09:03.770,s30_9_1_0_b32_mb2,33699,21036,9743,1190,1410
17:09:04.272,s30_9_1_0_b32_mb2,34019,21676,9743,1190,1410
17:09:04.774,s30_9_1_0_b32_mb2,34019,21676,9743,1190,1410
17:09:05.275,s30_9_1_0_b32_mb2,34019,21676,9743,1190,1410
17:09:05.777,s30_9_1_0_b32_mb2,34019,21676,9743,1190,1410
17:09:06.279,s30_9_1_0_b32_mb2,34019,21676,9743,1190,1410
17:09:06.781,s30_9_1_0_b32_mb2,34019,21676,9743,1190,1410
17:09:07.283,s30_9_1_0_b32_mb2,34019,21676,9743,1190,1410
17:09:07.785,s30_9_1_0_b32_mb2,35079,22736,9743,1190,1410
17:09:08.287,s30_9_1_0_b32_mb2,35079,22736,9743,1190,1410
17:09:08.789,s30_9_1_0_b32_mb2,35079,22736,9743,1190,1410
17:09:09.291,s30_9_1_0_b32_mb2,35079,22736,9743,1190,1410
17:09:09.792,s30_9_1_0_b32_mb2,35079,22736,9743,1190,1410
17:09:10.294,s30_9_1_0_b32_mb2,35079,22736,9743,1190,1410
17:09:10.797,s30_9_1_0_b32_mb2,35079,22736,9743,1190,1410
17:09:11.299,s30_9_1_0_b32_mb2,35179,22776,9743,1190,1410
17:09:11.801,s30_9_1_0_b32_mb2,36139,23796,9743,1190,1410
17:09:12.302,s30_9_1_0_b32_mb2,36139,23796,9743,1190,1410
17:09:12.804,s30_9_1_0_b32_mb2,36139,23796,9743,1190,1410
17:09:13.306,s30_9_1_0_b32_mb2,36139,23796,9743,1190,1410
17:09:13.808,s30_9_1_0_b32_mb2,36139,23796,9743,1190,1410
17:09:14.310,s30_9_1_0_b32_mb2,36139,23796,9743,1190,1410
17:09:14.812,s30_9_1_0_b32_mb2,36139,23796,9743,1190,1410
17:09:15.314,s30_9_1_0_b32_mb2,37199,24856,9743,1190,1410
17:09:15.816,s30_9_1_0_b32_mb2,37199,24856,9743,1190,1410
17:09:16.317,s30_9_1_0_b32_mb2,37199,24856,9743,1190,1410
17:09:16.819,s30_9_1_0_b32_mb2,37199,24856,9743,1190,1410
17:09:17.321,s30_9_1_0_b32_mb2,37199,24856,9743,1190,1410
17:09:17.823,s30_9_1_0_b32_mb2,37199,24856,9743,1190,1410
17:09:18.325,s30_9_1_0_b32_mb2,37199,24856,9743,1190,1410
17:09:18.826,s30_9_1_0_b32_mb2,37199,24856,9743,1190,1410
17:09:19.328,s30_9_1_0_b32_mb2,38259,25916,9743,1190,1410
17:09:19.830,s30_9_1_0_b32_mb2,38259,25916,9743,1190,1410
17:09:20.332,s30_9_1_0_b32_mb2,38259,25916,9743,1190,1410
17:09:20.834,s30_9_1_0_b32_mb2,38259,25916,9743,1190,1410
17:09:21.336,s30_9_1_0_b32_mb2,38259,25916,9743,1190,1410
17:09:21.838,s30_9_1_0_b32_mb2,38259,25916,9743,1190,1410
17:09:22.340,s30_9_1_0_b32_mb2,38259,25916,9743,1190,1410
17:09:22.842,s30_9_1_0_b32_mb2,38999,26336,9743,1190,1410
17:09:23.344,s30_9_1_0_b32_mb2,39319,26976,9743,1190,1410
17:09:23.845,s30_9_1_0_b32_mb2,39319,26976,9743,1190,1410
17:09:24.347,s30_9_1_0_b32_mb2,39319,26976,9743,1190,1410
17:09:24.849,s30_9_1_0_b32_mb2,39319,26976,9743,1190,1410
17:09:25.351,s30_9_1_0_b32_mb2,39319,26976,9743,1190,1410
17:09:25.853,s30_9_1_0_b32_mb2,39319,26976,9743,1190,1410
17:09:26.355,s30_9_1_0_b32_mb2,39319,26976,9743,1190,1410
17:09:26.857,s30_9_1_0_b32_mb2,40379,28036,9743,1190,1410
17:09:27.359,s30_9_1_0_b32_mb2,40379,28036,9743,1190,1410
17:09:27.861,s30_9_1_0_b32_mb2,40379,28036,9743,1190,1410
17:09:28.362,s30_9_1_0_b32_mb2,40379,28036,9743,1190,1410
17:09:28.864,s30_9_1_0_b32_mb2,40379,28036,9743,1190,1410
17:09:29.366,s30_9_1_0_b32_mb2,40379,28036,9743,1190,1410
17:09:29.869,s30_9_1_0_b32_mb2,40379,28036,9743,1190,1410
17:09:30.371,s30_9_1_0_b32_mb2,40419,28036,9743,1190,1410
17:09:30.873,s30_9_1_0_b32_mb2,41439,29096,9743,1190,1410
17:09:31.374,s30_9_1_0_b32_mb2,41439,29096,9743,1190,1410
17:09:31.876,s30_9_1_0_b32_mb2,41439,29096,9743,1190,1410
17:09:32.378,s30_9_1_0_b32_mb2,41439,29096,9743,1190,1410
17:09:32.880,s30_9_1_0_b32_mb2,41439,29096,9743,1190,1410
17:09:33.382,s30_9_1_0_b32_mb2,41439,29096,9743,1190,1410
17:09:33.884,s30_9_1_0_b32_mb2,41439,29096,9743,1190,1410
17:09:34.386,s30_9_1_0_b32_mb2,42499,30156,9743,1190,1410
17:09:34.887,s30_9_1_0_b32_mb2,42499,30156,9743,1190,1410
17:09:35.389,s30_9_1_0_b32_mb2,42499,30156,9743,1190,1410
17:09:35.891,s30_9_1_0_b32_mb2,42499,30156,9743,1190,1410
17:09:36.393,s30_9_1_0_b32_mb2,42499,30156,9743,1190,1410
17:09:36.895,s30_9_1_0_b32_mb2,42499,30156,9743,1190,1410
17:09:37.397,s30_9_1_0_b32_mb2,42499,30156,9743,1190,1410
17:09:37.899,s30_9_1_0_b32_mb2,42499,30156,9743,1190,1410
17:09:38.400,s30_9_1_0_b32_mb2,43559,31216,9743,1190,1410
17:09:38.902,s30_9_1_0_b32_mb2,43559,31216,9743,1190,1410
17:09:39.404,s30_9_1_0_b32_mb2,43559,31216,9743,1190,1410
17:09:39.906,s30_9_1_0_b32_mb2,43559,31216,9743,1190,1410
17:09:40.408,s30_9_1_0_b32_mb2,43559,31216,9743,1190,1410
17:09:40.909,s30_9_1_0_b32_mb2,43559,31216,9743,1190,1410
17:09:41.411,s30_9_1_0_b32_mb2,43559,31636,9743,1190,1410
17:09:41.913,s30_9_1_0_b32_mb2,43979,32276,9743,1190,1410
17:09:42.415,s30_9_1_0_b32_mb2,44619,32276,9743,1190,1410
17:09:42.917,s30_9_1_0_b32_mb2,44619,32276,9743,1190,1410
17:09:43.419,s30_9_1_0_b32_mb2,44619,32276,9743,1190,1410
17:09:43.920,s30_9_1_0_b32_mb2,44619,32276,9743,1190,1410
17:09:44.422,s30_9_1_0_b32_mb2,44619,32276,9743,1190,1410
17:09:44.924,s30_9_1_0_b32_mb2,44619,32276,9743,1190,1410
17:09:45.426,s30_9_1_0_b32_mb2,45359,33016,9743,1190,1410
17:09:45.927,s30_9_1_0_b32_mb2,45679,33336,9743,1190,1410
17:09:46.430,s30_9_1_0_b32_mb2,45679,33336,9743,1190,1410
17:09:46.932,s30_9_1_0_b32_mb2,45679,33336,9743,1190,1410
17:09:47.433,s30_9_1_0_b32_mb2,45679,33336,9743,1190,1410
17:09:47.935,s30_9_1_0_b32_mb2,45679,33336,9743,1190,1410
17:09:48.438,s30_9_1_0_b32_mb2,45679,33336,9743,1190,1410
17:09:48.940,s30_9_1_0_b32_mb2,45679,33336,9743,1190,1410
17:09:49.442,s30_9_1_0_b32_mb2,45679,33336,9743,1190,1410
17:09:49.944,s30_9_1_0_b32_mb2,45679,33336,9743,1190,1410
17:09:50.446,s30_9_1_0_b32_mb2,45679,33336,9743,1190,1410
17:09:50.948,s30_9_1_0_b32_mb2,45679,33336,9743,1190,1410
17:09:51.450,s30_9_1_0_b32_mb2,45679,33336,9743,1190,1410
17:09:51.952,s30_9_1_0_b32_mb2,45679,33336,9743,1190,1410
17:09:52.454,s30_9_1_0_b32_mb2,45679,33336,9743,1190,1410
17:09:52.956,s30_9_1_0_b32_mb2,45679,33336,9743,1190,1410
17:09:53.458,s30_9_1_0_b32_mb2,45679,33336,9743,1190,1410
17:09:53.960,s30_9_1_0_b32_mb2,45679,33336,9743,1190,1410
17:09:54.462,s30_9_1_0_b32_mb2,45679,33336,9743,1190,1410
17:09:54.964,s30_9_1_0_b32_mb2,45679,33336,9743,1190,1410
17:09:55.466,s30_9_1_0_b32_mb2,45679,33336,9743,1190,1410
17:09:55.968,s30_9_1_0_b32_mb2,45679,33336,9743,1190,1410
17:09:56.469,s30_9_1_0_b32_mb2,45679,33336,9743,1190,1410
17:09:56.971,s30_9_1_0_b32_mb2,45679,33336,9743,1190,1410
17:09:57.473,s30_9_1_0_b32_mb2,45679,33336,9743,1190,1410
17:09:57.975,s30_9_1_0_b32_mb2,45679,33336,9743,1190,1410
17:09:58.477,s30_9_1_0_b32_mb2,45679,33336,9743,1190,1410
17:09:58.979,s30_9_1_0_b32_mb2,45679,33336,9743,1190,1410
17:09:59.481,s30_9_1_0_b32_mb2,45679,33336,9743,1190,1410
17:09:59.983,s30_9_1_0_b32_mb2,45679,33336,9743,1190,1410
17:10:00.485,s30_9_1_0_b32_mb2,45679,33336,9743,1190,1410
17:10:00.987,s30_9_1_0_b32_mb2,45715,33370,9743,1190,1410
17:10:01.489,s30_9_1_0_b32_mb2,45855,33486,9763,1190,1410
17:10:01.990,s30_9_1_0_b32_mb2,45945,33582,9763,1190,1410
17:10:02.492,s30_9_1_0_b32_mb2,46029,33656,9773,1190,1410
17:10:02.994,s30_9_1_0_b32_mb2,46135,33656,9859,1210,1410
17:10:03.496,s30_9_1_0_b32_mb2,46185,33656,9895,1222,1410
17:10:03.998,s30_9_1_0_b32_mb2,46275,33656,9895,1278,1446
17:10:04.499,s30_9_1_0_b32_mb2,46293,33674,9895,1278,1446
17:10:05.001,s30_9_1_0_b32_mb2,46341,33722,9895,1278,1446
17:10:05.503,s30_9_1_0_b32_mb2,46357,33722,9911,1278,1446
17:10:06.005,s30_9_1_0_b32_mb2,46357,33722,9911,1278,1446
17:10:06.507,s30_9_1_0_b32_mb2,46357,33722,9911,1278,1446
17:10:07.009,s30_9_1_0_b32_mb2,46357,33722,9911,1278,1446
17:10:07.510,s30_9_1_0_b32_mb2,46357,33722,9911,1278,1446
17:10:08.012,s30_9_1_0_b32_mb2,46357,33722,9911,1278,1446
17:10:08.514,s30_9_1_0_b32_mb2,46357,33722,9911,1278,1446
17:10:09.016,s30_9_1_0_b32_mb2,46357,33722,9911,1278,1446
17:10:09.517,s30_9_1_0_b32_mb2,46357,33722,9911,1278,1446
17:10:10.019,s30_9_1_0_b32_mb2,46357,33722,9911,1278,1446
17:10:10.521,s30_9_1_0_b32_mb2,46359,33722,9913,1278,1446
17:10:11.023,s30_9_1_0_b32_mb2,46359,33722,9913,1278,1446
17:10:11.525,s30_9_1_0_b32_mb2,46359,33722,9913,1278,1446
17:10:12.026,s30_9_1_0_b32_mb2,46359,33722,9913,1278,1446
17:10:12.528,s30_9_1_0_b32_mb2,46359,33722,9913,1278,1446
17:10:13.030,s30_9_1_0_b32_mb2,46359,33722,9913,1278,1446
17:10:13.532,s30_9_1_0_b32_mb2,46359,33722,9913,1278,1446
17:10:14.034,s30_9_1_0_b32_mb2,46359,33722,9913,1278,1446
17:10:14.536,s30_9_1_0_b32_mb2,46359,33722,9913,1278,1446
17:10:15.037,s30_9_1_0_b32_mb2,46359,33722,9913,1278,1446
17:10:15.539,s30_9_1_0_b32_mb2,46359,33722,9913,1278,1446
17:10:16.041,s30_9_1_0_b32_mb2,46359,33722,9913,1278,1446
17:10:16.543,s30_9_1_0_b32_mb2,46359,33722,9913,1278,1446
17:10:17.044,s30_9_1_0_b32_mb2,46365,33728,9913,1278,1446
17:10:17.546,s30_9_1_0_b32_mb2,46373,33732,9917,1278,1446
17:10:18.048,s30_9_1_0_b32_mb2,46375,33734,9917,1278,1446
17:10:18.550,s30_9_1_0_b32_mb2,46375,33734,9917,1278,1446
17:10:19.052,s30_9_1_0_b32_mb2,46375,33734,9917,1278,1446
17:10:19.554,s30_9_1_0_b32_mb2,46375,33734,9917,1278,1446
17:10:20.055,s30_9_1_0_b32_mb2,46375,33734,9917,1278,1446
17:10:20.557,s30_9_1_0_b32_mb2,46375,33734,9917,1278,1446
17:10:21.059,s30_9_1_0_b32_mb2,46375,33734,9917,1278,1446
17:10:21.561,s30_9_1_0_b32_mb2,46375,33734,9917,1278,1446
17:10:22.062,s30_9_1_0_b32_mb2,46375,33734,9917,1278,1446
17:10:22.564,s30_9_1_0_b32_mb2,46375,33734,9917,1278,1446
17:10:23.066,s30_9_1_0_b32_mb2,46375,33734,9917,1278,1446
17:10:23.568,s30_9_1_0_b32_mb2,46375,33734,9917,1278,1446
17:10:24.070,s30_9_1_0_b32_mb2,46375,33734,9917,1278,1446
17:10:24.571,s30_9_1_0_b32_mb2,46375,33734,9917,1278,1446
17:10:25.073,s30_9_1_0_b32_mb2,46375,33734,9917,1278,1446
17:10:25.575,s30_9_1_0_b32_mb2,46375,33734,9917,1278,1446
17:10:26.077,s30_9_1_0_b32_mb2,46375,33734,9917,1278,1446
17:10:26.579,s30_9_1_0_b32_mb2,46375,33734,9917,1278,1446
17:10:27.080,s30_9_1_0_b32_mb2,46375,33734,9917,1278,1446
17:10:27.582,s30_9_1_0_b32_mb2,46375,33734,9917,1278,1446
17:10:28.084,s30_9_1_0_b32_mb2,46375,33734,9917,1278,1446
17:10:28.586,s30_9_1_0_b32_mb2,46375,33734,9917,1278,1446
17:10:29.087,s30_9_1_0_b32_mb2,46375,33734,9917,1278,1446
17:10:29.589,s30_9_1_0_b32_mb2,46375,33734,9917,1278,1446
17:10:30.091,s30_9_1_0_b32_mb2,46375,33734,9917,1278,1446
17:10:30.593,s30_9_1_0_b32_mb2,46375,33734,9917,1278,1446
17:10:31.095,s30_9_1_0_b32_mb2,46375,33734,9917,1278,1446
17:10:31.596,s30_9_1_0_b32_mb2,46375,33734,9917,1278,1446
17:10:32.098,s30_9_1_0_b32_mb2,46375,33734,9917,1278,1446
17:10:32.600,s30_9_1_0_b32_mb2,46383,33740,9917,1278,1446
17:10:33.102,s30_9_1_0_b32_mb2,46425,33784,9917,1278,1446
17:10:33.603,s30_9_1_0_b32_mb2,46453,33796,9933,1278,1446
17:10:34.105,s30_9_1_0_b32_mb2,46457,33798,9935,1278,1446
17:10:34.607,s30_9_1_0_b32_mb2,46457,33798,9935,1278,1446
17:10:35.108,s30_9_1_0_b32_mb2,46459,33798,9935,1280,1446
17:10:35.610,s30_9_1_0_b32_mb2,46459,33798,9935,1280,1446
17:10:36.112,s30_9_1_0_b32_mb2,46459,33798,9935,1280,1446
17:10:36.614,s30_9_1_0_b32_mb2,46459,33798,9935,1280,1446
17:10:37.115,s30_9_1_0_b32_mb2,46459,33798,9935,1280,1446
17:10:37.617,s30_9_1_0_b32_mb2,46459,33798,9935,1280,1446
17:10:38.119,s30_9_1_0_b32_mb2,46459,33798,9935,1280,1446
17:10:38.621,s30_9_1_0_b32_mb2,46459,33798,9935,1280,1446
17:10:39.123,s30_9_1_0_b32_mb2,46459,33798,9935,1280,1446
17:10:39.625,s30_9_1_0_b32_mb2,46459,33798,9935,1280,1446
17:10:40.127,s30_9_1_0_b32_mb2,46459,33798,9935,1280,1446
17:10:40.628,s30_9_1_0_b32_mb2,46459,33798,9935,1280,1446
17:10:41.130,s30_9_1_0_b32_mb2,46459,33798,9935,1280,1446
17:10:41.632,s30_9_1_0_b32_mb2,46459,33798,9935,1280,1446
17:10:42.134,s30_9_1_0_b32_mb2,46459,33798,9935,1280,1446
17:10:42.635,s30_9_1_0_b32_mb2,46459,33798,9935,1280,1446
17:10:43.137,s30_9_1_0_b32_mb2,46459,33798,9935,1280,1446
17:10:43.639,s30_9_1_0_b32_mb2,46459,33798,9935,1280,1446
17:10:44.141,s30_9_1_0_b32_mb2,46459,33798,9935,1280,1446
17:10:44.643,s30_9_1_0_b32_mb2,46459,33798,9935,1280,1446
17:10:45.144,s30_9_1_0_b32_mb2,46459,33798,9935,1280,1446
17:10:45.646,s30_9_1_0_b32_mb2,46459,33798,9935,1280,1446
17:10:46.148,s30_9_1_0_b32_mb2,46459,33798,9935,1280,1446
17:10:46.650,s30_9_1_0_b32_mb2,46459,33798,9935,1280,1446
17:10:47.151,s30_9_1_0_b32_mb2,46459,33798,9935,1280,1446
17:10:47.653,s30_9_1_0_b32_mb2,46459,33798,9935,1280,1446
17:10:48.155,s30_9_1_0_b32_mb2,46459,33798,9935,1280,1446
17:10:48.657,s30_9_1_0_b32_mb2,46459,33798,9935,1280,1446
17:10:49.159,s30_9_1_0_b32_mb2,46459,33798,9935,1280,1446
17:10:49.660,s30_9_1_0_b32_mb2,46459,33798,9935,1280,1446
17:10:50.162,s30_9_1_0_b32_mb2,46459,33798,9935,1280,1446
17:10:50.664,s30_9_1_0_b32_mb2,46459,33798,9935,1280,1446
17:10:51.166,s30_9_1_0_b32_mb2,46459,33798,9935,1280,1446
17:10:51.668,s30_9_1_0_b32_mb2,46459,33798,9935,1280,1446
17:10:52.169,s30_9_1_0_b32_mb2,46459,33798,9935,1280,1446
17:10:52.671,s30_9_1_0_b32_mb2,46459,33798,9935,1280,1446
17:10:53.173,s30_9_1_0_b32_mb2,46459,33798,9935,1280,1446
17:10:53.675,s30_9_1_0_b32_mb2,46459,33798,9935,1280,1446
17:10:54.177,s30_9_1_0_b32_mb2,46459,33798,9935,1280,1446
17:10:54.678,s30_9_1_0_b32_mb2,46459,33798,9935,1280,1446
17:10:55.180,s30_9_1_0_b32_mb2,46459,33798,9935,1280,1446
17:10:55.682,s30_9_1_0_b32_mb2,46499,33838,9935,1280,1446
17:10:56.184,s30_9_1_0_b32_mb2,46559,33892,9941,1280,1446
17:10:56.685,s30_9_1_0_b32_mb2,46583,33892,9963,1282,1446
17:10:57.187,s30_9_1_0_b32_mb2,46583,33892,9963,1282,1446
17:10:57.689,s30_9_1_0_b32_mb2,46585,33892,9965,1282,1446
17:10:58.191,s30_9_1_0_b32_mb2,46585,33892,9965,1282,1446
17:10:58.693,s30_9_1_0_b32_mb2,46585,33892,9965,1282,1446
17:10:59.195,s30_9_1_0_b32_mb2,46585,33892,9965,1282,1446
17:10:59.697,s30_9_1_0_b32_mb2,46585,33892,9965,1282,1446
17:11:00.198,s30_9_1_0_b32_mb2,46585,33892,9965,1282,1446
17:11:00.700,s30_9_1_0_b32_mb2,46585,33892,9965,1282,1446
17:11:01.202,s30_9_1_0_b32_mb2,46585,33892,9965,1282,1446
17:11:01.704,s30_9_1_0_b32_mb2,46585,33892,9965,1282,1446
17:11:02.206,s30_9_1_0_b32_mb2,46585,33892,9965,1282,1446
17:11:02.707,s30_9_1_0_b32_mb2,46585,33892,9965,1282,1446
17:11:03.209,s30_9_1_0_b32_mb2,46585,33892,9965,1282,1446
17:11:03.711,s30_9_1_0_b32_mb2,46585,33892,9965,1282,1446
17:11:04.212,s30_9_1_0_b32_mb2,46585,33892,9965,1282,1446
17:11:04.714,s30_9_1_0_b32_mb2,46585,33892,9965,1282,1446
17:11:05.216,s30_9_1_0_b32_mb2,46585,33892,9965,1282,1446
17:11:05.718,s30_9_1_0_b32_mb2,46585,33892,9965,1282,1446
17:11:06.220,s30_9_1_0_b32_mb2,46585,33892,9965,1282,1446
17:11:06.722,s30_9_1_0_b32_mb2,46585,33892,9965,1282,1446
17:11:07.223,s30_9_1_0_b32_mb2,46585,33892,9965,1282,1446
17:11:07.725,s30_9_1_0_b32_mb2,46585,33892,9965,1282,1446
17:11:08.227,s30_9_1_0_b32_mb2,46585,33892,9965,1282,1446
17:11:08.729,s30_9_1_0_b32_mb2,46585,33892,9965,1282,1446
17:11:09.231,s30_9_1_0_b32_mb2,46585,33892,9965,1282,1446
17:11:09.732,s30_9_1_0_b32_mb2,46585,33892,9965,1282,1446
17:11:10.234,s30_9_1_0_b32_mb2,46585,33892,9965,1282,1446
17:11:10.736,s30_9_1_0_b32_mb2,46585,33892,9965,1282,1446
17:11:11.237,s30_9_1_0_b32_mb2,46585,33892,9965,1282,1446
17:11:11.739,s30_9_1_0_b32_mb2,46585,33892,9965,1282,1446
17:11:12.241,s30_9_1_0_b32_mb2,46585,33892,9965,1282,1446
17:11:12.743,s30_9_1_0_b32_mb2,46585,33892,9965,1282,1446
17:11:13.244,s30_9_1_0_b32_mb2,46585,33892,9965,1282,1446
17:11:13.746,s30_9_1_0_b32_mb2,46585,33892,9965,1282,1446
17:11:14.248,s30_9_1_0_b32_mb2,46585,33892,9965,1282,1446
17:11:14.750,s30_9_1_0_b32_mb2,46585,33892,9965,1282,1446
17:11:15.252,s30_9_1_0_b32_mb2,46585,33892,9965,1282,1446
17:11:15.753,s30_9_1_0_b32_mb2,46585,33892,9965,1282,1446
17:11:16.255,s30_9_1_0_b32_mb2,46585,33892,9965,1282,1446
17:11:16.757,s30_9_1_0_b32_mb2,46585,33892,9965,1282,1446
17:11:17.259,s30_9_1_0_b32_mb2,46585,33892,9965,1282,1446
17:11:17.760,s30_9_1_0_b32_mb2,46585,33892,9965,1282,1446
17:11:18.262,s30_9_1_0_b32_mb2,46585,33892,9965,1282,1446
17:11:18.764,s30_9_1_0_b32_mb2,46585,33892,9965,1282,1446
17:11:19.266,s30_9_1_0_b32_mb2,46585,33892,9965,1282,1446
17:11:19.767,s30_9_1_0_b32_mb2,46585,33892,9965,1282,1446
17:11:20.269,s30_9_1_0_b32_mb2,46585,33892,9965,1282,1446
17:11:20.771,s30_9_1_0_b32_mb2,46585,33892,9965,1282,1446
17:11:21.273,s30_9_1_0_b32_mb2,46585,33892,9965,1282,1446
17:11:21.774,s30_9_1_0_b32_mb2,46585,33892,9965,1282,1446
17:11:22.276,s30_9_1_0_b32_mb2,46585,33892,9965,1282,1446
17:11:22.778,s30_9_1_0_b32_mb2,46585,33892,9965,1282,1446
17:11:23.280,s30_9_1_0_b32_mb2,46585,33892,9965,1282,1446
17:11:23.781,s30_9_1_0_b32_mb2,46585,33892,9965,1282,1446
17:11:24.283,s30_9_1_0_b32_mb2,46585,33892,9965,1282,1446
17:11:24.785,s30_9_1_0_b32_mb2,46585,33892,9965,1282,1446
17:11:25.287,s30_9_1_0_b32_mb2,46585,33892,9965,1282,1446
17:11:25.788,s30_9_1_0_b32_mb2,46585,33892,9965,1282,1446
17:11:26.290,s30_9_1_0_b32_mb2,46585,33892,9965,1282,1446
17:11:26.792,s30_9_1_0_b32_mb2,46585,33892,9965,1282,1446
17:11:27.294,s30_9_1_0_b32_mb2,46585,33892,9965,1282,1446
17:11:27.795,s30_9_1_0_b32_mb2,46585,33892,9965,1282,1446
17:11:28.297,s30_9_1_0_b32_mb2,46585,33892,9965,1282,1446
17:11:28.799,s30_9_1_0_b32_mb2,46585,33892,9965,1282,1446
17:11:29.301,s30_9_1_0_b32_mb2,46585,33892,9965,1282,1446
17:11:29.803,s30_9_1_0_b32_mb2,46585,33892,9965,1282,1446
17:11:30.304,s30_9_1_0_b32_mb2,46585,33892,9965,1282,1446
17:11:30.806,s30_9_1_0_b32_mb2,46681,33988,9965,1282,1446
17:11:31.308,s30_9_1_0_b32_mb2,46771,34054,9989,1282,1446
17:11:31.810,s30_9_1_0_b32_mb2,46803,34056,10013,1288,1446
17:11:32.311,s30_9_1_0_b32_mb2,46803,34056,10013,1288,1446
17:11:32.813,s30_9_1_0_b32_mb2,46805,34056,10015,1288,1446
17:11:33.315,s30_9_1_0_b32_mb2,46805,34056,10015,1288,1446
17:11:33.817,s30_9_1_0_b32_mb2,46805,34056,10015,1288,1446
17:11:34.318,s30_9_1_0_b32_mb2,46805,34056,10015,1288,1446
17:11:34.820,s30_9_1_0_b32_mb2,46805,34056,10015,1288,1446
17:11:35.322,s30_9_1_0_b32_mb2,46805,34056,10015,1288,1446
17:11:35.824,s30_9_1_0_b32_mb2,46805,34056,10015,1288,1446
17:11:36.326,s30_9_1_0_b32_mb2,46805,34056,10015,1288,1446
17:11:36.827,s30_9_1_0_b32_mb2,46805,34056,10015,1288,1446
17:11:37.329,s30_9_1_0_b32_mb2,46805,34056,10015,1288,1446
17:11:37.831,s30_9_1_0_b32_mb2,46805,34056,10015,1288,1446
17:11:38.332,s30_9_1_0_b32_mb2,46805,34056,10015,1288,1446
17:11:38.834,s30_9_1_0_b32_mb2,46805,34056,10015,1288,1446
17:11:39.336,s30_9_1_0_b32_mb2,46805,34056,10015,1288,1446
17:11:39.838,s30_9_1_0_b32_mb2,46805,34056,10015,1288,1446
17:11:40.339,s30_9_1_0_b32_mb2,46805,34056,10015,1288,1446
17:11:40.841,s30_9_1_0_b32_mb2,46805,34056,10015,1288,1446
17:11:41.343,s30_9_1_0_b32_mb2,46805,34056,10015,1288,1446
17:11:41.845,s30_9_1_0_b32_mb2,46805,34056,10015,1288,1446
17:11:42.346,s30_9_1_0_b32_mb2,46805,34056,10015,1288,1446
17:11:42.848,s30_9_1_0_b32_mb2,46805,34056,10015,1288,1446
17:11:43.350,s30_9_1_0_b32_mb2,46805,34056,10015,1288,1446
17:11:43.852,s30_9_1_0_b32_mb2,46805,34056,10015,1288,1446
17:11:44.354,s30_9_1_0_b32_mb2,46805,34056,10015,1288,1446
17:11:44.855,s30_9_1_0_b32_mb2,46805,34056,10015,1288,1446
17:11:45.357,s30_9_1_0_b32_mb2,46805,34056,10015,1288,1446
17:11:45.859,s30_9_1_0_b32_mb2,46805,34056,10015,1288,1446
17:11:46.361,s30_9_1_0_b32_mb2,46805,34056,10015,1288,1446
17:11:46.863,s30_9_1_0_b32_mb2,46805,34056,10015,1288,1446
17:11:47.364,s30_9_1_0_b32_mb2,46805,34056,10015,1288,1446
17:11:47.866,s30_9_1_0_b32_mb2,46805,34056,10015,1288,1446
17:11:48.368,s30_9_1_0_b32_mb2,46805,34056,10015,1288,1446
17:11:48.870,s30_9_1_0_b32_mb2,46805,34056,10015,1288,1446
17:11:49.372,s30_9_1_0_b32_mb2,46805,34056,10015,1288,1446
17:11:49.874,s30_9_1_0_b32_mb2,46805,34056,10015,1288,1446
17:11:50.376,s30_9_1_0_b32_mb2,46805,34056,10015,1288,1446
17:11:50.877,s30_9_1_0_b32_mb2,46805,34056,10015,1288,1446
17:11:51.379,s30_9_1_0_b32_mb2,46805,34056,10015,1288,1446
17:11:51.881,s30_9_1_0_b32_mb2,46805,34056,10015,1288,1446
17:11:52.383,s30_9_1_0_b32_mb2,46805,34056,10015,1288,1446
17:11:52.885,s30_9_1_0_b32_mb2,46805,34056,10015,1288,1446
17:11:53.386,s30_9_1_0_b32_mb2,46805,34056,10015,1288,1446
17:11:53.888,s30_9_1_0_b32_mb2,46805,34056,10015,1288,1446
17:11:54.390,s30_9_1_0_b32_mb2,46805,34056,10015,1288,1446
17:11:54.892,s30_9_1_0_b32_mb2,46805,34056,10015,1288,1446
17:11:55.394,s30_9_1_0_b32_mb2,46805,34056,10015,1288,1446
17:11:55.895,s30_9_1_0_b32_mb2,46805,34056,10015,1288,1446
17:11:56.397,s30_9_1_0_b32_mb2,46805,34056,10015,1288,1446
17:11:56.899,s30_9_1_0_b32_mb2,46805,34056,10015,1288,1446
17:11:57.401,s30_9_1_0_b32_mb2,46805,34056,10015,1288,1446
17:11:57.903,s30_9_1_0_b32_mb2,46805,34056,10015,1288,1446
17:11:58.404,s30_9_1_0_b32_mb2,46805,34056,10015,1288,1446
17:11:58.906,s30_9_1_0_b32_mb2,46805,34056,10015,1288,1446
17:11:59.408,s30_9_1_0_b32_mb2,46805,34056,10015,1288,1446
17:11:59.909,s30_9_1_0_b32_mb2,46805,34056,10015,1288,1446
17:12:00.411,s30_9_1_0_b32_mb2,46805,34056,10015,1288,1446
17:12:00.913,s30_9_1_0_b32_mb2,46805,34056,10015,1288,1446
17:12:01.415,s30_9_1_0_b32_mb2,46805,34056,10015,1288,1446
17:12:01.916,s30_9_1_0_b32_mb2,46805,34056,10015,1288,1446
17:12:02.418,s30_9_1_0_b32_mb2,46805,34056,10015,1288,1446
17:12:02.920,s30_9_1_0_b32_mb2,46805,34056,10015,1288,1446
17:12:03.422,s30_9_1_0_b32_mb2,46805,34056,10015,1288,1446
17:12:03.923,s30_9_1_0_b32_mb2,46805,34056,10015,1288,1446
17:12:04.425,s30_9_1_0_b32_mb2,46805,34056,10015,1288,1446
17:12:04.927,s30_9_1_0_b32_mb2,46805,34056,10015,1288,1446
17:12:05.429,s30_9_1_0_b32_mb2,46805,34056,10015,1288,1446
17:12:05.930,s30_9_1_0_b32_mb2,46805,34056,10015,1288,1446
17:12:06.432,s30_9_1_0_b32_mb2,46805,34056,10015,1288,1446
17:12:06.934,s30_9_1_0_b32_mb2,46805,34056,10015,1288,1446
17:12:07.436,s30_9_1_0_b32_mb2,46805,34056,10015,1288,1446
17:12:07.938,s30_9_1_0_b32_mb2,46805,34056,10015,1288,1446
17:12:08.439,s30_9_1_0_b32_mb2,46805,34056,10015,1288,1446
17:12:08.941,s30_9_1_0_b32_mb2,46805,34056,10015,1288,1446
17:12:09.443,s30_9_1_0_b32_mb2,46805,34056,10015,1288,1446
17:12:09.945,s30_9_1_0_b32_mb2,46805,34056,10015,1288,1446
17:12:10.446,s30_9_1_0_b32_mb2,46805,34056,10015,1288,1446
17:12:10.948,s30_9_1_0_b32_mb2,46805,34056,10015,1288,1446
17:12:11.450,s30_9_1_0_b32_mb2,46805,34056,10015,1288,1446
17:12:11.952,s30_9_1_0_b32_mb2,46805,34056,10015,1288,1446
17:12:12.454,s30_9_1_0_b32_mb2,46805,34056,10015,1288,1446
17:12:12.956,s30_9_1_0_b32_mb2,46805,34056,10015,1288,1446
17:12:13.457,s30_9_1_0_b32_mb2,46805,34056,10015,1288,1446
17:12:13.959,s30_9_1_0_b32_mb2,46805,34056,10015,1288,1446
17:12:14.461,s30_9_1_0_b32_mb2,46805,34056,10015,1288,1446
17:12:14.963,s30_9_1_0_b32_mb2,46805,34056,10015,1288,1446
17:12:15.465,s30_9_1_0_b32_mb2,46805,34056,10015,1288,1446
17:12:15.966,s30_9_1_0_b32_mb2,46805,34056,10015,1288,1446
17:12:16.468,s30_9_1_0_b32_mb2,46805,34056,10015,1288,1446
17:12:16.970,s30_9_1_0_b32_mb2,46805,34056,10015,1288,1446
17:12:17.471,s30_9_1_0_b32_mb2,46805,34056,10015,1288,1446
17:12:17.973,s30_9_1_0_b32_mb2,46805,34056,10015,1288,1446
17:12:18.475,s30_9_1_0_b32_mb2,46805,34056,10015,1288,1446
17:12:18.977,s30_9_1_0_b32_mb2,46805,34056,10015,1288,1446
17:12:19.479,s30_9_1_0_b32_mb2,46805,34056,10015,1288,1446
17:12:19.980,s30_9_1_0_b32_mb2,46805,34056,10015,1288,1446
17:12:20.482,s30_9_1_0_b32_mb2,46805,34056,10015,1288,1446
17:12:20.984,s30_9_1_0_b32_mb2,46805,34056,10015,1288,1446
17:12:21.486,s30_9_1_0_b32_mb2,46805,34056,10015,1288,1446
17:12:21.988,s30_9_1_0_b32_mb2,46805,34056,10015,1288,1446
17:12:22.489,s30_9_1_0_b32_mb2,46805,34056,10015,1288,1446
17:12:22.991,s30_9_1_0_b32_mb2,46805,34056,10015,1288,1446
17:12:23.493,s30_9_1_0_b32_mb2,46805,34056,10015,1288,1446
17:12:23.995,s30_9_1_0_b32_mb2,46805,34056,10015,1288,1446
17:12:24.497,s30_9_1_0_b32_mb2,46805,34056,10015,1288,1446
17:12:24.999,s30_9_1_0_b32_mb2,46805,34056,10015,1288,1446
17:12:25.500,s30_9_1_0_b32_mb2,46805,34056,10015,1288,1446
17:12:26.002,s30_9_1_0_b32_mb2,46805,34056,10015,1288,1446
17:12:26.504,s30_9_1_0_b32_mb2,46805,34056,10015,1288,1446
17:12:27.006,s30_9_1_0_b32_mb2,47021,34270,10015,1288,1446
17:12:27.508,s30_9_1_0_b32_mb2,47181,34374,10075,1288,1446
17:12:28.010,s30_9_1_0_b32_mb2,47227,34376,10107,1298,1446
17:12:28.511,s30_9_1_0_b32_mb2,47229,34378,10107,1298,1446
17:12:29.013,s30_9_1_0_b32_mb2,47233,34378,10111,1298,1446
17:12:29.515,s30_9_1_0_b32_mb2,47235,34378,10111,1300,1446
17:12:30.017,s30_9_1_0_b32_mb2,47235,34378,10111,1300,1446
17:12:30.518,s30_9_1_0_b32_mb2,47235,34378,10111,1300,1446
17:12:31.020,s30_9_1_0_b32_mb2,47235,34378,10111,1300,1446
17:12:31.522,s30_9_1_0_b32_mb2,47235,34378,10111,1300,1446
17:12:32.024,s30_9_1_0_b32_mb2,47235,34378,10111,1300,1446
17:12:32.526,s30_9_1_0_b32_mb2,47235,34378,10111,1300,1446
17:12:33.027,s30_9_1_0_b32_mb2,47235,34378,10111,1300,1446
17:12:33.529,s30_9_1_0_b32_mb2,47235,34378,10111,1300,1446
17:12:34.031,s30_9_1_0_b32_mb2,47235,34378,10111,1300,1446
17:12:34.533,s30_9_1_0_b32_mb2,47235,34378,10111,1300,1446
17:12:35.035,s30_9_1_0_b32_mb2,47235,34378,10111,1300,1446
17:12:35.537,s30_9_1_0_b32_mb2,47235,34378,10111,1300,1446
17:12:36.038,s30_9_1_0_b32_mb2,47235,34378,10111,1300,1446
17:12:36.540,s30_9_1_0_b32_mb2,47235,34378,10111,1300,1446
17:12:37.042,s30_9_1_0_b32_mb2,47235,34378,10111,1300,1446
17:12:37.544,s30_9_1_0_b32_mb2,47235,34378,10111,1300,1446
17:12:38.045,s30_9_1_0_b32_mb2,47235,34378,10111,1300,1446
17:12:38.547,s30_9_1_0_b32_mb2,47235,34378,10111,1300,1446
17:12:39.049,s30_9_1_0_b32_mb2,47235,34378,10111,1300,1446
17:12:39.551,s30_9_1_0_b32_mb2,47235,34378,10111,1300,1446
17:12:40.052,s30_9_1_0_b32_mb2,47235,34378,10111,1300,1446
17:12:40.554,s30_9_1_0_b32_mb2,47235,34378,10111,1300,1446
17:12:41.056,s30_9_1_0_b32_mb2,47235,34378,10111,1300,1446
17:12:41.558,s30_9_1_0_b32_mb2,47235,34378,10111,1300,1446
17:12:42.060,s30_9_1_0_b32_mb2,47235,34378,10111,1300,1446
17:12:42.561,s30_9_1_0_b32_mb2,47235,34378,10111,1300,1446
17:12:43.063,s30_9_1_0_b32_mb2,47235,34378,10111,1300,1446
17:12:43.565,s30_9_1_0_b32_mb2,47235,34378,10111,1300,1446
17:12:44.067,s30_9_1_0_b32_mb2,47235,34378,10111,1300,1446
17:12:44.569,s30_9_1_0_b32_mb2,47235,34378,10111,1300,1446
17:12:45.070,s30_9_1_0_b32_mb2,47235,34378,10111,1300,1446
17:12:45.572,s30_9_1_0_b32_mb2,47235,34378,10111,1300,1446
17:12:46.074,s30_9_1_0_b32_mb2,47235,34378,10111,1300,1446
17:12:46.576,s30_9_1_0_b32_mb2,47235,34378,10111,1300,1446
17:12:47.078,s30_9_1_0_b32_mb2,47235,34378,10111,1300,1446
17:12:47.579,s30_9_1_0_b32_mb2,47235,34378,10111,1300,1446
17:12:48.081,s30_9_1_0_b32_mb2,47235,34378,10111,1300,1446
17:12:48.583,s30_9_1_0_b32_mb2,47235,34378,10111,1300,1446
17:12:49.085,s30_9_1_0_b32_mb2,47235,34378,10111,1300,1446
17:12:49.587,s30_9_1_0_b32_mb2,47235,34378,10111,1300,1446
17:12:50.088,s30_9_1_0_b32_mb2,47235,34378,10111,1300,1446
17:12:50.590,s30_9_1_0_b32_mb2,47235,34378,10111,1300,1446
17:12:51.092,s30_9_1_0_b32_mb2,47235,34378,10111,1300,1446
17:12:51.594,s30_9_1_0_b32_mb2,47235,34378,10111,1300,1446
17:12:52.096,s30_9_1_0_b32_mb2,47235,34378,10111,1300,1446
17:12:52.598,s30_9_1_0_b32_mb2,47235,34378,10111,1300,1446
17:12:53.099,s30_9_1_0_b32_mb2,47235,34378,10111,1300,1446
17:12:53.601,s30_9_1_0_b32_mb2,47235,34378,10111,1300,1446
17:12:54.103,s30_9_1_0_b32_mb2,47235,34378,10111,1300,1446
17:12:54.604,s30_9_1_0_b32_mb2,47235,34378,10111,1300,1446
17:12:55.106,s30_9_1_0_b32_mb2,47235,34378,10111,1300,1446
17:12:55.608,s30_9_1_0_b32_mb2,47235,34378,10111,1300,1446
17:12:56.110,s30_9_1_0_b32_mb2,47235,34378,10111,1300,1446
17:12:56.612,s30_9_1_0_b32_mb2,47235,34378,10111,1300,1446
17:12:57.114,s30_9_1_0_b32_mb2,47235,34378,10111,1300,1446
17:12:57.616,s30_9_1_0_b32_mb2,47235,34378,10111,1300,1446
17:12:58.117,s30_9_1_0_b32_mb2,47235,34378,10111,1300,1446
17:12:58.619,s30_9_1_0_b32_mb2,47235,34378,10111,1300,1446
17:12:59.121,s30_9_1_0_b32_mb2,47235,34378,10111,1300,1446
17:12:59.623,s30_9_1_0_b32_mb2,47235,34378,10111,1300,1446
17:13:00.124,s30_9_1_0_b32_mb2,47235,34378,10111,1300,1446
17:13:00.626,s30_9_1_0_b32_mb2,47235,34378,10111,1300,1446
17:13:01.128,s30_9_1_0_b32_mb2,47235,34378,10111,1300,1446
17:13:01.630,s30_9_1_0_b32_mb2,47235,34378,10111,1300,1446
17:13:02.132,s30_9_1_0_b32_mb2,47235,34378,10111,1300,1446
17:13:02.633,s30_9_1_0_b32_mb2,47235,34378,10111,1300,1446
17:13:03.135,s30_9_1_0_b32_mb2,47235,34378,10111,1300,1446
17:13:03.637,s30_9_1_0_b32_mb2,47235,34378,10111,1300,1446
17:13:04.139,s30_9_1_0_b32_mb2,47235,34378,10111,1300,1446
17:13:04.641,s30_9_1_0_b32_mb2,47235,34378,10111,1300,1446
17:13:05.143,s30_9_1_0_b32_mb2,47235,34378,10111,1300,1446
17:13:05.645,s30_9_1_0_b32_mb2,47235,34378,10111,1300,1446
17:13:06.146,s30_9_1_0_b32_mb2,47235,34378,10111,1300,1446
17:13:06.648,s30_9_1_0_b32_mb2,47235,34378,10111,1300,1446
17:13:07.150,s30_9_1_0_b32_mb2,47235,34378,10111,1300,1446
17:13:07.652,s30_9_1_0_b32_mb2,47235,34378,10111,1300,1446
17:13:08.154,s30_9_1_0_b32_mb2,47235,34378,10111,1300,1446
17:13:08.656,s30_9_1_0_b32_mb2,47235,34378,10111,1300,1446
17:13:09.158,s30_9_1_0_b32_mb2,47235,34378,10111,1300,1446
17:13:09.659,s30_9_1_0_b32_mb2,47235,34378,10111,1300,1446
17:13:10.161,s30_9_1_0_b32_mb2,47235,34378,10111,1300,1446
17:13:10.663,s30_9_1_0_b32_mb2,47235,34378,10111,1300,1446
17:13:11.165,s30_9_1_0_b32_mb2,47235,34378,10111,1300,1446
17:13:11.667,s30_9_1_0_b32_mb2,47235,34378,10111,1300,1446
17:13:12.169,s30_9_1_0_b32_mb2,47235,34378,10111,1300,1446
17:13:12.671,s30_9_1_0_b32_mb2,47235,34378,10111,1300,1446
17:13:13.172,s30_9_1_0_b32_mb2,47235,34378,10111,1300,1446
17:13:13.674,s30_9_1_0_b32_mb2,47235,34378,10111,1300,1446
17:13:14.176,s30_9_1_0_b32_mb2,47235,34378,10111,1300,1446
17:13:14.678,s30_9_1_0_b32_mb2,47235,34378,10111,1300,1446
17:13:15.180,s30_9_1_0_b32_mb2,47235,34378,10111,1300,1446
17:13:15.681,s30_9_1_0_b32_mb2,47235,34378,10111,1300,1446
17:13:16.183,s30_9_1_0_b32_mb2,47235,34378,10111,1300,1446
17:13:16.685,s30_9_1_0_b32_mb2,47235,34378,10111,1300,1446
17:13:17.187,s30_9_1_0_b32_mb2,47235,34378,10111,1300,1446
17:13:17.689,s30_9_1_0_b32_mb2,47235,34378,10111,1300,1446
17:13:18.191,s30_9_1_0_b32_mb2,47235,34378,10111,1300,1446
17:13:18.692,s30_9_1_0_b32_mb2,47235,34378,10111,1300,1446
17:13:19.194,s30_9_1_0_b32_mb2,47235,34378,10111,1300,1446
17:13:19.696,s30_9_1_0_b32_mb2,47235,34378,10111,1300,1446
17:13:20.198,s30_9_1_0_b32_mb2,47235,34378,10111,1300,1446
17:13:20.699,s30_9_1_0_b32_mb2,47235,34378,10111,1300,1446
17:13:21.201,s30_9_1_0_b32_mb2,47235,34378,10111,1300,1446
17:13:21.703,s30_9_1_0_b32_mb2,47235,34378,10111,1300,1446
17:13:22.205,s30_9_1_0_b32_mb2,47235,34378,10111,1300,1446
17:13:22.707,s30_9_1_0_b32_mb2,47235,34378,10111,1300,1446
17:13:23.209,s30_9_1_0_b32_mb2,47235,34378,10111,1300,1446
17:13:23.710,s30_9_1_0_b32_mb2,47235,34378,10111,1300,1446
17:13:24.212,s30_9_1_0_b32_mb2,47235,34378,10111,1300,1446
17:13:24.714,s30_9_1_0_b32_mb2,47235,34378,10111,1300,1446
17:13:25.216,s30_9_1_0_b32_mb2,47235,34378,10111,1300,1446
17:13:25.718,s30_9_1_0_b32_mb2,47235,34378,10111,1300,1446
17:13:26.220,s30_9_1_0_b32_mb2,47235,34378,10111,1300,1446
17:13:26.721,s30_9_1_0_b32_mb2,47235,34378,10111,1300,1446
17:13:27.223,s30_9_1_0_b32_mb2,47235,34378,10111,1300,1446
17:13:27.725,s30_9_1_0_b32_mb2,47235,34378,10111,1300,1446
17:13:28.227,s30_9_1_0_b32_mb2,47235,34378,10111,1300,1446
17:13:28.728,s30_9_1_0_b32_mb2,47235,34378,10111,1300,1446
17:13:29.230,s30_9_1_0_b32_mb2,47235,34378,10111,1300,1446
17:13:29.732,s30_9_1_0_b32_mb2,47235,34378,10111,1300,1446
17:13:30.234,s30_9_1_0_b32_mb2,47235,34378,10111,1300,1446
17:13:30.736,s30_9_1_0_b32_mb2,47235,34378,10111,1300,1446
17:13:31.238,s30_9_1_0_b32_mb2,47235,34378,10111,1300,1446
17:13:31.739,s30_9_1_0_b32_mb2,47235,34378,10111,1300,1446
17:13:32.241,s30_9_1_0_b32_mb2,47235,34378,10111,1300,1446
17:13:32.743,s30_9_1_0_b32_mb2,47235,34378,10111,1300,1446
17:13:33.245,s30_9_1_0_b32_mb2,47235,34378,10111,1300,1446
17:13:33.746,s30_9_1_0_b32_mb2,47235,34378,10111,1300,1446
17:13:34.248,s30_9_1_0_b32_mb2,47235,34378,10111,1300,1446
17:13:34.750,s30_9_1_0_b32_mb2,47235,34378,10111,1300,1446
17:13:35.252,s30_9_1_0_b32_mb2,47235,34378,10111,1300,1446
17:13:35.754,s30_9_1_0_b32_mb2,47235,34378,10111,1300,1446
17:13:36.255,s30_9_1_0_b32_mb2,47235,34378,10111,1300,1446
17:13:36.757,s30_9_1_0_b32_mb2,47235,34378,10111,1300,1446
17:13:37.259,s30_9_1_0_b32_mb2,47235,34378,10111,1300,1446
17:13:37.761,s30_9_1_0_b32_mb2,47235,34378,10111,1300,1446
17:13:38.262,s30_9_1_0_b32_mb2,47235,34378,10111,1300,1446
17:13:38.764,s30_9_1_0_b32_mb2,47235,34378,10111,1300,1446
17:13:39.266,s30_9_1_0_b32_mb2,47235,34378,10111,1300,1446
17:13:39.768,s30_9_1_0_b32_mb2,47235,34378,10111,1300,1446
17:13:40.270,s30_9_1_0_b32_mb2,47235,34378,10111,1300,1446
17:13:40.772,s30_9_1_0_b32_mb2,47235,34378,10111,1300,1446
17:13:41.273,s30_9_1_0_b32_mb2,47235,34378,10111,1300,1446
17:13:41.775,s30_9_1_0_b32_mb2,47235,34378,10111,1300,1446
17:13:42.277,s30_9_1_0_b32_mb2,47235,34378,10111,1300,1446
17:13:42.779,s30_9_1_0_b32_mb2,47235,34378,10111,1300,1446
17:13:43.281,s30_9_1_0_b32_mb2,47235,34378,10111,1300,1446
17:13:43.782,s30_9_1_0_b32_mb2,47235,34378,10111,1300,1446
17:13:44.284,s30_9_1_0_b32_mb2,47235,34378,10111,1300,1446
17:13:44.786,s30_9_1_0_b32_mb2,47235,34378,10111,1300,1446
17:13:45.288,s30_9_1_0_b32_mb2,47235,34378,10111,1300,1446
17:13:45.790,s30_9_1_0_b32_mb2,47235,34378,10111,1300,1446
17:13:46.292,s30_9_1_0_b32_mb2,47235,34378,10111,1300,1446
17:13:46.794,s30_9_1_0_b32_mb2,47235,34378,10111,1300,1446
17:13:47.296,s30_9_1_0_b32_mb2,47235,34378,10111,1300,1446
17:13:47.797,s30_9_1_0_b32_mb2,47235,34378,10111,1300,1446
17:13:48.299,s30_9_1_0_b32_mb2,47235,34378,10111,1300,1446
17:13:48.801,s30_9_1_0_b32_mb2,47235,34378,10111,1300,1446
17:13:49.303,s30_9_1_0_b32_mb2,47235,34378,10111,1300,1446
17:13:49.805,s30_9_1_0_b32_mb2,47235,34378,10111,1300,1446
17:13:50.306,s30_9_1_0_b32_mb2,47235,34378,10111,1300,1446
17:13:50.808,s30_9_1_0_b32_mb2,47235,34378,10111,1300,1446
17:13:51.310,s30_9_1_0_b32_mb2,47235,34378,10111,1300,1446
17:13:51.812,s30_9_1_0_b32_mb2,47235,34378,10111,1300,1446
17:13:52.314,s30_9_1_0_b32_mb2,47235,34378,10111,1300,1446
17:13:52.815,s30_9_1_0_b32_mb2,47235,34378,10111,1300,1446
17:13:53.317,s30_9_1_0_b32_mb2,47235,34378,10111,1300,1446
17:13:53.819,s30_9_1_0_b32_mb2,47235,34378,10111,1300,1446
17:13:54.321,s30_9_1_0_b32_mb2,47235,34378,10111,1300,1446
17:13:54.822,s30_9_1_0_b32_mb2,47235,34378,10111,1300,1446
17:13:55.324,s30_9_1_0_b32_mb2,47235,34378,10111,1300,1446
17:13:55.826,s30_9_1_0_b32_mb2,47235,34378,10111,1300,1446
17:13:56.328,s30_9_1_0_b32_mb2,47235,34378,10111,1300,1446
17:13:56.830,s30_9_1_0_b32_mb2,47235,34378,10111,1300,1446
17:13:57.332,s30_9_1_0_b32_mb2,47235,34378,10111,1300,1446
17:13:57.833,s30_9_1_0_b32_mb2,47235,34378,10111,1300,1446
17:13:58.335,s30_9_1_0_b32_mb2,47235,34378,10111,1300,1446
17:13:58.837,s30_9_1_0_b32_mb2,47235,34378,10111,1300,1446
17:13:59.339,s30_9_1_0_b32_mb2,47235,34378,10111,1300,1446
17:13:59.841,s30_9_1_0_b32_mb2,47235,34378,10111,1300,1446
17:14:00.343,s30_9_1_0_b32_mb2,47235,34378,10111,1300,1446
17:14:00.844,s30_9_1_0_b32_mb2,47235,34378,10111,1300,1446
17:14:01.346,s30_9_1_0_b32_mb2,47235,34378,10111,1300,1446
17:14:01.848,s30_9_1_0_b32_mb2,47235,34378,10111,1300,1446
17:14:02.350,s30_9_1_0_b32_mb2,47235,34378,10111,1300,1446
17:14:02.852,s30_9_1_0_b32_mb2,47235,34378,10111,1300,1446
17:14:03.353,s30_9_1_0_b32_mb2,47235,34378,10111,1300,1446
17:14:03.855,s30_9_1_0_b32_mb2,47235,34378,10111,1300,1446
17:14:04.357,s30_9_1_0_b32_mb2,47235,34378,10111,1300,1446
17:14:04.859,s30_9_1_0_b32_mb2,47235,34378,10111,1300,1446
17:14:05.361,s30_9_1_0_b32_mb2,47235,34378,10111,1300,1446
17:14:05.863,s30_9_1_0_b32_mb2,47235,34378,10111,1300,1446
17:14:06.364,s30_9_1_0_b32_mb2,47235,34378,10111,1300,1446
17:14:06.866,s30_9_1_0_b32_mb2,47235,34378,10111,1300,1446
17:14:07.368,s30_9_1_0_b32_mb2,47235,34378,10111,1300,1446
17:14:07.870,s30_9_1_0_b32_mb2,47235,34378,10111,1300,1446
17:14:08.371,s30_9_1_0_b32_mb2,47235,34378,10111,1300,1446
17:14:08.873,s30_9_1_0_b32_mb2,47235,34378,10111,1300,1446
17:14:09.375,s30_9_1_0_b32_mb2,47235,34378,10111,1300,1446
17:14:09.877,s30_9_1_0_b32_mb2,47235,34378,10111,1300,1446
17:14:10.379,s30_9_1_0_b32_mb2,47235,34378,10111,1300,1446
17:14:10.880,s30_9_1_0_b32_mb2,47235,34378,10111,1300,1446
17:14:11.382,s30_9_1_0_b32_mb2,47235,34378,10111,1300,1446
17:14:11.884,s30_9_1_0_b32_mb2,47235,34378,10111,1300,1446
17:14:12.386,s30_9_1_0_b32_mb2,47235,34378,10111,1300,1446
17:14:12.888,s30_9_1_0_b32_mb2,47235,34378,10111,1300,1446
17:14:13.389,s30_9_1_0_b32_mb2,47235,34378,10111,1300,1446
17:14:13.891,s30_9_1_0_b32_mb2,47235,34378,10111,1300,1446
17:14:14.393,s30_9_1_0_b32_mb2,47235,34378,10111,1300,1446
17:14:14.895,s30_9_1_0_b32_mb2,47235,34378,10111,1300,1446
17:14:15.396,s30_9_1_0_b32_mb2,47235,34378,10111,1300,1446
17:14:15.898,s30_9_1_0_b32_mb2,47235,34378,10111,1300,1446
17:14:16.400,s30_9_1_0_b32_mb2,47235,34378,10111,1300,1446
17:14:16.902,s30_9_1_0_b32_mb2,47235,34378,10111,1300,1446
17:14:17.403,s30_9_1_0_b32_mb2,47235,34378,10111,1300,1446
17:14:17.905,s30_9_1_0_b32_mb2,47235,34378,10111,1300,1446
17:14:18.407,s30_9_1_0_b32_mb2,47235,34378,10111,1300,1446
17:14:18.909,s30_9_1_0_b32_mb2,47235,34378,10111,1300,1446
17:14:19.411,s30_9_1_0_b32_mb2,47235,34378,10111,1300,1446
17:14:19.912,s30_9_1_0_b32_mb2,47235,34378,10111,1300,1446
17:14:20.414,s30_9_1_0_b32_mb2,47235,34378,10111,1300,1446
17:14:20.916,s30_9_1_0_b32_mb2,47235,34378,10111,1300,1446
17:14:21.418,s30_9_1_0_b32_mb2,47235,34378,10111,1300,1446
17:14:21.919,s30_9_1_0_b32_mb2,47235,34378,10111,1300,1446
17:14:22.421,s30_9_1_0_b32_mb2,47235,34378,10111,1300,1446
17:14:22.923,s30_9_1_0_b32_mb2,47515,34658,10111,1300,1446
17:14:23.425,s30_9_1_0_b32_mb2,48195,35338,10111,1302,1446
17:14:23.927,s30_9_1_0_b32_mb2,48457,35338,10371,1302,1446
17:14:24.429,s30_9_1_0_b32_mb2,48477,35358,10371,1302,1446
17:14:24.930,s30_9_1_0_b32_mb2,48477,35358,10371,1302,1446
17:14:25.432,s30_9_1_0_b32_mb2,48497,35378,10371,1302,1446
17:14:25.934,s30_9_1_0_b32_mb2,48497,35378,10371,1302,1446
17:14:26.436,s30_9_1_0_b32_mb2,48517,35378,10391,1322,1446
17:14:26.938,s30_9_1_0_b32_mb2,48537,35378,10391,1322,1446
17:14:27.440,s30_9_1_0_b32_mb2,48537,35378,10391,1322,1446
17:14:27.941,s30_9_1_0_b32_mb2,48537,35378,10391,1322,1446
17:14:28.443,s30_9_1_0_b32_mb2,48537,35378,10391,1322,1446
17:14:28.945,s30_9_1_0_b32_mb2,48537,35378,10391,1322,1446
17:14:29.447,s30_9_1_0_b32_mb2,48537,35378,10391,1322,1446
17:14:29.948,s30_9_1_0_b32_mb2,48537,35378,10391,1322,1446
17:14:30.450,s30_9_1_0_b32_mb2,48537,35378,10391,1322,1446
17:14:30.952,s30_9_1_0_b32_mb2,48537,35378,10391,1322,1446
17:14:31.454,s30_9_1_0_b32_mb2,48537,35378,10391,1322,1446
17:14:31.955,s30_9_1_0_b32_mb2,48537,35378,10391,1322,1446
17:14:32.457,s30_9_1_0_b32_mb2,48537,35378,10391,1322,1446
17:14:32.959,s30_9_1_0_b32_mb2,48537,35378,10391,1322,1446
17:14:33.461,s30_9_1_0_b32_mb2,48537,35378,10391,1322,1446
17:14:33.962,s30_9_1_0_b32_mb2,48537,35378,10391,1322,1446
17:14:34.464,s30_9_1_0_b32_mb2,48537,35378,10391,1322,1446
17:14:34.966,s30_9_1_0_b32_mb2,48537,35378,10391,1322,1446
17:14:35.468,s30_9_1_0_b32_mb2,48537,35378,10391,1322,1446
17:14:35.970,s30_9_1_0_b32_mb2,48537,35378,10391,1322,1446
17:14:36.471,s30_9_1_0_b32_mb2,48537,35378,10391,1322,1446
17:14:36.973,s30_9_1_0_b32_mb2,48537,35378,10391,1322,1446
17:14:37.475,s30_9_1_0_b32_mb2,48537,35378,10391,1322,1446
17:14:37.976,s30_9_1_0_b32_mb2,48537,35378,10391,1322,1446
17:14:38.478,s30_9_1_0_b32_mb2,48537,35378,10391,1322,1446
17:14:38.980,s30_9_1_0_b32_mb2,48537,35378,10391,1322,1446
17:14:39.482,s30_9_1_0_b32_mb2,48537,35378,10391,1322,1446
17:14:39.984,s30_9_1_0_b32_mb2,48537,35378,10391,1322,1446
17:14:40.485,s30_9_1_0_b32_mb2,48577,35418,10391,1322,1446
17:14:40.987,s30_9_1_0_b32_mb2,48597,35418,10411,1322,1446
17:14:41.489,s30_9_1_0_b32_mb2,48597,35418,10411,1322,1446
17:14:41.991,s30_9_1_0_b32_mb2,48637,35458,10411,1322,1446
17:14:42.492,s30_9_1_0_b32_mb2,48637,35458,10411,1322,1446
17:14:42.994,s30_9_1_0_b32_mb2,48637,35458,10411,1322,1446
17:14:43.496,s30_9_1_0_b32_mb2,48637,35458,10411,1322,1446
17:14:43.998,s30_9_1_0_b32_mb2,48637,35458,10411,1322,1446
17:14:44.499,s30_9_1_0_b32_mb2,48637,35458,10411,1322,1446
17:14:45.001,s30_9_1_0_b32_mb2,48637,35458,10411,1322,1446
17:14:45.503,s30_9_1_0_b32_mb2,48637,35458,10411,1322,1446
17:14:46.005,s30_9_1_0_b32_mb2,48637,35458,10411,1322,1446
17:14:46.507,s30_9_1_0_b32_mb2,48637,35458,10411,1322,1446
17:14:47.008,s30_9_1_0_b32_mb2,48637,35458,10411,1322,1446
17:14:47.510,s30_9_1_0_b32_mb2,48637,35458,10411,1322,1446
17:14:48.012,s30_9_1_0_b32_mb2,48637,35458,10411,1322,1446
17:14:48.514,s30_9_1_0_b32_mb2,48637,35458,10411,1322,1446
17:14:49.015,s30_9_1_0_b32_mb2,48637,35458,10411,1322,1446
17:14:49.517,s30_9_1_0_b32_mb2,48637,35458,10411,1322,1446
17:14:50.019,s30_9_1_0_b32_mb2,48637,35458,10411,1322,1446
17:14:50.521,s30_9_1_0_b32_mb2,48637,35458,10411,1322,1446
17:14:51.022,s30_9_1_0_b32_mb2,48637,35458,10411,1322,1446
17:14:51.524,s30_9_1_0_b32_mb2,48637,35458,10411,1322,1446
17:14:52.026,s30_9_1_0_b32_mb2,48637,35458,10411,1322,1446
17:14:52.528,s30_9_1_0_b32_mb2,48637,35458,10411,1322,1446
17:14:53.030,s30_9_1_0_b32_mb2,48637,35458,10411,1322,1446
17:14:53.531,s30_9_1_0_b32_mb2,48637,35458,10411,1322,1446
17:14:54.033,s30_9_1_0_b32_mb2,48637,35458,10411,1322,1446
17:14:54.535,s30_9_1_0_b32_mb2,48637,35458,10411,1322,1446
17:14:55.037,s30_9_1_0_b32_mb2,48637,35458,10411,1322,1446
17:14:55.539,s30_9_1_0_b32_mb2,48637,35458,10411,1322,1446
17:14:56.040,s30_9_1_0_b32_mb2,48637,35458,10411,1322,1446
17:14:56.542,s30_9_1_0_b32_mb2,48637,35458,10411,1322,1446
17:14:57.044,s30_9_1_0_b32_mb2,48637,35458,10411,1322,1446
17:14:57.546,s30_9_1_0_b32_mb2,48637,35458,10411,1322,1446
17:14:58.047,s30_9_1_0_b32_mb2,48637,35458,10411,1322,1446
17:14:58.549,s30_9_1_0_b32_mb2,48637,35458,10411,1322,1446
17:14:59.051,s30_9_1_0_b32_mb2,48637,35458,10411,1322,1446
17:14:59.553,s30_9_1_0_b32_mb2,48637,35458,10411,1322,1446
17:15:00.055,s30_9_1_0_b32_mb2,48637,35458,10411,1322,1446
17:15:00.557,s30_9_1_0_b32_mb2,48637,35458,10411,1322,1446
17:15:01.058,s30_9_1_0_b32_mb2,48657,35478,10411,1322,1446
17:15:01.560,s30_9_1_0_b32_mb2,48657,35478,10411,1322,1446
17:15:02.062,s30_9_1_0_b32_mb2,48657,35478,10411,1322,1446
17:15:02.564,s30_9_1_0_b32_mb2,48657,35478,10411,1322,1446
17:15:03.066,s30_9_1_0_b32_mb2,48657,35478,10411,1322,1446
17:15:03.567,s30_9_1_0_b32_mb2,48657,35478,10411,1322,1446
17:15:04.069,s30_9_1_0_b32_mb2,48657,35478,10411,1322,1446
17:15:04.571,s30_9_1_0_b32_mb2,48657,35478,10411,1322,1446
17:15:05.073,s30_9_1_0_b32_mb2,48657,35478,10411,1322,1446
17:15:05.575,s30_9_1_0_b32_mb2,48657,35478,10411,1322,1446
17:15:06.077,s30_9_1_0_b32_mb2,48657,35478,10411,1322,1446
17:15:06.578,s30_9_1_0_b32_mb2,48657,35478,10411,1322,1446
17:15:07.080,s30_9_1_0_b32_mb2,48657,35478,10411,1322,1446
17:15:07.582,s30_9_1_0_b32_mb2,48657,35478,10411,1322,1446
17:15:08.084,s30_9_1_0_b32_mb2,48657,35478,10411,1322,1446
17:15:08.586,s30_9_1_0_b32_mb2,48657,35478,10411,1322,1446
17:15:09.088,s30_9_1_0_b32_mb2,48657,35478,10411,1322,1446
17:15:09.590,s30_9_1_0_b32_mb2,48657,35478,10411,1322,1446
17:15:10.091,s30_9_1_0_b32_mb2,48657,35478,10411,1322,1446
17:15:10.593,s30_9_1_0_b32_mb2,48657,35478,10411,1322,1446
17:15:11.095,s30_9_1_0_b32_mb2,48657,35478,10411,1322,1446
17:15:11.597,s30_9_1_0_b32_mb2,48657,35478,10411,1322,1446
17:15:12.099,s30_9_1_0_b32_mb2,48657,35478,10411,1322,1446
17:15:12.601,s30_9_1_0_b32_mb2,48657,35478,10411,1322,1446
17:15:13.102,s30_9_1_0_b32_mb2,48657,35478,10411,1322,1446
17:15:13.604,s30_9_1_0_b32_mb2,48657,35478,10411,1322,1446
17:15:14.106,s30_9_1_0_b32_mb2,48657,35478,10411,1322,1446
17:15:14.608,s30_9_1_0_b32_mb2,48677,35478,10431,1322,1446
17:15:15.110,s30_9_1_0_b32_mb2,48677,35478,10431,1322,1446
17:15:15.612,s30_9_1_0_b32_mb2,48677,35478,10431,1322,1446
17:15:16.113,s30_9_1_0_b32_mb2,48677,35478,10431,1322,1446
17:15:16.615,s30_9_1_0_b32_mb2,48677,35478,10431,1322,1446
17:15:17.117,s30_9_1_0_b32_mb2,48677,35478,10431,1322,1446
17:15:17.619,s30_9_1_0_b32_mb2,48677,35478,10431,1322,1446
17:15:18.121,s30_9_1_0_b32_mb2,48677,35478,10431,1322,1446
17:15:18.623,s30_9_1_0_b32_mb2,48677,35478,10431,1322,1446
17:15:19.125,s30_9_1_0_b32_mb2,48677,35478,10431,1322,1446
17:15:19.626,s30_9_1_0_b32_mb2,48677,35478,10431,1322,1446
17:15:20.128,s30_9_1_0_b32_mb2,48677,35478,10431,1322,1446
17:15:20.630,s30_9_1_0_b32_mb2,48677,35478,10431,1322,1446
17:15:21.132,s30_9_1_0_b32_mb2,48677,35478,10431,1322,1446
17:15:21.634,s30_9_1_0_b32_mb2,48677,35478,10431,1322,1446
17:15:22.136,s30_9_1_0_b32_mb2,48677,35478,10431,1322,1446
17:15:22.638,s30_9_1_0_b32_mb2,48677,35478,10431,1322,1446
17:15:23.140,s30_9_1_0_b32_mb2,48677,35478,10431,1322,1446
17:15:23.642,s30_9_1_0_b32_mb2,48737,35538,10431,1322,1446
17:15:24.143,s30_9_1_0_b32_mb2,48757,35558,10431,1322,1446
17:15:24.645,s30_9_1_0_b32_mb2,48757,35558,10431,1322,1446
17:15:25.147,s30_9_1_0_b32_mb2,48757,35558,10431,1322,1446
17:15:25.649,s30_9_1_0_b32_mb2,48757,35558,10431,1322,1446
17:15:26.151,s30_9_1_0_b32_mb2,48757,35558,10431,1322,1446
17:15:26.653,s30_9_1_0_b32_mb2,48757,35558,10431,1322,1446
17:15:27.154,s30_9_1_0_b32_mb2,48757,35558,10431,1322,1446
17:15:27.656,s30_9_1_0_b32_mb2,48757,35558,10431,1322,1446
17:15:28.158,s30_9_1_0_b32_mb2,48757,35558,10431,1322,1446
17:15:28.660,s30_9_1_0_b32_mb2,48757,35558,10431,1322,1446
17:15:29.162,s30_9_1_0_b32_mb2,48757,35558,10431,1322,1446
17:15:29.664,s30_9_1_0_b32_mb2,48757,35558,10431,1322,1446
17:15:30.166,s30_9_1_0_b32_mb2,48757,35558,10431,1322,1446
17:15:30.668,s30_9_1_0_b32_mb2,48757,35558,10431,1322,1446
17:15:31.170,s30_9_1_0_b32_mb2,48757,35558,10431,1322,1446
17:15:31.671,s30_9_1_0_b32_mb2,48757,35558,10431,1322,1446
17:15:32.173,s30_9_1_0_b32_mb2,48757,35558,10431,1322,1446
17:15:32.675,s30_9_1_0_b32_mb2,48757,35558,10431,1322,1446
17:15:33.177,s30_9_1_0_b32_mb2,48757,35558,10431,1322,1446
17:15:33.679,s30_9_1_0_b32_mb2,48757,35558,10431,1322,1446
17:15:34.181,s30_9_1_0_b32_mb2,48757,35558,10431,1322,1446
17:15:34.682,s30_9_1_0_b32_mb2,48757,35558,10431,1322,1446
17:15:35.184,s30_9_1_0_b32_mb2,48757,35558,10431,1322,1446
17:15:35.686,s30_9_1_0_b32_mb2,48757,35558,10431,1322,1446
17:15:36.188,s30_9_1_0_b32_mb2,48757,35558,10431,1322,1446
17:15:36.690,s30_9_1_0_b32_mb2,48757,35558,10431,1322,1446
17:15:37.192,s30_9_1_0_b32_mb2,48757,35558,10431,1322,1446
17:15:37.693,s30_9_1_0_b32_mb2,48757,35558,10431,1322,1446
17:15:38.195,s30_9_1_0_b32_mb2,48757,35558,10431,1322,1446
17:15:38.697,s30_9_1_0_b32_mb2,48757,35558,10431,1322,1446
17:15:39.199,s30_9_1_0_b32_mb2,48757,35558,10431,1322,1446
17:15:39.701,s30_9_1_0_b32_mb2,48757,35558,10431,1322,1446
17:15:40.203,s30_9_1_0_b32_mb2,48757,35558,10431,1322,1446
17:15:40.704,s30_9_1_0_b32_mb2,48757,35558,10431,1322,1446
17:15:41.206,s30_9_1_0_b32_mb2,48757,35558,10431,1322,1446
17:15:41.708,s30_9_1_0_b32_mb2,48757,35558,10431,1322,1446
17:15:42.210,s30_9_1_0_b32_mb2,48757,35558,10431,1322,1446
17:15:42.712,s30_9_1_0_b32_mb2,48757,35558,10431,1322,1446
17:15:43.214,s30_9_1_0_b32_mb2,48757,35558,10431,1322,1446
17:15:43.716,s30_9_1_0_b32_mb2,48757,35558,10431,1322,1446
17:15:44.218,s30_9_1_0_b32_mb2,48757,35558,10431,1322,1446
17:15:44.719,s30_9_1_0_b32_mb2,48757,35558,10431,1322,1446
17:15:45.221,s30_9_1_0_b32_mb2,48757,35558,10431,1322,1446
17:15:45.723,s30_9_1_0_b32_mb2,48757,35558,10431,1322,1446
17:15:46.225,s30_9_1_0_b32_mb2,48757,35558,10431,1322,1446
17:15:46.727,s30_9_1_0_b32_mb2,48757,35558,10431,1322,1446
17:15:47.228,s30_9_1_0_b32_mb2,48757,35558,10431,1322,1446
17:15:47.730,s30_9_1_0_b32_mb2,48757,35558,10431,1322,1446
17:15:48.232,s30_9_1_0_b32_mb2,48757,35558,10431,1322,1446
17:15:48.734,s30_9_1_0_b32_mb2,48757,35558,10431,1322,1446
17:15:49.236,s30_9_1_0_b32_mb2,48777,35578,10431,1322,1446
17:15:49.738,s30_9_1_0_b32_mb2,48837,35618,10451,1322,1446
17:15:50.240,s30_9_1_0_b32_mb2,48857,35618,10471,1322,1446
17:15:50.742,s30_9_1_0_b32_mb2,48877,35638,10471,1322,1446
17:15:51.243,s30_9_1_0_b32_mb2,48877,35638,10471,1322,1446
17:15:51.745,s30_9_1_0_b32_mb2,48877,35638,10471,1322,1446
17:15:52.247,s30_9_1_0_b32_mb2,48877,35638,10471,1322,1446
17:15:52.749,s30_9_1_0_b32_mb2,48877,35638,10471,1322,1446
17:15:53.250,s30_9_1_0_b32_mb2,48877,35638,10471,1322,1446
17:15:53.752,s30_9_1_0_b32_mb2,48877,35638,10471,1322,1446
17:15:54.254,s30_9_1_0_b32_mb2,48877,35638,10471,1322,1446
17:15:54.756,s30_9_1_0_b32_mb2,48877,35638,10471,1322,1446
17:15:55.257,s30_9_1_0_b32_mb2,48877,35638,10471,1322,1446
17:15:55.759,s30_9_1_0_b32_mb2,48877,35638,10471,1322,1446
17:15:56.261,s30_9_1_0_b32_mb2,48877,35638,10471,1322,1446
17:15:56.763,s30_9_1_0_b32_mb2,48877,35638,10471,1322,1446
17:15:57.264,s30_9_1_0_b32_mb2,48877,35638,10471,1322,1446
17:15:57.766,s30_9_1_0_b32_mb2,48877,35638,10471,1322,1446
17:15:58.268,s30_9_1_0_b32_mb2,48877,35638,10471,1322,1446
17:15:58.770,s30_9_1_0_b32_mb2,48877,35638,10471,1322,1446
17:15:59.271,s30_9_1_0_b32_mb2,48877,35638,10471,1322,1446
17:15:59.773,s30_9_1_0_b32_mb2,48877,35638,10471,1322,1446
17:16:00.275,s30_9_1_0_b32_mb2,48877,35638,10471,1322,1446
17:16:00.777,s30_9_1_0_b32_mb2,48877,35638,10471,1322,1446
17:16:01.279,s30_9_1_0_b32_mb2,48877,35638,10471,1322,1446
17:16:01.781,s30_9_1_0_b32_mb2,48877,35638,10471,1322,1446
17:16:02.282,s30_9_1_0_b32_mb2,48877,35638,10471,1322,1446
17:16:02.784,s30_9_1_0_b32_mb2,48877,35638,10471,1322,1446
17:16:03.286,s30_9_1_0_b32_mb2,48877,35638,10471,1322,1446
17:16:03.788,s30_9_1_0_b32_mb2,48877,35638,10471,1322,1446
17:16:04.289,s30_9_1_0_b32_mb2,48877,35638,10471,1322,1446
17:16:04.791,s30_9_1_0_b32_mb2,48877,35638,10471,1322,1446
17:16:05.293,s30_9_1_0_b32_mb2,48877,35638,10471,1322,1446
17:16:05.795,s30_9_1_0_b32_mb2,48877,35638,10471,1322,1446
17:16:06.296,s30_9_1_0_b32_mb2,48877,35638,10471,1322,1446
17:16:06.798,s30_9_1_0_b32_mb2,48877,35638,10471,1322,1446
17:16:07.300,s30_9_1_0_b32_mb2,48877,35638,10471,1322,1446
17:16:07.802,s30_9_1_0_b32_mb2,48877,35638,10471,1322,1446
17:16:08.303,s30_9_1_0_b32_mb2,48877,35638,10471,1322,1446
17:16:08.805,s30_9_1_0_b32_mb2,48877,35638,10471,1322,1446
17:16:09.307,s30_9_1_0_b32_mb2,48877,35638,10471,1322,1446
17:16:09.809,s30_9_1_0_b32_mb2,48877,35638,10471,1322,1446
17:16:10.310,s30_9_1_0_b32_mb2,48877,35638,10471,1322,1446
17:16:10.812,s30_9_1_0_b32_mb2,48877,35638,10471,1322,1446
17:16:11.314,s30_9_1_0_b32_mb2,48877,35638,10471,1322,1446
17:16:11.816,s30_9_1_0_b32_mb2,48877,35638,10471,1322,1446
17:16:12.317,s30_9_1_0_b32_mb2,48877,35638,10471,1322,1446
17:16:12.819,s30_9_1_0_b32_mb2,48877,35638,10471,1322,1446
17:16:13.321,s30_9_1_0_b32_mb2,48877,35638,10471,1322,1446
17:16:13.822,s30_9_1_0_b32_mb2,48877,35638,10471,1322,1446
17:16:14.324,s30_9_1_0_b32_mb2,48877,35638,10471,1322,1446
17:16:14.826,s30_9_1_0_b32_mb2,48877,35638,10471,1322,1446
17:16:15.328,s30_9_1_0_b32_mb2,48877,35638,10471,1322,1446
17:16:15.830,s30_9_1_0_b32_mb2,48877,35638,10471,1322,1446
17:16:16.332,s30_9_1_0_b32_mb2,48877,35638,10471,1322,1446
17:16:16.833,s30_9_1_0_b32_mb2,48877,35638,10471,1322,1446
17:16:17.335,s30_9_1_0_b32_mb2,48877,35638,10471,1322,1446
17:16:17.837,s30_9_1_0_b32_mb2,48937,35698,10471,1322,1446
17:16:18.339,s30_9_1_0_b32_mb2,48957,35718,10471,1322,1446
17:16:18.840,s30_9_1_0_b32_mb2,48977,35718,10491,1322,1446
17:16:19.342,s30_9_1_0_b32_mb2,48977,35718,10491,1322,1446
17:16:19.844,s30_9_1_0_b32_mb2,48977,35718,10491,1322,1446
17:16:20.346,s30_9_1_0_b32_mb2,48977,35718,10491,1322,1446
17:16:20.848,s30_9_1_0_b32_mb2,48977,35718,10491,1322,1446
17:16:21.349,s30_9_1_0_b32_mb2,48977,35718,10491,1322,1446
17:16:21.851,s30_9_1_0_b32_mb2,48977,35718,10491,1322,1446
17:16:22.353,s30_9_1_0_b32_mb2,48977,35718,10491,1322,1446
17:16:22.855,s30_9_1_0_b32_mb2,48977,35718,10491,1322,1446
17:16:23.356,s30_9_1_0_b32_mb2,48977,35718,10491,1322,1446
17:16:23.858,s30_9_1_0_b32_mb2,48977,35718,10491,1322,1446
17:16:24.360,s30_9_1_0_b32_mb2,48977,35718,10491,1322,1446
17:16:24.862,s30_9_1_0_b32_mb2,48977,35718,10491,1322,1446
17:16:25.364,s30_9_1_0_b32_mb2,48977,35718,10491,1322,1446
17:16:25.865,s30_9_1_0_b32_mb2,48977,35718,10491,1322,1446
17:16:26.367,s30_9_1_0_b32_mb2,48977,35718,10491,1322,1446
17:16:26.869,s30_9_1_0_b32_mb2,48977,35718,10491,1322,1446
17:16:27.370,s30_9_1_0_b32_mb2,48977,35718,10491,1322,1446
17:16:27.872,s30_9_1_0_b32_mb2,48977,35718,10491,1322,1446
17:16:28.374,s30_9_1_0_b32_mb2,48977,35718,10491,1322,1446
17:16:28.876,s30_9_1_0_b32_mb2,48977,35718,10491,1322,1446
17:16:29.378,s30_9_1_0_b32_mb2,48977,35718,10491,1322,1446
17:16:29.880,s30_9_1_0_b32_mb2,48977,35718,10491,1322,1446
17:16:30.381,s30_9_1_0_b32_mb2,48977,35718,10491,1322,1446
17:16:30.883,s30_9_1_0_b32_mb2,48977,35718,10491,1322,1446
17:16:31.385,s30_9_1_0_b32_mb2,48977,35718,10491,1322,1446
17:16:31.887,s30_9_1_0_b32_mb2,48977,35718,10491,1322,1446
17:16:32.388,s30_9_1_0_b32_mb2,48977,35718,10491,1322,1446
17:16:32.890,s30_9_1_0_b32_mb2,48977,35718,10491,1322,1446
17:16:33.392,s30_9_1_0_b32_mb2,48977,35718,10491,1322,1446
17:16:33.894,s30_9_1_0_b32_mb2,48977,35718,10491,1322,1446
17:16:34.395,s30_9_1_0_b32_mb2,48977,35718,10491,1322,1446
17:16:34.897,s30_9_1_0_b32_mb2,48977,35718,10491,1322,1446
17:16:35.399,s30_9_1_0_b32_mb2,48977,35718,10491,1322,1446
17:16:35.901,s30_9_1_0_b32_mb2,48977,35718,10491,1322,1446
17:16:36.403,s30_9_1_0_b32_mb2,48977,35718,10491,1322,1446
17:16:36.904,s30_9_1_0_b32_mb2,48977,35718,10491,1322,1446
17:16:37.406,s30_9_1_0_b32_mb2,48977,35718,10491,1322,1446
17:16:37.908,s30_9_1_0_b32_mb2,48977,35718,10491,1322,1446
17:16:38.410,s30_9_1_0_b32_mb2,48977,35718,10491,1322,1446
17:16:38.911,s30_9_1_0_b32_mb2,48977,35718,10491,1322,1446
17:16:39.413,s30_9_1_0_b32_mb2,48977,35718,10491,1322,1446
17:16:39.915,s30_9_1_0_b32_mb2,48977,35718,10491,1322,1446
17:16:40.417,s30_9_1_0_b32_mb2,48977,35718,10491,1322,1446
17:16:40.919,s30_9_1_0_b32_mb2,48977,35718,10491,1322,1446
17:16:41.420,s30_9_1_0_b32_mb2,48977,35718,10491,1322,1446
17:16:41.922,s30_9_1_0_b32_mb2,48977,35718,10491,1322,1446
17:16:42.424,s30_9_1_0_b32_mb2,48977,35718,10491,1322,1446
17:16:42.926,s30_9_1_0_b32_mb2,48977,35718,10491,1322,1446
17:16:43.427,s30_9_1_0_b32_mb2,48977,35718,10491,1322,1446
17:16:43.929,s30_9_1_0_b32_mb2,48977,35718,10491,1322,1446
17:16:44.431,s30_9_1_0_b32_mb2,48977,35718,10491,1322,1446
17:16:44.933,s30_9_1_0_b32_mb2,48977,35718,10491,1322,1446
17:16:45.434,s30_9_1_0_b32_mb2,48977,35718,10491,1322,1446
17:16:45.936,s30_9_1_0_b32_mb2,48977,35718,10491,1322,1446
17:16:46.438,s30_9_1_0_b32_mb2,48977,35718,10491,1322,1446
17:16:46.940,s30_9_1_0_b32_mb2,48977,35718,10491,1322,1446
17:16:47.441,s30_9_1_0_b32_mb2,48977,35718,10491,1322,1446
17:16:47.943,s30_9_1_0_b32_mb2,48977,35718,10491,1322,1446
17:16:48.445,s30_9_1_0_b32_mb2,48977,35718,10491,1322,1446
17:16:48.946,s30_9_1_0_b32_mb2,48977,35718,10491,1322,1446
17:16:49.448,s30_9_1_0_b32_mb2,48977,35718,10491,1322,1446
17:16:49.950,s30_9_1_0_b32_mb2,48997,35738,10491,1322,1446
17:16:50.452,s30_9_1_0_b32_mb2,49057,35798,10491,1322,1446
17:16:50.954,s30_9_1_0_b32_mb2,49097,35818,10511,1322,1446
17:16:51.456,s30_9_1_0_b32_mb2,49097,35818,10511,1322,1446
17:16:51.957,s30_9_1_0_b32_mb2,49097,35818,10511,1322,1446
17:16:52.459,s30_9_1_0_b32_mb2,49097,35818,10511,1322,1446
17:16:52.961,s30_9_1_0_b32_mb2,49097,35818,10511,1322,1446
17:16:53.463,s30_9_1_0_b32_mb2,49097,35818,10511,1322,1446
17:16:53.964,s30_9_1_0_b32_mb2,49097,35818,10511,1322,1446
17:16:54.466,s30_9_1_0_b32_mb2,49097,35818,10511,1322,1446
17:16:54.968,s30_9_1_0_b32_mb2,49097,35818,10511,1322,1446
17:16:55.470,s30_9_1_0_b32_mb2,49097,35818,10511,1322,1446
17:16:55.971,s30_9_1_0_b32_mb2,49097,35818,10511,1322,1446
17:16:56.473,s30_9_1_0_b32_mb2,49097,35818,10511,1322,1446
17:16:56.975,s30_9_1_0_b32_mb2,49097,35818,10511,1322,1446
17:16:57.477,s30_9_1_0_b32_mb2,49097,35818,10511,1322,1446
17:16:57.979,s30_9_1_0_b32_mb2,49097,35818,10511,1322,1446
17:16:58.480,s30_9_1_0_b32_mb2,49097,35818,10511,1322,1446
17:16:58.982,s30_9_1_0_b32_mb2,49097,35818,10511,1322,1446
17:16:59.484,s30_9_1_0_b32_mb2,49097,35818,10511,1322,1446
17:16:59.986,s30_9_1_0_b32_mb2,49097,35818,10511,1322,1446
17:17:00.488,s30_9_1_0_b32_mb2,49097,35818,10511,1322,1446
17:17:00.990,s30_9_1_0_b32_mb2,49097,35818,10511,1322,1446
17:17:01.491,s30_9_1_0_b32_mb2,49097,35818,10511,1322,1446
17:17:01.993,s30_9_1_0_b32_mb2,49097,35818,10511,1322,1446
17:17:02.495,s30_9_1_0_b32_mb2,49097,35818,10511,1322,1446
17:17:02.997,s30_9_1_0_b32_mb2,49097,35818,10511,1322,1446
17:17:03.498,s30_9_1_0_b32_mb2,49097,35818,10511,1322,1446
17:17:04.000,s30_9_1_0_b32_mb2,49097,35818,10511,1322,1446
17:17:04.502,s30_9_1_0_b32_mb2,49097,35818,10511,1322,1446
17:17:05.004,s30_9_1_0_b32_mb2,49097,35818,10511,1322,1446
17:17:05.506,s30_9_1_0_b32_mb2,49097,35818,10511,1322,1446
17:17:06.008,s30_9_1_0_b32_mb2,49097,35818,10511,1322,1446
17:17:06.509,s30_9_1_0_b32_mb2,49097,35818,10511,1322,1446
17:17:07.011,s30_9_1_0_b32_mb2,49097,35818,10511,1322,1446
17:17:07.513,s30_9_1_0_b32_mb2,49097,35818,10511,1322,1446
17:17:08.015,s30_9_1_0_b32_mb2,49097,35818,10511,1322,1446
17:17:08.516,s30_9_1_0_b32_mb2,49097,35818,10511,1322,1446
17:17:09.018,s30_9_1_0_b32_mb2,49097,35818,10511,1322,1446
17:17:09.520,s30_9_1_0_b32_mb2,49097,35818,10511,1322,1446
17:17:10.022,s30_9_1_0_b32_mb2,49097,35818,10511,1322,1446
17:17:10.523,s30_9_1_0_b32_mb2,49097,35818,10511,1322,1446
17:17:11.025,s30_9_1_0_b32_mb2,49097,35818,10511,1322,1446
17:17:11.527,s30_9_1_0_b32_mb2,49097,35818,10511,1322,1446
17:17:12.029,s30_9_1_0_b32_mb2,49097,35818,10511,1322,1446
17:17:12.531,s30_9_1_0_b32_mb2,49097,35818,10511,1322,1446
17:17:13.032,s30_9_1_0_b32_mb2,49097,35818,10511,1322,1446
17:17:13.534,s30_9_1_0_b32_mb2,49097,35818,10511,1322,1446
17:17:14.036,s30_9_1_0_b32_mb2,49097,35818,10511,1322,1446
17:17:14.538,s30_9_1_0_b32_mb2,49097,35818,10511,1322,1446
17:17:15.040,s30_9_1_0_b32_mb2,49097,35818,10511,1322,1446
17:17:15.541,s30_9_1_0_b32_mb2,49097,35818,10511,1322,1446
17:17:16.043,s30_9_1_0_b32_mb2,49097,35818,10511,1322,1446
17:17:16.545,s30_9_1_0_b32_mb2,49097,35818,10511,1322,1446
17:17:17.047,s30_9_1_0_b32_mb2,49097,35818,10511,1322,1446
17:17:17.548,s30_9_1_0_b32_mb2,49097,35818,10511,1322,1446
17:17:18.050,s30_9_1_0_b32_mb2,49097,35818,10511,1322,1446
17:17:18.552,s30_9_1_0_b32_mb2,49097,35818,10511,1322,1446
17:17:19.054,s30_9_1_0_b32_mb2,49097,35818,10511,1322,1446
17:17:19.555,s30_9_1_0_b32_mb2,49097,35818,10511,1322,1446
17:17:20.057,s30_9_1_0_b32_mb2,49097,35818,10511,1322,1446
17:17:20.559,s30_9_1_0_b32_mb2,49097,35818,10511,1322,1446
17:17:21.061,s30_9_1_0_b32_mb2,49097,35818,10511,1322,1446
17:17:21.563,s30_9_1_0_b32_mb2,49097,35818,10511,1322,1446
17:17:22.064,s30_9_1_0_b32_mb2,49097,35818,10511,1322,1446
17:17:22.566,s30_9_1_0_b32_mb2,49097,35818,10511,1322,1446
17:17:23.068,s30_9_1_0_b32_mb2,49097,35818,10511,1322,1446
17:17:23.570,s30_9_1_0_b32_mb2,49097,35818,10511,1322,1446
17:17:24.071,s30_9_1_0_b32_mb2,49097,35818,10511,1322,1446
17:17:24.573,s30_9_1_0_b32_mb2,49097,35818,10511,1322,1446
17:17:25.075,s30_9_1_0_b32_mb2,49097,35818,10511,1322,1446
17:17:25.577,s30_9_1_0_b32_mb2,49097,35818,10511,1322,1446
17:17:26.079,s30_9_1_0_b32_mb2,49097,35818,10511,1322,1446
17:17:26.581,s30_9_1_0_b32_mb2,49097,35818,10511,1322,1446
17:17:27.082,s30_9_1_0_b32_mb2,49097,35818,10511,1322,1446
17:17:27.584,s30_9_1_0_b32_mb2,49137,35858,10511,1322,1446
17:17:28.086,s30_9_1_0_b32_mb2,49217,35938,10511,1322,1446
17:17:28.588,s30_9_1_0_b32_mb2,49257,35938,10551,1322,1446
17:17:29.090,s30_9_1_0_b32_mb2,49277,35958,10551,1322,1446
17:17:29.591,s30_9_1_0_b32_mb2,49277,35958,10551,1322,1446
17:17:30.093,s30_9_1_0_b32_mb2,49277,35958,10551,1322,1446
17:17:30.595,s30_9_1_0_b32_mb2,49277,35958,10551,1322,1446
17:17:31.097,s30_9_1_0_b32_mb2,49277,35958,10551,1322,1446
17:17:31.598,s30_9_1_0_b32_mb2,49277,35958,10551,1322,1446
17:17:32.100,s30_9_1_0_b32_mb2,49277,35958,10551,1322,1446
17:17:32.602,s30_9_1_0_b32_mb2,49277,35958,10551,1322,1446
17:17:33.104,s30_9_1_0_b32_mb2,49277,35958,10551,1322,1446
17:17:33.606,s30_9_1_0_b32_mb2,49277,35958,10551,1322,1446
17:17:34.108,s30_9_1_0_b32_mb2,49277,35958,10551,1322,1446
17:17:34.609,s30_9_1_0_b32_mb2,49277,35958,10551,1322,1446
17:17:35.111,s30_9_1_0_b32_mb2,49277,35958,10551,1322,1446
17:17:35.613,s30_9_1_0_b32_mb2,49277,35958,10551,1322,1446
17:17:36.115,s30_9_1_0_b32_mb2,49277,35958,10551,1322,1446
17:17:36.617,s30_9_1_0_b32_mb2,49277,35958,10551,1322,1446
17:17:37.119,s30_9_1_0_b32_mb2,49277,35958,10551,1322,1446
17:17:37.620,s30_9_1_0_b32_mb2,49277,35958,10551,1322,1446
17:17:38.122,s30_9_1_0_b32_mb2,49277,35958,10551,1322,1446
17:17:38.624,s30_9_1_0_b32_mb2,49277,35958,10551,1322,1446
17:17:39.126,s30_9_1_0_b32_mb2,49277,35958,10551,1322,1446
17:17:39.628,s30_9_1_0_b32_mb2,49277,35958,10551,1322,1446
17:17:40.130,s30_9_1_0_b32_mb2,49277,35958,10551,1322,1446
17:17:40.632,s30_9_1_0_b32_mb2,49277,35958,10551,1322,1446
17:17:41.134,s30_9_1_0_b32_mb2,49277,35958,10551,1322,1446
17:17:41.635,s30_9_1_0_b32_mb2,49277,35958,10551,1322,1446
17:17:42.137,s30_9_1_0_b32_mb2,49277,35958,10551,1322,1446
17:17:42.639,s30_9_1_0_b32_mb2,49277,35958,10551,1322,1446
17:17:43.141,s30_9_1_0_b32_mb2,49277,35958,10551,1322,1446
17:17:43.643,s30_9_1_0_b32_mb2,49277,35958,10551,1322,1446
17:17:44.145,s30_9_1_0_b32_mb2,49277,35958,10551,1322,1446
17:17:44.647,s30_9_1_0_b32_mb2,49277,35958,10551,1322,1446
17:17:45.148,s30_9_1_0_b32_mb2,49277,35958,10551,1322,1446
17:17:45.650,s30_9_1_0_b32_mb2,49277,35958,10551,1322,1446
17:17:46.152,s30_9_1_0_b32_mb2,49277,35958,10551,1322,1446
17:17:46.654,s30_9_1_0_b32_mb2,49277,35958,10551,1322,1446
17:17:47.155,s30_9_1_0_b32_mb2,49277,35958,10551,1322,1446
17:17:47.657,s30_9_1_0_b32_mb2,49277,35958,10551,1322,1446
17:17:48.159,s30_9_1_0_b32_mb2,49277,35958,10551,1322,1446
17:17:48.661,s30_9_1_0_b32_mb2,49277,35958,10551,1322,1446
17:17:49.163,s30_9_1_0_b32_mb2,49277,35958,10551,1322,1446
17:17:49.665,s30_9_1_0_b32_mb2,49277,35958,10551,1322,1446
17:17:50.166,s30_9_1_0_b32_mb2,49277,35958,10551,1322,1446
17:17:50.668,s30_9_1_0_b32_mb2,49277,35958,10551,1322,1446
17:17:51.170,s30_9_1_0_b32_mb2,49277,35958,10551,1322,1446
17:17:51.672,s30_9_1_0_b32_mb2,49277,35958,10551,1322,1446
17:17:52.174,s30_9_1_0_b32_mb2,49277,35958,10551,1322,1446
17:17:52.676,s30_9_1_0_b32_mb2,49277,35958,10551,1322,1446
17:17:53.177,s30_9_1_0_b32_mb2,49277,35958,10551,1322,1446
17:17:53.679,s30_9_1_0_b32_mb2,49277,35958,10551,1322,1446
17:17:54.181,s30_9_1_0_b32_mb2,49277,35958,10551,1322,1446
17:17:54.683,s30_9_1_0_b32_mb2,49277,35958,10551,1322,1446
17:17:55.185,s30_9_1_0_b32_mb2,49277,35958,10551,1322,1446
17:17:55.687,s30_9_1_0_b32_mb2,49277,35958,10551,1322,1446
17:17:56.189,s30_9_1_0_b32_mb2,49277,35958,10551,1322,1446
17:17:56.690,s30_9_1_0_b32_mb2,49277,35958,10551,1322,1446
17:17:57.192,s30_9_1_0_b32_mb2,49277,35958,10551,1322,1446
17:17:57.694,s30_9_1_0_b32_mb2,49277,35958,10551,1322,1446
17:17:58.196,s30_9_1_0_b32_mb2,49277,35958,10551,1322,1446
17:17:58.698,s30_9_1_0_b32_mb2,49277,35958,10551,1322,1446
17:17:59.200,s30_9_1_0_b32_mb2,49277,35958,10551,1322,1446
17:17:59.702,s30_9_1_0_b32_mb2,49277,35958,10551,1322,1446
17:18:00.203,s30_9_1_0_b32_mb2,49277,35958,10551,1322,1446
17:18:00.705,s30_9_1_0_b32_mb2,49277,35958,10551,1322,1446
17:18:01.207,s30_9_1_0_b32_mb2,49277,35958,10551,1322,1446
17:18:01.709,s30_9_1_0_b32_mb2,49277,35958,10551,1322,1446
17:18:02.211,s30_9_1_0_b32_mb2,49277,35958,10551,1322,1446
17:18:02.713,s30_9_1_0_b32_mb2,49277,35958,10551,1322,1446
17:18:03.214,s30_9_1_0_b32_mb2,49277,35958,10551,1322,1446
17:18:03.716,s30_9_1_0_b32_mb2,49277,35958,10551,1322,1446
17:18:04.218,s30_9_1_0_b32_mb2,49277,35958,10551,1322,1446
17:18:04.720,s30_9_1_0_b32_mb2,49277,35958,10551,1322,1446
17:18:05.222,s30_9_1_0_b32_mb2,49277,35958,10551,1322,1446
17:18:05.724,s30_9_1_0_b32_mb2,49277,35958,10551,1322,1446
17:18:06.225,s30_9_1_0_b32_mb2,49277,35958,10551,1322,1446
17:18:06.727,s30_9_1_0_b32_mb2,49277,35958,10551,1322,1446
17:18:07.229,s30_9_1_0_b32_mb2,49277,35958,10551,1322,1446
17:18:07.731,s30_9_1_0_b32_mb2,49277,35958,10551,1322,1446
17:18:08.233,s30_9_1_0_b32_mb2,49277,35958,10551,1322,1446
17:18:08.735,s30_9_1_0_b32_mb2,49277,35958,10551,1322,1446
17:18:09.237,s30_9_1_0_b32_mb2,49277,35958,10551,1322,1446
17:18:09.739,s30_9_1_0_b32_mb2,49277,35958,10551,1322,1446
17:18:10.240,s30_9_1_0_b32_mb2,49277,35958,10551,1322,1446
17:18:10.742,s30_9_1_0_b32_mb2,49277,35958,10551,1322,1446
17:18:11.244,s30_9_1_0_b32_mb2,49277,35958,10551,1322,1446
17:18:11.746,s30_9_1_0_b32_mb2,49277,35958,10551,1322,1446
17:18:12.248,s30_9_1_0_b32_mb2,49277,35958,10551,1322,1446
17:18:12.750,s30_9_1_0_b32_mb2,49377,36058,10551,1322,1446
17:18:13.252,s30_9_1_0_b32_mb2,49437,36078,10591,1322,1446
17:18:13.753,s30_9_1_0_b32_mb2,49457,36098,10591,1322,1446
17:18:14.255,s30_9_1_0_b32_mb2,49457,36098,10591,1322,1446
17:18:14.757,s30_9_1_0_b32_mb2,49477,36098,10611,1322,1446
17:18:15.259,s30_9_1_0_b32_mb2,49477,36098,10611,1322,1446
17:18:15.761,s30_9_1_0_b32_mb2,49477,36098,10611,1322,1446
17:18:16.262,s30_9_1_0_b32_mb2,49477,36098,10611,1322,1446
17:18:16.764,s30_9_1_0_b32_mb2,49477,36098,10611,1322,1446
17:18:17.266,s30_9_1_0_b32_mb2,49477,36098,10611,1322,1446
17:18:17.768,s30_9_1_0_b32_mb2,49477,36098,10611,1322,1446
17:18:18.270,s30_9_1_0_b32_mb2,49477,36098,10611,1322,1446
17:18:18.772,s30_9_1_0_b32_mb2,49477,36098,10611,1322,1446
17:18:19.273,s30_9_1_0_b32_mb2,49477,36098,10611,1322,1446
17:18:19.775,s30_9_1_0_b32_mb2,49477,36098,10611,1322,1446
17:18:20.277,s30_9_1_0_b32_mb2,49477,36098,10611,1322,1446
17:18:20.779,s30_9_1_0_b32_mb2,49477,36098,10611,1322,1446
17:18:21.281,s30_9_1_0_b32_mb2,49477,36098,10611,1322,1446
17:18:21.782,s30_9_1_0_b32_mb2,49477,36098,10611,1322,1446
17:18:22.284,s30_9_1_0_b32_mb2,49477,36098,10611,1322,1446
17:18:22.786,s30_9_1_0_b32_mb2,49477,36098,10611,1322,1446
17:18:23.288,s30_9_1_0_b32_mb2,49477,36098,10611,1322,1446
17:18:23.790,s30_9_1_0_b32_mb2,49477,36098,10611,1322,1446
17:18:24.291,s30_9_1_0_b32_mb2,49477,36098,10611,1322,1446
17:18:24.793,s30_9_1_0_b32_mb2,49477,36098,10611,1322,1446
17:18:25.295,s30_9_1_0_b32_mb2,49477,36098,10611,1322,1446
17:18:25.797,s30_9_1_0_b32_mb2,49477,36098,10611,1322,1446
17:18:26.299,s30_9_1_0_b32_mb2,49477,36098,10611,1322,1446
17:18:26.801,s30_9_1_0_b32_mb2,49477,36098,10611,1322,1446
17:18:27.302,s30_9_1_0_b32_mb2,49477,36098,10611,1322,1446
17:18:27.804,s30_9_1_0_b32_mb2,49477,36098,10611,1322,1446
17:18:28.306,s30_9_1_0_b32_mb2,49477,36098,10611,1322,1446
17:18:28.808,s30_9_1_0_b32_mb2,49477,36098,10611,1322,1446
17:18:29.309,s30_9_1_0_b32_mb2,49477,36098,10611,1322,1446
17:18:29.811,s30_9_1_0_b32_mb2,49477,36098,10611,1322,1446
17:18:30.313,s30_9_1_0_b32_mb2,49477,36098,10611,1322,1446
17:18:30.815,s30_9_1_0_b32_mb2,49477,36098,10611,1322,1446
17:18:31.317,s30_9_1_0_b32_mb2,49477,36098,10611,1322,1446
17:18:31.818,s30_9_1_0_b32_mb2,49477,36098,10611,1322,1446
17:18:32.320,s30_9_1_0_b32_mb2,49477,36098,10611,1322,1446
17:18:32.822,s30_9_1_0_b32_mb2,49477,36098,10611,1322,1446
17:18:33.324,s30_9_1_0_b32_mb2,49477,36098,10611,1322,1446
17:18:33.826,s30_9_1_0_b32_mb2,49477,36098,10611,1322,1446
17:18:34.327,s30_9_1_0_b32_mb2,49477,36098,10611,1322,1446
17:18:34.829,s30_9_1_0_b32_mb2,49477,36098,10611,1322,1446
17:18:35.331,s30_9_1_0_b32_mb2,49477,36098,10611,1322,1446
17:18:35.833,s30_9_1_0_b32_mb2,49477,36098,10611,1322,1446
17:18:36.334,s30_9_1_0_b32_mb2,49477,36098,10611,1322,1446
17:18:36.836,s30_9_1_0_b32_mb2,49477,36098,10611,1322,1446
17:18:37.338,s30_9_1_0_b32_mb2,49477,36098,10611,1322,1446
17:18:37.840,s30_9_1_0_b32_mb2,49477,36098,10611,1322,1446
17:18:38.341,s30_9_1_0_b32_mb2,49477,36098,10611,1322,1446
17:18:38.843,s30_9_1_0_b32_mb2,49477,36098,10611,1322,1446
17:18:39.345,s30_9_1_0_b32_mb2,49477,36098,10611,1322,1446
17:18:39.847,s30_9_1_0_b32_mb2,49477,36098,10611,1322,1446
17:18:40.348,s30_9_1_0_b32_mb2,49477,36098,10611,1322,1446
17:18:40.850,s30_9_1_0_b32_mb2,49477,36098,10611,1322,1446
17:18:41.352,s30_9_1_0_b32_mb2,49477,36098,10611,1322,1446
17:18:41.854,s30_9_1_0_b32_mb2,49477,36098,10611,1322,1446
17:18:42.356,s30_9_1_0_b32_mb2,49477,36098,10611,1322,1446
17:18:42.857,s30_9_1_0_b32_mb2,49477,36098,10611,1322,1446
17:18:43.359,s30_9_1_0_b32_mb2,49477,36098,10611,1322,1446
17:18:43.861,s30_9_1_0_b32_mb2,49477,36098,10611,1322,1446
17:18:44.363,s30_9_1_0_b32_mb2,49477,36098,10611,1322,1446
17:18:44.865,s30_9_1_0_b32_mb2,49477,36098,10611,1322,1446
17:18:45.366,s30_9_1_0_b32_mb2,49477,36098,10611,1322,1446
17:18:45.868,s30_9_1_0_b32_mb2,49477,36098,10611,1322,1446
17:18:46.370,s30_9_1_0_b32_mb2,49477,36098,10611,1322,1446
17:18:46.872,s30_9_1_0_b32_mb2,49477,36098,10611,1322,1446
17:18:47.373,s30_9_1_0_b32_mb2,49477,36098,10611,1322,1446
17:18:47.875,s30_9_1_0_b32_mb2,49477,36098,10611,1322,1446
17:18:48.377,s30_9_1_0_b32_mb2,49477,36098,10611,1322,1446
17:18:48.879,s30_9_1_0_b32_mb2,49477,36098,10611,1322,1446
17:18:49.381,s30_9_1_0_b32_mb2,49477,36098,10611,1322,1446
17:18:49.883,s30_9_1_0_b32_mb2,49477,36098,10611,1322,1446
17:18:50.384,s30_9_1_0_b32_mb2,49477,36098,10611,1322,1446
17:18:50.886,s30_9_1_0_b32_mb2,49477,36098,10611,1322,1446
17:18:51.388,s30_9_1_0_b32_mb2,49477,36098,10611,1322,1446
17:18:51.890,s30_9_1_0_b32_mb2,49477,36098,10611,1322,1446
17:18:52.391,s30_9_1_0_b32_mb2,49477,36098,10611,1322,1446
17:18:52.893,s30_9_1_0_b32_mb2,49477,36098,10611,1322,1446
17:18:53.395,s30_9_1_0_b32_mb2,49477,36098,10611,1322,1446
17:18:53.897,s30_9_1_0_b32_mb2,49477,36098,10611,1322,1446
17:18:54.399,s30_9_1_0_b32_mb2,49477,36098,10611,1322,1446
17:18:54.901,s30_9_1_0_b32_mb2,49477,36098,10611,1322,1446
17:18:55.402,s30_9_1_0_b32_mb2,49477,36098,10611,1322,1446
17:18:55.904,s30_9_1_0_b32_mb2,49477,36098,10611,1322,1446
17:18:56.406,s30_9_1_0_b32_mb2,49477,36098,10611,1322,1446
17:18:56.908,s30_9_1_0_b32_mb2,49477,36098,10611,1322,1446
17:18:57.410,s30_9_1_0_b32_mb2,49477,36098,10611,1322,1446
17:18:57.911,s30_9_1_0_b32_mb2,49477,36098,10611,1322,1446
17:18:58.413,s30_9_1_0_b32_mb2,49477,36098,10611,1322,1446
17:18:58.915,s30_9_1_0_b32_mb2,49477,36098,10611,1322,1446
17:18:59.417,s30_9_1_0_b32_mb2,49477,36098,10611,1322,1446
17:18:59.919,s30_9_1_0_b32_mb2,49477,36098,10611,1322,1446
17:19:00.420,s30_9_1_0_b32_mb2,49477,36098,10611,1322,1446
17:19:00.922,s30_9_1_0_b32_mb2,49477,36098,10611,1322,1446
17:19:01.424,s30_9_1_0_b32_mb2,49477,36098,10611,1322,1446
17:19:01.926,s30_9_1_0_b32_mb2,49477,36098,10611,1322,1446
17:19:02.428,s30_9_1_0_b32_mb2,49477,36098,10611,1322,1446
17:19:02.929,s30_9_1_0_b32_mb2,49477,36098,10611,1322,1446
17:19:03.431,s30_9_1_0_b32_mb2,49477,36098,10611,1322,1446
17:19:03.933,s30_9_1_0_b32_mb2,49477,36098,10611,1322,1446
17:19:04.435,s30_9_1_0_b32_mb2,49477,36098,10611,1322,1446
17:19:04.937,s30_9_1_0_b32_mb2,49477,36098,10611,1322,1446
17:19:05.439,s30_9_1_0_b32_mb2,49537,36158,10611,1322,1446
17:19:05.940,s30_9_1_0_b32_mb2,49637,36258,10611,1322,1446
17:19:06.442,s30_9_1_0_b32_mb2,49677,36258,10651,1322,1446
17:19:06.944,s30_9_1_0_b32_mb2,49677,36258,10651,1322,1446
17:19:07.446,s30_9_1_0_b32_mb2,49677,36258,10651,1322,1446
17:19:07.948,s30_9_1_0_b32_mb2,49677,36258,10651,1322,1446
17:19:08.450,s30_9_1_0_b32_mb2,49677,36258,10651,1322,1446
17:19:08.951,s30_9_1_0_b32_mb2,49677,36258,10651,1322,1446
17:19:09.453,s30_9_1_0_b32_mb2,49677,36258,10651,1322,1446
17:19:09.955,s30_9_1_0_b32_mb2,49677,36258,10651,1322,1446
17:19:10.457,s30_9_1_0_b32_mb2,49677,36258,10651,1322,1446
17:19:10.958,s30_9_1_0_b32_mb2,49677,36258,10651,1322,1446
17:19:11.460,s30_9_1_0_b32_mb2,49677,36258,10651,1322,1446
17:19:11.962,s30_9_1_0_b32_mb2,49677,36258,10651,1322,1446
17:19:12.464,s30_9_1_0_b32_mb2,49677,36258,10651,1322,1446
17:19:12.965,s30_9_1_0_b32_mb2,49677,36258,10651,1322,1446
17:19:13.467,s30_9_1_0_b32_mb2,49677,36258,10651,1322,1446
17:19:13.969,s30_9_1_0_b32_mb2,49677,36258,10651,1322,1446
17:19:14.471,s30_9_1_0_b32_mb2,49677,36258,10651,1322,1446
17:19:14.972,s30_9_1_0_b32_mb2,49677,36258,10651,1322,1446
17:19:15.474,s30_9_1_0_b32_mb2,49677,36258,10651,1322,1446
17:19:15.976,s30_9_1_0_b32_mb2,49677,36258,10651,1322,1446
17:19:16.478,s30_9_1_0_b32_mb2,49677,36258,10651,1322,1446
17:19:16.979,s30_9_1_0_b32_mb2,49677,36258,10651,1322,1446
17:19:17.481,s30_9_1_0_b32_mb2,49677,36258,10651,1322,1446
17:19:17.983,s30_9_1_0_b32_mb2,49677,36258,10651,1322,1446
17:19:18.485,s30_9_1_0_b32_mb2,49677,36258,10651,1322,1446
17:19:18.986,s30_9_1_0_b32_mb2,49677,36258,10651,1322,1446
17:19:19.488,s30_9_1_0_b32_mb2,49677,36258,10651,1322,1446
17:19:19.990,s30_9_1_0_b32_mb2,49677,36258,10651,1322,1446
17:19:20.492,s30_9_1_0_b32_mb2,49677,36258,10651,1322,1446
17:19:20.993,s30_9_1_0_b32_mb2,49677,36258,10651,1322,1446
17:19:21.495,s30_9_1_0_b32_mb2,49677,36258,10651,1322,1446
17:19:21.997,s30_9_1_0_b32_mb2,49677,36258,10651,1322,1446
17:19:22.499,s30_9_1_0_b32_mb2,49677,36258,10651,1322,1446
17:19:23.001,s30_9_1_0_b32_mb2,49677,36258,10651,1322,1446
17:19:23.502,s30_9_1_0_b32_mb2,49677,36258,10651,1322,1446
17:19:24.004,s30_9_1_0_b32_mb2,49677,36258,10651,1322,1446
17:19:24.506,s30_9_1_0_b32_mb2,49677,36258,10651,1322,1446
17:19:25.007,s30_9_1_0_b32_mb2,49677,36258,10651,1322,1446
17:19:25.509,s30_9_1_0_b32_mb2,49677,36258,10651,1322,1446
17:19:26.011,s30_9_1_0_b32_mb2,49677,36258,10651,1322,1446
17:19:26.513,s30_9_1_0_b32_mb2,49677,36258,10651,1322,1446
17:19:27.015,s30_9_1_0_b32_mb2,49677,36258,10651,1322,1446
17:19:27.516,s30_9_1_0_b32_mb2,49677,36258,10651,1322,1446
17:19:28.018,s30_9_1_0_b32_mb2,49677,36258,10651,1322,1446
17:19:28.520,s30_9_1_0_b32_mb2,49677,36258,10651,1322,1446
17:19:29.022,s30_9_1_0_b32_mb2,49677,36258,10651,1322,1446
17:19:29.524,s30_9_1_0_b32_mb2,49677,36258,10651,1322,1446
17:19:30.025,s30_9_1_0_b32_mb2,49677,36258,10651,1322,1446
17:19:30.527,s30_9_1_0_b32_mb2,49677,36258,10651,1322,1446
17:19:31.029,s30_9_1_0_b32_mb2,49677,36258,10651,1322,1446
17:19:31.531,s30_9_1_0_b32_mb2,49677,36258,10651,1322,1446
17:19:32.033,s30_9_1_0_b32_mb2,49677,36258,10651,1322,1446
17:19:32.535,s30_9_1_0_b32_mb2,49677,36258,10651,1322,1446
17:19:33.037,s30_9_1_0_b32_mb2,49677,36258,10651,1322,1446
17:19:33.538,s30_9_1_0_b32_mb2,49677,36258,10651,1322,1446
17:19:34.040,s30_9_1_0_b32_mb2,49677,36258,10651,1322,1446
17:19:34.542,s30_9_1_0_b32_mb2,49677,36258,10651,1322,1446
17:19:35.044,s30_9_1_0_b32_mb2,49677,36258,10651,1322,1446
17:19:35.546,s30_9_1_0_b32_mb2,49677,36258,10651,1322,1446
17:19:36.047,s30_9_1_0_b32_mb2,49677,36258,10651,1322,1446
17:19:36.549,s30_9_1_0_b32_mb2,49677,36258,10651,1322,1446
17:19:37.051,s30_9_1_0_b32_mb2,49677,36258,10651,1322,1446
17:19:37.553,s30_9_1_0_b32_mb2,49677,36258,10651,1322,1446
17:19:38.054,s30_9_1_0_b32_mb2,49677,36258,10651,1322,1446
17:19:38.556,s30_9_1_0_b32_mb2,49677,36258,10651,1322,1446
17:19:39.058,s30_9_1_0_b32_mb2,49677,36258,10651,1322,1446
17:19:39.560,s30_9_1_0_b32_mb2,49677,36258,10651,1322,1446
17:19:40.062,s30_9_1_0_b32_mb2,49677,36258,10651,1322,1446
17:19:40.563,s30_9_1_0_b32_mb2,49677,36258,10651,1322,1446
17:19:41.065,s30_9_1_0_b32_mb2,49677,36258,10651,1322,1446
17:19:41.567,s30_9_1_0_b32_mb2,49677,36258,10651,1322,1446
17:19:42.069,s30_9_1_0_b32_mb2,49677,36258,10651,1322,1446
17:19:42.570,s30_9_1_0_b32_mb2,49677,36258,10651,1322,1446
17:19:43.072,s30_9_1_0_b32_mb2,49677,36258,10651,1322,1446
17:19:43.574,s30_9_1_0_b32_mb2,49677,36258,10651,1322,1446
17:19:44.076,s30_9_1_0_b32_mb2,49677,36258,10651,1322,1446
17:19:44.578,s30_9_1_0_b32_mb2,49677,36258,10651,1322,1446
17:19:45.079,s30_9_1_0_b32_mb2,49677,36258,10651,1322,1446
17:19:45.581,s30_9_1_0_b32_mb2,49677,36258,10651,1322,1446
17:19:46.083,s30_9_1_0_b32_mb2,49677,36258,10651,1322,1446
17:19:46.585,s30_9_1_0_b32_mb2,49677,36258,10651,1322,1446
17:19:47.087,s30_9_1_0_b32_mb2,49677,36258,10651,1322,1446
17:19:47.588,s30_9_1_0_b32_mb2,49677,36258,10651,1322,1446
17:19:48.090,s30_9_1_0_b32_mb2,49677,36258,10651,1322,1446
17:19:48.592,s30_9_1_0_b32_mb2,49677,36258,10651,1322,1446
17:19:49.094,s30_9_1_0_b32_mb2,49677,36258,10651,1322,1446
17:19:49.596,s30_9_1_0_b32_mb2,49677,36258,10651,1322,1446
17:19:50.097,s30_9_1_0_b32_mb2,49677,36258,10651,1322,1446
17:19:50.599,s30_9_1_0_b32_mb2,49677,36258,10651,1322,1446
17:19:51.101,s30_9_1_0_b32_mb2,49677,36258,10651,1322,1446
17:19:51.603,s30_9_1_0_b32_mb2,49677,36258,10651,1322,1446
17:19:52.105,s30_9_1_0_b32_mb2,49677,36258,10651,1322,1446
17:19:52.606,s30_9_1_0_b32_mb2,49677,36258,10651,1322,1446
17:19:53.108,s30_9_1_0_b32_mb2,49677,36258,10651,1322,1446
17:19:53.610,s30_9_1_0_b32_mb2,49677,36258,10651,1322,1446
17:19:54.112,s30_9_1_0_b32_mb2,49677,36258,10651,1322,1446
17:19:54.614,s30_9_1_0_b32_mb2,49677,36258,10651,1322,1446
17:19:55.116,s30_9_1_0_b32_mb2,49677,36258,10651,1322,1446
17:19:55.617,s30_9_1_0_b32_mb2,49677,36258,10651,1322,1446
17:19:56.119,s30_9_1_0_b32_mb2,49677,36258,10651,1322,1446
17:19:56.621,s30_9_1_0_b32_mb2,49677,36258,10651,1322,1446
17:19:57.123,s30_9_1_0_b32_mb2,49677,36258,10651,1322,1446
17:19:57.625,s30_9_1_0_b32_mb2,49677,36258,10651,1322,1446
17:19:58.126,s30_9_1_0_b32_mb2,49677,36258,10651,1322,1446
17:19:58.628,s30_9_1_0_b32_mb2,49677,36258,10651,1322,1446
17:19:59.130,s30_9_1_0_b32_mb2,49677,36258,10651,1322,1446
17:19:59.632,s30_9_1_0_b32_mb2,49677,36258,10651,1322,1446
17:20:00.134,s30_9_1_0_b32_mb2,49677,36258,10651,1322,1446
17:20:00.635,s30_9_1_0_b32_mb2,49677,36258,10651,1322,1446
17:20:01.137,s30_9_1_0_b32_mb2,49677,36258,10651,1322,1446
17:20:01.639,s30_9_1_0_b32_mb2,49677,36258,10651,1322,1446
17:20:02.141,s30_9_1_0_b32_mb2,49677,36258,10651,1322,1446
17:20:02.643,s30_9_1_0_b32_mb2,49677,36258,10651,1322,1446
17:20:03.145,s30_9_1_0_b32_mb2,49677,36258,10651,1322,1446
17:20:03.647,s30_9_1_0_b32_mb2,49677,36258,10651,1322,1446
17:20:04.148,s30_9_1_0_b32_mb2,49677,36258,10651,1322,1446
17:20:04.650,s30_9_1_0_b32_mb2,49677,36258,10651,1322,1446
17:20:05.152,s30_9_1_0_b32_mb2,49677,36258,10651,1322,1446
17:20:05.654,s30_9_1_0_b32_mb2,49677,36258,10651,1322,1446
17:20:06.156,s30_9_1_0_b32_mb2,49677,36258,10651,1322,1446
17:20:06.658,s30_9_1_0_b32_mb2,49677,36258,10651,1322,1446
17:20:07.159,s30_9_1_0_b32_mb2,49677,36258,10651,1322,1446
17:20:07.661,s30_9_1_0_b32_mb2,49677,36258,10651,1322,1446
17:20:08.163,s30_9_1_0_b32_mb2,49677,36258,10651,1322,1446
17:20:08.665,s30_9_1_0_b32_mb2,49717,36278,10651,1322,1446
17:20:09.166,s30_9_1_0_b32_mb2,49857,36418,10651,1322,1446
17:20:09.668,s30_9_1_0_b32_mb2,49957,36478,10711,1322,1446
17:20:10.170,s30_9_1_0_b32_mb2,49977,36478,10711,1342,1446
17:20:10.672,s30_9_1_0_b32_mb2,49977,36478,10711,1342,1446
17:20:11.173,s30_9_1_0_b32_mb2,49977,36478,10711,1342,1446
17:20:11.675,s30_9_1_0_b32_mb2,49977,36478,10711,1342,1446
17:20:12.177,s30_9_1_0_b32_mb2,49977,36478,10711,1342,1446
17:20:12.679,s30_9_1_0_b32_mb2,49977,36478,10711,1342,1446
17:20:13.180,s30_9_1_0_b32_mb2,49977,36478,10711,1342,1446
17:20:13.682,s30_9_1_0_b32_mb2,49977,36478,10711,1342,1446
17:20:14.184,s30_9_1_0_b32_mb2,49977,36478,10711,1342,1446
17:20:14.685,s30_9_1_0_b32_mb2,49977,36478,10711,1342,1446
17:20:15.187,s30_9_1_0_b32_mb2,49977,36478,10711,1342,1446
17:20:15.689,s30_9_1_0_b32_mb2,49977,36478,10711,1342,1446
17:20:16.191,s30_9_1_0_b32_mb2,49977,36478,10711,1342,1446
17:20:16.693,s30_9_1_0_b32_mb2,49977,36478,10711,1342,1446
17:20:17.194,s30_9_1_0_b32_mb2,49977,36478,10711,1342,1446
17:20:17.696,s30_9_1_0_b32_mb2,49977,36478,10711,1342,1446
17:20:18.198,s30_9_1_0_b32_mb2,49977,36478,10711,1342,1446
17:20:18.700,s30_9_1_0_b32_mb2,49977,36478,10711,1342,1446
17:20:19.201,s30_9_1_0_b32_mb2,49977,36478,10711,1342,1446
17:20:19.703,s30_9_1_0_b32_mb2,49977,36478,10711,1342,1446
17:20:20.205,s30_9_1_0_b32_mb2,49977,36478,10711,1342,1446
17:20:20.707,s30_9_1_0_b32_mb2,49977,36478,10711,1342,1446
17:20:21.209,s30_9_1_0_b32_mb2,49977,36478,10711,1342,1446
17:20:21.710,s30_9_1_0_b32_mb2,49977,36478,10711,1342,1446
17:20:22.212,s30_9_1_0_b32_mb2,49977,36478,10711,1342,1446
17:20:22.714,s30_9_1_0_b32_mb2,49977,36478,10711,1342,1446
17:20:23.215,s30_9_1_0_b32_mb2,49977,36478,10711,1342,1446
17:20:23.717,s30_9_1_0_b32_mb2,49977,36478,10711,1342,1446
17:20:24.219,s30_9_1_0_b32_mb2,49977,36478,10711,1342,1446
17:20:24.721,s30_9_1_0_b32_mb2,49977,36478,10711,1342,1446
17:20:25.222,s30_9_1_0_b32_mb2,49977,36478,10711,1342,1446
17:20:25.724,s30_9_1_0_b32_mb2,49977,36478,10711,1342,1446
17:20:26.226,s30_9_1_0_b32_mb2,49977,36478,10711,1342,1446
17:20:26.727,s30_9_1_0_b32_mb2,49977,36478,10711,1342,1446
17:20:27.229,s30_9_1_0_b32_mb2,49977,36478,10711,1342,1446
17:20:27.731,s30_9_1_0_b32_mb2,49977,36478,10711,1342,1446
17:20:28.232,s30_9_1_0_b32_mb2,49977,36478,10711,1342,1446
17:20:28.734,s30_9_1_0_b32_mb2,49977,36478,10711,1342,1446
17:20:29.236,s30_9_1_0_b32_mb2,49977,36478,10711,1342,1446
17:20:29.738,s30_9_1_0_b32_mb2,49977,36478,10711,1342,1446
17:20:30.239,s30_9_1_0_b32_mb2,49977,36478,10711,1342,1446
17:20:30.741,s30_9_1_0_b32_mb2,49977,36478,10711,1342,1446
17:20:31.243,s30_9_1_0_b32_mb2,49977,36478,10711,1342,1446
17:20:31.745,s30_9_1_0_b32_mb2,49977,36478,10711,1342,1446
17:20:32.246,s30_9_1_0_b32_mb2,49977,36478,10711,1342,1446
17:20:32.748,s30_9_1_0_b32_mb2,49977,36478,10711,1342,1446
17:20:33.250,s30_9_1_0_b32_mb2,49977,36478,10711,1342,1446
17:20:33.752,s30_9_1_0_b32_mb2,49977,36478,10711,1342,1446
17:20:34.253,s30_9_1_0_b32_mb2,49977,36478,10711,1342,1446
17:20:34.755,s30_9_1_0_b32_mb2,49977,36478,10711,1342,1446
17:20:35.257,s30_9_1_0_b32_mb2,49977,36478,10711,1342,1446
17:20:35.759,s30_9_1_0_b32_mb2,49977,36478,10711,1342,1446
17:20:36.260,s30_9_1_0_b32_mb2,49977,36478,10711,1342,1446
17:20:36.762,s30_9_1_0_b32_mb2,49977,36478,10711,1342,1446
17:20:37.264,s30_9_1_0_b32_mb2,49977,36478,10711,1342,1446
17:20:37.765,s30_9_1_0_b32_mb2,49977,36478,10711,1342,1446
17:20:38.267,s30_9_1_0_b32_mb2,49977,36478,10711,1342,1446
17:20:38.769,s30_9_1_0_b32_mb2,49977,36478,10711,1342,1446
17:20:39.271,s30_9_1_0_b32_mb2,49977,36478,10711,1342,1446
17:20:39.772,s30_9_1_0_b32_mb2,49977,36478,10711,1342,1446
17:20:40.274,s30_9_1_0_b32_mb2,49977,36478,10711,1342,1446
17:20:40.776,s30_9_1_0_b32_mb2,49977,36478,10711,1342,1446
17:20:41.278,s30_9_1_0_b32_mb2,49977,36478,10711,1342,1446
17:20:41.779,s30_9_1_0_b32_mb2,49977,36478,10711,1342,1446
17:20:42.281,s30_9_1_0_b32_mb2,49977,36478,10711,1342,1446
17:20:42.783,s30_9_1_0_b32_mb2,49977,36478,10711,1342,1446
17:20:43.285,s30_9_1_0_b32_mb2,49977,36478,10711,1342,1446
17:20:43.787,s30_9_1_0_b32_mb2,49977,36478,10711,1342,1446
17:20:44.288,s30_9_1_0_b32_mb2,49977,36478,10711,1342,1446
17:20:44.790,s30_9_1_0_b32_mb2,49977,36478,10711,1342,1446
17:20:45.292,s30_9_1_0_b32_mb2,49977,36478,10711,1342,1446
17:20:45.794,s30_9_1_0_b32_mb2,49977,36478,10711,1342,1446
17:20:46.296,s30_9_1_0_b32_mb2,49977,36478,10711,1342,1446
17:20:46.798,s30_9_1_0_b32_mb2,49977,36478,10711,1342,1446
17:20:47.300,s30_9_1_0_b32_mb2,49977,36478,10711,1342,1446
17:20:47.801,s30_9_1_0_b32_mb2,49977,36478,10711,1342,1446
17:20:48.303,s30_9_1_0_b32_mb2,49977,36478,10711,1342,1446
17:20:48.805,s30_9_1_0_b32_mb2,49977,36478,10711,1342,1446
17:20:49.307,s30_9_1_0_b32_mb2,49977,36478,10711,1342,1446
17:20:49.809,s30_9_1_0_b32_mb2,49977,36478,10711,1342,1446
17:20:50.310,s30_9_1_0_b32_mb2,49977,36478,10711,1342,1446
17:20:50.812,s30_9_1_0_b32_mb2,49977,36478,10711,1342,1446
17:20:51.314,s30_9_1_0_b32_mb2,49977,36478,10711,1342,1446
17:20:51.816,s30_9_1_0_b32_mb2,49977,36478,10711,1342,1446
17:20:52.318,s30_9_1_0_b32_mb2,49977,36478,10711,1342,1446
17:20:52.820,s30_9_1_0_b32_mb2,49977,36478,10711,1342,1446
17:20:53.321,s30_9_1_0_b32_mb2,49977,36478,10711,1342,1446
17:20:53.823,s30_9_1_0_b32_mb2,49977,36478,10711,1342,1446
17:20:54.325,s30_9_1_0_b32_mb2,49977,36478,10711,1342,1446
17:20:54.827,s30_9_1_0_b32_mb2,49977,36478,10711,1342,1446
17:20:55.329,s30_9_1_0_b32_mb2,49977,36478,10711,1342,1446
17:20:55.831,s30_9_1_0_b32_mb2,49977,36478,10711,1342,1446
17:20:56.332,s30_9_1_0_b32_mb2,49977,36478,10711,1342,1446
17:20:56.834,s30_9_1_0_b32_mb2,49977,36478,10711,1342,1446
17:20:57.336,s30_9_1_0_b32_mb2,49977,36478,10711,1342,1446
17:20:57.838,s30_9_1_0_b32_mb2,49977,36478,10711,1342,1446
17:20:58.340,s30_9_1_0_b32_mb2,49977,36478,10711,1342,1446
17:20:58.841,s30_9_1_0_b32_mb2,49977,36478,10711,1342,1446
17:20:59.343,s30_9_1_0_b32_mb2,49977,36478,10711,1342,1446
17:20:59.845,s30_9_1_0_b32_mb2,49977,36478,10711,1342,1446
17:21:00.347,s30_9_1_0_b32_mb2,49977,36478,10711,1342,1446
17:21:00.849,s30_9_1_0_b32_mb2,49977,36478,10711,1342,1446
17:21:01.351,s30_9_1_0_b32_mb2,49977,36478,10711,1342,1446
17:21:01.852,s30_9_1_0_b32_mb2,49977,36478,10711,1342,1446
17:21:02.354,s30_9_1_0_b32_mb2,49977,36478,10711,1342,1446
17:21:02.856,s30_9_1_0_b32_mb2,49977,36478,10711,1342,1446
17:21:03.358,s30_9_1_0_b32_mb2,49977,36478,10711,1342,1446
17:21:03.860,s30_9_1_0_b32_mb2,49977,36478,10711,1342,1446
17:21:04.361,s30_9_1_0_b32_mb2,49977,36478,10711,1342,1446
17:21:04.863,s30_9_1_0_b32_mb2,49977,36478,10711,1342,1446
17:21:05.365,s30_9_1_0_b32_mb2,49977,36478,10711,1342,1446
17:21:05.867,s30_9_1_0_b32_mb2,49977,36478,10711,1342,1446
17:21:06.369,s30_9_1_0_b32_mb2,49977,36478,10711,1342,1446
17:21:06.871,s30_9_1_0_b32_mb2,49977,36478,10711,1342,1446
17:21:07.373,s30_9_1_0_b32_mb2,49977,36478,10711,1342,1446
17:21:07.874,s30_9_1_0_b32_mb2,49977,36478,10711,1342,1446
17:21:08.376,s30_9_1_0_b32_mb2,49977,36478,10711,1342,1446
17:21:08.878,s30_9_1_0_b32_mb2,49977,36478,10711,1342,1446
17:21:09.380,s30_9_1_0_b32_mb2,49977,36478,10711,1342,1446
17:21:09.881,s30_9_1_0_b32_mb2,49977,36478,10711,1342,1446
17:21:10.383,s30_9_1_0_b32_mb2,49977,36478,10711,1342,1446
17:21:10.885,s30_9_1_0_b32_mb2,49977,36478,10711,1342,1446
17:21:11.387,s30_9_1_0_b32_mb2,49977,36478,10711,1342,1446
17:21:11.889,s30_9_1_0_b32_mb2,49977,36478,10711,1342,1446
17:21:12.390,s30_9_1_0_b32_mb2,49977,36478,10711,1342,1446
17:21:12.892,s30_9_1_0_b32_mb2,49977,36478,10711,1342,1446
17:21:13.394,s30_9_1_0_b32_mb2,49977,36478,10711,1342,1446
17:21:13.896,s30_9_1_0_b32_mb2,49977,36478,10711,1342,1446
17:21:14.398,s30_9_1_0_b32_mb2,49977,36478,10711,1342,1446
17:21:14.900,s30_9_1_0_b32_mb2,49977,36478,10711,1342,1446
17:21:15.402,s30_9_1_0_b32_mb2,49977,36478,10711,1342,1446
17:21:15.903,s30_9_1_0_b32_mb2,49977,36478,10711,1342,1446
17:21:16.405,s30_9_1_0_b32_mb2,49977,36478,10711,1342,1446
17:21:16.907,s30_9_1_0_b32_mb2,49977,36478,10711,1342,1446
17:21:17.409,s30_9_1_0_b32_mb2,49977,36478,10711,1342,1446
17:21:17.911,s30_9_1_0_b32_mb2,49977,36478,10711,1342,1446
17:21:18.412,s30_9_1_0_b32_mb2,49977,36478,10711,1342,1446
17:21:18.914,s30_9_1_0_b32_mb2,49977,36478,10711,1342,1446
17:21:19.416,s30_9_1_0_b32_mb2,49977,36478,10711,1342,1446
17:21:19.918,s30_9_1_0_b32_mb2,49977,36478,10711,1342,1446
17:21:20.419,s30_9_1_0_b32_mb2,49977,36478,10711,1342,1446
17:21:20.921,s30_9_1_0_b32_mb2,49977,36478,10711,1342,1446
17:21:21.423,s30_9_1_0_b32_mb2,49977,36478,10711,1342,1446
17:21:21.925,s30_9_1_0_b32_mb2,49977,36478,10711,1342,1446
17:21:22.427,s30_9_1_0_b32_mb2,49977,36478,10711,1342,1446
17:21:22.929,s30_9_1_0_b32_mb2,49977,36478,10711,1342,1446
17:21:23.430,s30_9_1_0_b32_mb2,49977,36478,10711,1342,1446
17:21:23.932,s30_9_1_0_b32_mb2,49977,36478,10711,1342,1446
17:21:24.434,s30_9_1_0_b32_mb2,49977,36478,10711,1342,1446
17:21:24.936,s30_9_1_0_b32_mb2,49977,36478,10711,1342,1446
17:21:25.438,s30_9_1_0_b32_mb2,50157,36638,10711,1342,1446
17:21:25.940,s30_9_1_0_b32_mb2,50277,36738,10751,1342,1446
17:21:26.441,s30_9_1_0_b32_mb2,50337,36758,10791,1342,1446
17:21:26.943,s30_9_1_0_b32_mb2,50337,36758,10791,1342,1446
17:21:27.445,s30_9_1_0_b32_mb2,50337,36758,10791,1342,1446
17:21:27.947,s30_9_1_0_b32_mb2,50337,36758,10791,1342,1446
17:21:28.449,s30_9_1_0_b32_mb2,50337,36758,10791,1342,1446
17:21:28.951,s30_9_1_0_b32_mb2,50337,36758,10791,1342,1446
17:21:29.453,s30_9_1_0_b32_mb2,50337,36758,10791,1342,1446
17:21:29.954,s30_9_1_0_b32_mb2,50337,36758,10791,1342,1446
17:21:30.456,s30_9_1_0_b32_mb2,50337,36758,10791,1342,1446
17:21:30.958,s30_9_1_0_b32_mb2,50337,36758,10791,1342,1446
17:21:31.460,s30_9_1_0_b32_mb2,50337,36758,10791,1342,1446
17:21:31.962,s30_9_1_0_b32_mb2,50337,36758,10791,1342,1446
17:21:32.463,s30_9_1_0_b32_mb2,50337,36758,10791,1342,1446
17:21:32.965,s30_9_1_0_b32_mb2,50337,36758,10791,1342,1446
17:21:33.467,s30_9_1_0_b32_mb2,50337,36758,10791,1342,1446
17:21:33.969,s30_9_1_0_b32_mb2,50337,36758,10791,1342,1446
17:21:34.471,s30_9_1_0_b32_mb2,50337,36758,10791,1342,1446
17:21:34.972,s30_9_1_0_b32_mb2,50337,36758,10791,1342,1446
17:21:35.474,s30_9_1_0_b32_mb2,50337,36758,10791,1342,1446
17:21:35.976,s30_9_1_0_b32_mb2,50337,36758,10791,1342,1446
17:21:36.478,s30_9_1_0_b32_mb2,50337,36758,10791,1342,1446
17:21:36.980,s30_9_1_0_b32_mb2,50337,36758,10791,1342,1446
