batch_size,microbatch_size,num_microbatches,pulp_split,mem_limits,data_split,predicted_ms,measured_ms,error_pct
32,16,2,25/6/1,25/12/12,8/12/12,22121.2,76626.9,-71.1
32,8,4,25/6/1,25/12/12,8/12/12,44242.5,119371.8,-62.9
32,4,8,25/6/1,25/12/12,8/12/12,88484.9,208772.5,-57.6
32,16,2,25/6/1,25/12/12,9/11/12,22121.2,75572.8,-70.7
32,8,4,25/6/1,25/12/12,9/11/12,44242.5,117952.0,-62.5
32,4,8,25/6/1,25/12/12,9/11/12,88484.9,206557.6,-57.2
32,16,2,25/6/1,25/12/12,9/12/11,22121.2,75537.1,-70.7
32,8,4,25/6/1,25/12/12,9/12/11,44242.5,117843.4,-62.5
32,4,8,25/6/1,25/12/12,9/12/11,88484.9,206801.1,-57.2
32,16,2,25/6/1,25/12/12,10/10/12,22121.2,74448.4,-70.3
32,8,4,25/6/1,25/12/12,10/10/12,44242.5,116280.0,-62.0
32,4,8,25/6/1,25/12/12,10/10/12,88484.9,204580.1,-56.7
32,16,2,25/6/1,25/12/12,10/11/11,22121.2,74564.3,-70.3
32,8,4,25/6/1,25/12/12,10/11/11,44242.5,116379.3,-62.0
32,4,8,25/6/1,25/12/12,10/11/11,88484.9,204413.5,-56.7
32,16,2,25/6/1,25/12/12,10/12/10,22121.2,74588.3,-70.3
32,8,4,25/6/1,25/12/12,10/12/10,44242.5,116484.2,-62.0
32,4,8,25/6/1,25/12/12,10/12/10,88484.9,204854.1,-56.8
32,16,2,25/6/1,25/12/12,11/9/12,22121.2,73605.6,-69.9
32,8,4,25/6/1,25/12/12,11/9/12,44242.5,114555.2,-61.4
32,4,8,25/6/1,25/12/12,11/9/12,88484.9,202343.0,-56.3
32,16,2,25/6/1,25/12/12,11/10/11,22121.2,73491.5,-69.9
32,8,4,25/6/1,25/12/12,11/10/11,44242.5,114872.8,-61.5
32,4,8,25/6/1,25/12/12,11/10/11,88484.9,202084.9,-56.2
32,16,2,25/6/1,25/12/12,11/11/10,22121.2,73486.3,-69.9
32,8,4,25/6/1,25/12/12,11/11/10,44242.5,115718.4,-61.8
32,4,8,25/6/1,25/12/12,11/11/10,88484.9,204551.4,-56.7
32,16,2,25/6/1,25/12/12,11/12/9,22121.2,73946.9,-70.1
32,8,4,25/6/1,25/12/12,11/12/9,44242.5,115302.6,-61.6
32,4,8,25/6/1,25/12/12,11/12/9,88484.9,202883.1,-56.4
32,16,2,25/6/1,25/12/12,12/8/12,22121.2,72795.4,-69.6
32,8,4,25/6/1,25/12/12,12/8/12,44242.5,113740.7,-61.1
32,4,8,25/6/1,25/12/12,12/8/12,88484.9,200275.1,-55.8
32,16,2,25/6/1,25/12/12,12/9/11,22121.2,72745.1,-69.6
32,8,4,25/6/1,25/12/12,12/9/11,44242.5,113885.2,-61.2
32,4,8,25/6/1,25/12/12,12/9/11,88484.9,200112.7,-55.8
32,16,2,25/6/1,25/12/12,12/10/10,22121.2,72612.1,-69.5
32,8,4,25/6/1,25/12/12,12/10/10,44242.5,113606.8,-61.1
32,4,8,25/6/1,25/12/12,12/10/10,88484.9,200437.4,-55.9
32,16,2,25/6/1,25/12/12,12/11/9,22121.2,72829.7,-69.6
32,8,4,25/6/1,25/12/12,12/11/9,44242.5,113788.1,-61.1
32,4,8,25/6/1,25/12/12,12/11/9,88484.9,200492.0,-55.9
32,16,2,25/6/1,25/12/12,12/12/8,22121.2,72916.2,-69.7
32,8,4,25/6/1,25/12/12,12/12/8,44242.5,113886.8,-61.2
32,4,8,25/6/1,25/12/12,12/12/8,88484.9,200438.6,-55.9
32,16,2,25/6/1,25/12/12,13/7/12,22121.2,71793.0,-69.2
32,8,4,25/6/1,25/12/12,13/7/12,44242.5,112538.0,-60.7
32,4,8,25/6/1,25/12/12,13/7/12,88484.9,198921.3,-55.5
32,16,2,25/6/1,25/12/12,13/8/11,22121.2,71740.5,-69.2
32,8,4,25/6/1,25/12/12,13/8/11,44242.5,112266.3,-60.6
32,4,8,25/6/1,25/12/12,13/8/11,88484.9,198472.8,-55.4
32,16,2,25/6/1,25/12/12,13/9/10,22121.2,71657.8,-69.1
32,8,4,25/6/1,25/12/12,13/9/10,44242.5,112520.5,-60.7
32,4,8,25/6/1,25/12/12,13/9/10,88484.9,198565.1,-55.4
32,16,2,25/6/1,25/12/12,13/10/9,22121.2,71728.5,-69.2
32,8,4,25/6/1,25/12/12,13/10/9,44242.5,112405.3,-60.6
32,4,8,25/6/1,25/12/12,13/10/9,88484.9,198949.1,-55.5
32,16,2,25/6/1,25/12/12,13/11/8,22121.2,71579.7,-69.1
32,8,4,25/6/1,25/12/12,13/11/8,44242.5,112157.4,-60.6
32,4,8,25/6/1,25/12/12,13/11/8,88484.9,198261.9,-55.4
32,16,2,25/6/1,25/12/12,13/12/7,22121.2,71671.8,-69.1
32,8,4,25/6/1,25/12/12,13/12/7,44242.5,112402.2,-60.6
32,4,8,25/6/1,25/12/12,13/12/7,88484.9,199021.8,-55.5
32,16,2,25/6/1,25/12/12,14/6/12,22121.2,70633.2,-68.7
32,8,4,25/6/1,25/12/12,14/6/12,44242.5,111087.7,-60.2
32,4,8,25/6/1,25/12/12,14/6/12,88484.9,196474.9,-55.0
32,16,2,25/6/1,25/12/12,14/7/11,22121.2,70766.8,-68.7
32,8,4,25/6/1,25/12/12,14/7/11,44242.5,110906.1,-60.1
32,4,8,25/6/1,25/12/12,14/7/11,88484.9,195658.5,-54.8
32,16,2,25/6/1,25/12/12,14/8/10,22121.2,70741.2,-68.7
32,8,4,25/6/1,25/12/12,14/8/10,44242.5,110716.8,-60.0
32,4,8,25/6/1,25/12/12,14/8/10,88484.9,196328.3,-54.9
32,16,2,25/6/1,25/12/12,14/9/9,22121.2,70815.7,-68.8
32,8,4,25/6/1,25/12/12,14/9/9,44242.5,110881.6,-60.1
32,4,8,25/6/1,25/12/12,14/9/9,88484.9,196157.0,-54.9
64,32,2,17/8/7,17/8/8,14/9/9,24613.8,107370.9,-77.1
64,16,4,17/8/7,17/8/8,14/9/9,49227.5,141776.7,-65.3
64,8,8,17/8/7,17/8/8,14/9/9,98455.1,219613.1,-55.2
32,16,2,25/6/1,25/12/12,14/10/8,22121.2,70667.1,-68.7
32,8,4,25/6/1,25/12/12,14/10/8,44242.5,110882.1,-60.1
32,4,8,25/6/1,25/12/12,14/10/8,88484.9,196443.1,-55.0
32,16,2,25/6/1,25/12/12,14/11/7,22121.2,70807.3,-68.8
32,8,4,25/6/1,25/12/12,14/11/7,44242.5,110982.8,-60.1
32,4,8,25/6/1,25/12/12,14/11/7,88484.9,195769.7,-54.8
32,16,2,25/6/1,25/12/12,14/12/6,22121.2,70710.3,-68.7
32,8,4,25/6/1,25/12/12,14/12/6,44242.5,111109.5,-60.2
32,4,8,25/6/1,25/12/12,14/12/6,88484.9,196261.3,-54.9
32,16,2,25/6/1,25/12/12,15/5/12,22121.2,69691.4,-68.3
32,8,4,25/6/1,25/12/12,15/5/12,44242.5,109462.1,-59.6
32,4,8,25/6/1,25/12/12,15/5/12,88484.9,194040.7,-54.4
32,16,2,25/6/1,25/12/12,15/6/11,22121.2,69582.7,-68.2
32,8,4,25/6/1,25/12/12,15/6/11,44242.5,109644.8,-59.6
32,4,8,25/6/1,25/12/12,15/6/11,88484.9,194395.2,-54.5
32,16,2,25/6/1,25/12/12,15/7/10,22121.2,69903.6,-68.4
32,8,4,25/6/1,25/12/12,15/7/10,44242.5,109537.0,-59.6
32,4,8,25/6/1,25/12/12,15/7/10,88484.9,193766.0,-54.3
32,16,2,25/6/1,25/12/12,15/8/9,22121.2,69772.4,-68.3
32,8,4,25/6/1,25/12/12,15/8/9,44242.5,109422.2,-59.6
32,4,8,25/6/1,25/12/12,15/8/9,88484.9,194072.9,-54.4
64,32,2,17/8/7,17/8/8,15/8/9,24613.8,105597.4,-76.7
64,16,4,17/8/7,17/8/8,15/8/9,49227.5,139714.6,-64.8
64,8,8,17/8/7,17/8/8,15/8/9,98455.1,217346.5,-54.7
32,16,2,25/6/1,25/12/12,15/9/8,22121.2,69728.8,-68.3
32,8,4,25/6/1,25/12/12,15/9/8,44242.5,109354.3,-59.5
32,4,8,25/6/1,25/12/12,15/9/8,88484.9,193446.1,-54.3
64,32,2,17/8/7,17/8/8,15/9/8,24613.8,105520.1,-76.7
64,16,4,17/8/7,17/8/8,15/9/8,49227.5,139773.8,-64.8
64,8,8,17/8/7,17/8/8,15/9/8,98455.1,217016.9,-54.6
32,16,2,25/6/1,25/12/12,15/10/7,22121.2,69681.0,-68.3
32,8,4,25/6/1,25/12/12,15/10/7,44242.5,109210.9,-59.5
32,4,8,25/6/1,25/12/12,15/10/7,88484.9,193829.2,-54.3
32,16,2,25/6/1,25/12/12,15/11/6,22121.2,69899.3,-68.4
32,8,4,25/6/1,25/12/12,15/11/6,44242.5,109380.4,-59.6
32,4,8,25/6/1,25/12/12,15/11/6,88484.9,194566.3,-54.5
32,16,2,25/6/1,25/12/12,15/12/5,22121.2,69697.8,-68.3
32,8,4,25/6/1,25/12/12,15/12/5,44242.5,109182.4,-59.5
32,4,8,25/6/1,25/12/12,15/12/5,88484.9,193936.1,-54.4
32,16,2,25/6/1,25/12/12,16/4/12,22121.2,68751.8,-67.8
32,8,4,25/6/1,25/12/12,16/4/12,44242.5,107938.5,-59.0
32,4,8,25/6/1,25/12/12,16/4/12,88484.9,191847.3,-53.9
32,16,2,25/6/1,25/12/12,16/5/11,22121.2,68889.6,-67.9
32,8,4,25/6/1,25/12/12,16/5/11,44242.5,107930.8,-59.0
32,4,8,25/6/1,25/12/12,16/5/11,88484.9,192021.8,-53.9
32,16,2,25/6/1,25/12/12,16/6/10,22121.2,68721.8,-67.8
32,8,4,25/6/1,25/12/12,16/6/10,44242.5,107929.0,-59.0
32,4,8,25/6/1,25/12/12,16/6/10,88484.9,191710.1,-53.8
32,16,2,25/6/1,25/12/12,16/7/9,22121.2,68835.9,-67.9
32,8,4,25/6/1,25/12/12,16/7/9,44242.5,107857.6,-59.0
32,4,8,25/6/1,25/12/12,16/7/9,88484.9,191375.3,-53.8
64,32,2,17/8/7,17/8/8,16/7/9,24613.8,104764.0,-76.5
64,16,4,17/8/7,17/8/8,16/7/9,49227.5,137906.2,-64.3
64,8,8,17/8/7,17/8/8,16/7/9,98455.1,214591.4,-54.1
32,16,2,25/6/1,25/12/12,16/8/8,22121.2,68694.6,-67.8
32,8,4,25/6/1,25/12/12,16/8/8,44242.5,107633.5,-58.9
32,4,8,25/6/1,25/12/12,16/8/8,88484.9,191361.2,-53.8
64,32,2,17/8/7,17/8/8,16/8/8,24613.8,104384.1,-76.4
64,16,4,17/8/7,17/8/8,16/8/8,49227.5,137780.7,-64.3
64,8,8,17/8/7,17/8/8,16/8/8,98455.1,215285.7,-54.3
32,16,2,25/6/1,25/12/12,16/9/7,22121.2,68677.1,-67.8
32,8,4,25/6/1,25/12/12,16/9/7,44242.5,107724.0,-58.9
32,4,8,25/6/1,25/12/12,16/9/7,88484.9,192275.1,-54.0
64,32,2,17/8/7,17/8/8,16/9/7,24613.8,104500.0,-76.4
64,16,4,17/8/7,17/8/8,16/9/7,49227.5,137742.1,-64.3
64,8,8,17/8/7,17/8/8,16/9/7,98455.1,215125.9,-54.2
32,16,2,25/6/1,25/12/12,16/10/6,22121.2,68775.8,-67.8
32,8,4,25/6/1,25/12/12,16/10/6,44242.5,108095.4,-59.1
32,4,8,25/6/1,25/12/12,16/10/6,88484.9,189985.4,-53.4
32,16,2,25/6/1,25/12/12,16/11/5,22121.2,68728.7,-67.8
32,8,4,25/6/1,25/12/12,16/11/5,44242.5,107829.1,-59.0
32,4,8,25/6/1,25/12/12,16/11/5,88484.9,192026.2,-53.9
32,16,2,25/6/1,25/12/12,16/12/4,22121.2,68803.5,-67.8
32,8,4,25/6/1,25/12/12,16/12/4,44242.5,108145.8,-59.1
32,4,8,25/6/1,25/12/12,16/12/4,88484.9,191659.5,-53.8
32,16,2,25/6/1,25/12/12,17/3/12,22121.2,67776.2,-67.4
32,8,4,25/6/1,25/12/12,17/3/12,44242.5,106527.0,-58.5
32,4,8,25/6/1,25/12/12,17/3/12,88484.9,189975.6,-53.4
32,16,2,25/6/1,25/12/12,17/4/11,22121.2,67783.9,-67.4
32,8,4,25/6/1,25/12/12,17/4/11,44242.5,106446.2,-58.4
32,4,8,25/6/1,25/12/12,17/4/11,88484.9,188948.8,-53.2
32,16,2,25/6/1,25/12/12,17/5/10,22121.2,67721.9,-67.3
32,8,4,25/6/1,25/12/12,17/5/10,44242.5,106363.5,-58.4
32,4,8,25/6/1,25/12/12,17/5/10,88484.9,189747.5,-53.4
32,16,2,25/6/1,25/12/12,17/6/9,22121.2,67863.2,-67.4
32,8,4,25/6/1,25/12/12,17/6/9,44242.5,106227.0,-58.4
32,4,8,25/6/1,25/12/12,17/6/9,88484.9,190131.2,-53.5
64,32,2,17/8/7,17/8/8,17/6/9,24613.8,103227.5,-76.2
64,16,4,17/8/7,17/8/8,17/6/9,49227.5,136255.5,-63.9
64,8,8,17/8/7,17/8/8,17/6/9,98455.1,211635.6,-53.5
32,16,2,25/6/1,25/12/12,17/7/8,22121.2,67875.9,-67.4
32,8,4,25/6/1,25/12/12,17/7/8,44242.5,106432.7,-58.4
32,4,8,25/6/1,25/12/12,17/7/8,88484.9,189290.3,-53.3
64,32,2,17/8/7,17/8/8,17/7/8,24613.8,102918.3,-76.1
64,16,4,17/8/7,17/8/8,17/7/8,49227.5,135917.8,-63.8
64,8,8,17/8/7,17/8/8,17/7/8,98455.1,211925.5,-53.5
32,16,2,25/6/1,25/12/12,17/8/7,22121.2,67881.4,-67.4
32,8,4,25/6/1,25/12/12,17/8/7,44242.5,106466.1,-58.4
32,4,8,25/6/1,25/12/12,17/8/7,88484.9,190835.4,-53.6
64,32,2,17/8/7,17/8/8,17/8/7,24613.8,103056.3,-76.1
64,16,4,17/8/7,17/8/8,17/8/7,49227.5,135972.4,-63.8
64,8,8,17/8/7,17/8/8,17/8/7,98455.1,211929.6,-53.5
32,16,2,25/6/1,25/12/12,17/9/6,22121.2,67779.8,-67.4
32,8,4,25/6/1,25/12/12,17/9/6,44242.5,106546.7,-58.5
32,4,8,25/6/1,25/12/12,17/9/6,88484.9,189522.6,-53.3
64,32,2,17/8/7,17/8/8,17/9/6,24613.8,103115.0,-76.1
64,16,4,17/8/7,17/8/8,17/9/6,49227.5,136118.7,-63.8
64,8,8,17/8/7,17/8/8,17/9/6,98455.1,211938.7,-53.5
32,16,2,25/6/1,25/12/12,17/10/5,22121.2,67752.3,-67.3
32,8,4,25/6/1,25/12/12,17/10/5,44242.5,106450.8,-58.4
32,4,8,25/6/1,25/12/12,17/10/5,88484.9,189413.6,-53.3
32,16,2,25/6/1,25/12/12,17/11/4,22121.2,67857.4,-67.4
32,8,4,25/6/1,25/12/12,17/11/4,44242.5,106684.5,-58.5
32,4,8,25/6/1,25/12/12,17/11/4,88484.9,189446.6,-53.3
32,16,2,25/6/1,25/12/12,17/12/3,22121.2,67946.6,-67.4
32,8,4,25/6/1,25/12/12,17/12/3,44242.5,106239.4,-58.4
32,4,8,25/6/1,25/12/12,17/12/3,88484.9,189634.7,-53.3
32,16,2,25/6/1,25/12/12,18/2/12,22121.2,67088.6,-67.0
32,8,4,25/6/1,25/12/12,18/2/12,44242.5,104881.2,-57.8
32,4,8,25/6/1,25/12/12,18/2/12,88484.9,187949.9,-52.9
32,16,2,25/6/1,25/12/12,18/3/11,22121.2,66887.7,-66.9
32,8,4,25/6/1,25/12/12,18/3/11,44242.5,104727.5,-57.8
32,4,8,25/6/1,25/12/12,18/3/11,88484.9,187853.6,-52.9
32,16,2,25/6/1,25/12/12,18/4/10,22121.2,66953.6,-67.0
32,8,4,25/6/1,25/12/12,18/4/10,44242.5,105187.8,-57.9
32,4,8,25/6/1,25/12/12,18/4/10,88484.9,189115.2,-53.2
32,16,2,25/6/1,25/12/12,18/5/9,22121.2,67193.9,-67.1
32,8,4,25/6/1,25/12/12,18/5/9,44242.5,105113.1,-57.9
32,4,8,25/6/1,25/12/12,18/5/9,88484.9,188681.7,-53.1
64,32,2,17/8/7,17/8/8,18/5/9,24613.8,102613.8,-76.0
64,16,4,17/8/7,17/8/8,18/5/9,49227.5,134853.4,-63.5
64,8,8,17/8/7,17/8/8,18/5/9,98455.1,209869.5,-53.1
32,16,2,25/6/1,25/12/12,18/6/8,22121.2,67192.6,-67.1
32,8,4,25/6/1,25/12/12,18/6/8,44242.5,104982.4,-57.9
32,4,8,25/6/1,25/12/12,18/6/8,88484.9,187672.6,-52.9
64,32,2,17/8/7,17/8/8,18/6/8,24613.8,102167.7,-75.9
64,16,4,17/8/7,17/8/8,18/6/8,49227.5,134412.6,-63.4
64,8,8,17/8/7,17/8/8,18/6/8,98455.1,209723.2,-53.1
32,16,2,25/6/1,25/12/12,18/7/7,22121.2,66997.3,-67.0
32,8,4,25/6/1,25/12/12,18/7/7,44242.5,104732.6,-57.8
32,4,8,25/6/1,25/12/12,18/7/7,88484.9,187483.9,-52.8
64,32,2,17/8/7,17/8/8,18/7/7,24613.8,102151.2,-75.9
64,16,4,17/8/7,17/8/8,18/7/7,49227.5,134385.1,-63.4
64,8,8,17/8/7,17/8/8,18/7/7,98455.1,209293.7,-53.0
32,16,2,25/6/1,25/12/12,18/8/6,22121.2,67051.5,-67.0
32,8,4,25/6/1,25/12/12,18/8/6,44242.5,105071.3,-57.9
32,4,8,25/6/1,25/12/12,18/8/6,88484.9,187690.4,-52.9
64,32,2,17/8/7,17/8/8,18/8/6,24613.8,102195.6,-75.9
64,16,4,17/8/7,17/8/8,18/8/6,49227.5,134352.6,-63.4
64,8,8,17/8/7,17/8/8,18/8/6,98455.1,208886.9,-52.9
32,16,2,25/6/1,25/12/12,18/9/5,22121.2,66875.4,-66.9
32,8,4,25/6/1,25/12/12,18/9/5,44242.5,104804.1,-57.8
32,4,8,25/6/1,25/12/12,18/9/5,88484.9,186700.0,-52.6
64,32,2,17/8/7,17/8/8,18/9/5,24613.8,102554.6,-76.0
64,16,4,17/8/7,17/8/8,18/9/5,49227.5,134276.2,-63.3
64,8,8,17/8/7,17/8/8,18/9/5,98455.1,210254.2,-53.2
32,16,2,25/6/1,25/12/12,18/10/4,22121.2,66849.6,-66.9
32,8,4,25/6/1,25/12/12,18/10/4,44242.5,104582.2,-57.7
32,4,8,25/6/1,25/12/12,18/10/4,88484.9,186526.9,-52.6
32,16,2,25/6/1,25/12/12,18/11/3,22121.2,66536.3,-66.8
32,8,4,25/6/1,25/12/12,18/11/3,44242.5,104279.1,-57.6
32,4,8,25/6/1,25/12/12,18/11/3,88484.9,185718.1,-52.4
32,16,2,25/6/1,25/12/12,18/12/2,22121.2,66776.1,-66.9
32,8,4,25/6/1,25/12/12,18/12/2,44242.5,104378.4,-57.6
32,4,8,25/6/1,25/12/12,18/12/2,88484.9,186052.0,-52.4
32,16,2,25/6/1,25/12/12,19/1/12,22121.2,65392.8,-66.2
32,8,4,25/6/1,25/12/12,19/1/12,44242.5,102869.8,-57.0
32,4,8,25/6/1,25/12/12,19/1/12,88484.9,181909.4,-51.4
32,16,2,25/6/1,25/12/12,19/2/11,22121.2,65627.2,-66.3
32,8,4,25/6/1,25/12/12,19/2/11,44242.5,102927.9,-57.0
32,4,8,25/6/1,25/12/12,19/2/11,88484.9,184190.3,-52.0
32,16,2,25/6/1,25/12/12,19/3/10,22121.2,65463.1,-66.2
32,8,4,25/6/1,25/12/12,19/3/10,44242.5,102565.0,-56.9
32,4,8,25/6/1,25/12/12,19/3/10,88484.9,184433.6,-52.0
32,16,2,25/6/1,25/12/12,19/4/9,22121.2,65496.0,-66.2
32,8,4,25/6/1,25/12/12,19/4/9,44242.5,103312.1,-57.2
32,4,8,25/6/1,25/12/12,19/4/9,88484.9,184821.1,-52.1
64,32,2,17/8/7,17/8/8,19/4/9,24613.8,101262.3,-75.7
64,16,4,17/8/7,17/8/8,19/4/9,49227.5,132114.5,-62.7
64,8,8,17/8/7,17/8/8,19/4/9,98455.1,205191.7,-52.0
32,16,2,25/6/1,25/12/12,19/5/8,22121.2,65543.9,-66.2
32,8,4,25/6/1,25/12/12,19/5/8,44242.5,102882.6,-57.0
32,4,8,25/6/1,25/12/12,19/5/8,88484.9,184323.0,-52.0
64,32,2,17/8/7,17/8/8,19/5/8,24613.8,100710.5,-75.6
64,16,4,17/8/7,17/8/8,19/5/8,49227.5,132092.4,-62.7
64,8,8,17/8/7,17/8/8,19/5/8,98455.1,204794.9,-51.9
32,16,2,25/6/1,25/12/12,19/6/7,22121.2,65465.0,-66.2
32,8,4,25/6/1,25/12/12,19/6/7,44242.5,102591.2,-56.9
32,4,8,25/6/1,25/12/12,19/6/7,88484.9,184093.9,-51.9
64,32,2,17/8/7,17/8/8,19/6/7,24613.8,100461.8,-75.5
64,16,4,17/8/7,17/8/8,19/6/7,49227.5,132032.8,-62.7
64,8,8,17/8/7,17/8/8,19/6/7,98455.1,205504.1,-52.1
32,16,2,25/6/1,25/12/12,19/7/6,22121.2,65618.2,-66.3
32,8,4,25/6/1,25/12/12,19/7/6,44242.5,102492.3,-56.8
32,4,8,25/6/1,25/12/12,19/7/6,88484.9,184644.8,-52.1
64,32,2,17/8/7,17/8/8,19/7/6,24613.8,100453.4,-75.5
64,16,4,17/8/7,17/8/8,19/7/6,49227.5,131907.7,-62.7
64,8,8,17/8/7,17/8/8,19/7/6,98455.1,205128.4,-52.0
32,16,2,25/6/1,25/12/12,19/8/5,22121.2,65579.4,-66.3
32,8,4,25/6/1,25/12/12,19/8/5,44242.5,102736.5,-56.9
32,4,8,25/6/1,25/12/12,19/8/5,88484.9,184032.3,-51.9
64,32,2,17/8/7,17/8/8,19/8/5,24613.8,100732.6,-75.6
64,16,4,17/8/7,17/8/8,19/8/5,49227.5,132218.1,-62.8
64,8,8,17/8/7,17/8/8,19/8/5,98455.1,205589.7,-52.1
32,16,2,25/6/1,25/12/12,19/9/4,22121.2,65565.1,-66.3
32,8,4,25/6/1,25/12/12,19/9/4,44242.5,102981.8,-57.0
32,4,8,25/6/1,25/12/12,19/9/4,88484.9,184436.1,-52.0
64,32,2,17/8/7,17/8/8,19/9/4,24613.8,100850.4,-75.6
64,16,4,17/8/7,17/8/8,19/9/4,49227.5,132156.5,-62.8
64,8,8,17/8/7,17/8/8,19/9/4,98455.1,204914.0,-52.0
32,16,2,25/6/1,25/12/12,19/10/3,22121.2,65630.2,-66.3
32,8,4,25/6/1,25/12/12,19/10/3,44242.5,102785.4,-57.0
32,4,8,25/6/1,25/12/12,19/10/3,88484.9,183741.0,-51.8
32,16,2,25/6/1,25/12/12,19/11/2,22121.2,65563.7,-66.3
32,8,4,25/6/1,25/12/12,19/11/2,44242.5,102922.8,-57.0
32,4,8,25/6/1,25/12/12,19/11/2,88484.9,185035.1,-52.2
32,16,2,25/6/1,25/12/12,19/12/1,22121.2,65589.4,-66.3
32,8,4,25/6/1,25/12/12,19/12/1,44242.5,103299.2,-57.2
32,4,8,25/6/1,25/12/12,19/12/1,88484.9,186955.2,-52.7
32,16,2,25/6/1,25/12/12,20/1/11,22121.2,64948.2,-65.9
32,8,4,25/6/1,25/12/12,20/1/11,44242.5,102069.5,-56.7
32,4,8,25/6/1,25/12/12,20/1/11,88484.9,179534.2,-50.7
32,16,2,25/6/1,25/12/12,20/2/10,22121.2,64446.9,-65.7
32,8,4,25/6/1,25/12/12,20/2/10,44242.5,101166.6,-56.3
32,4,8,25/6/1,25/12/12,20/2/10,88484.9,183075.3,-51.7
32,16,2,25/6/1,25/12/12,20/3/9,22121.2,64288.7,-65.6
32,8,4,25/6/1,25/12/12,20/3/9,44242.5,101209.1,-56.3
32,4,8,25/6/1,25/12/12,20/3/9,88484.9,180831.8,-51.1
64,32,2,17/8/7,17/8/8,20/3/9,24613.8,100955.6,-75.6
64,16,4,17/8/7,17/8/8,20/3/9,49227.5,130873.0,-62.4
64,8,8,17/8/7,17/8/8,20/3/9,98455.1,202919.6,-51.5
32,16,2,25/6/1,25/12/12,20/4/8,22121.2,64312.6,-65.6
32,8,4,25/6/1,25/12/12,20/4/8,44242.5,101267.2,-56.3
32,4,8,25/6/1,25/12/12,20/4/8,88484.9,182099.8,-51.4
64,32,2,17/8/7,17/8/8,20/4/8,24613.8,100408.7,-75.5
64,16,4,17/8/7,17/8/8,20/4/8,49227.5,130512.7,-62.3
64,8,8,17/8/7,17/8/8,20/4/8,98455.1,202674.7,-51.4
32,16,2,25/6/1,25/12/12,20/5/7,22121.2,64335.9,-65.6
32,8,4,25/6/1,25/12/12,20/5/7,44242.5,101351.1,-56.3
32,4,8,25/6/1,25/12/12,20/5/7,88484.9,181191.1,-51.2
64,32,2,17/8/7,17/8/8,20/5/7,24613.8,100083.0,-75.4
64,16,4,17/8/7,17/8/8,20/5/7,49227.5,130505.1,-62.3
64,8,8,17/8/7,17/8/8,20/5/7,98455.1,202646.6,-51.4
32,16,2,25/6/1,25/12/12,20/6/6,22121.2,64413.1,-65.7
32,8,4,25/6/1,25/12/12,20/6/6,44242.5,101167.1,-56.3
32,4,8,25/6/1,25/12/12,20/6/6,88484.9,181734.6,-51.3
64,32,2,17/8/7,17/8/8,20/6/6,24613.8,100080.9,-75.4
64,16,4,17/8/7,17/8/8,20/6/6,49227.5,130560.5,-62.3
64,8,8,17/8/7,17/8/8,20/6/6,98455.1,202301.4,-51.3
32,16,2,25/6/1,25/12/12,20/7/5,22121.2,64291.7,-65.6
32,8,4,25/6/1,25/12/12,20/7/5,44242.5,101250.6,-56.3
32,4,8,25/6/1,25/12/12,20/7/5,88484.9,181656.3,-51.3
64,32,2,17/8/7,17/8/8,20/7/5,24613.8,100136.8,-75.4
64,16,4,17/8/7,17/8/8,20/7/5,49227.5,130391.0,-62.2
64,8,8,17/8/7,17/8/8,20/7/5,98455.1,202822.6,-51.5
32,16,2,25/6/1,25/12/12,20/8/4,22121.2,64383.6,-65.6
32,8,4,25/6/1,25/12/12,20/8/4,44242.5,101594.6,-56.5
32,4,8,25/6/1,25/12/12,20/8/4,88484.9,181333.1,-51.2
64,32,2,17/8/7,17/8/8,20/8/4,24613.8,100272.5,-75.5
64,16,4,17/8/7,17/8/8,20/8/4,49227.5,130446.9,-62.3
64,8,8,17/8/7,17/8/8,20/8/4,98455.1,202963.3,-51.5
32,16,2,25/6/1,25/12/12,20/9/3,22121.2,64447.9,-65.7
32,8,4,25/6/1,25/12/12,20/9/3,44242.5,100733.8,-56.1
32,4,8,25/6/1,25/12/12,20/9/3,88484.9,181399.6,-51.2
64,32,2,17/8/7,17/8/8,20/9/3,24613.8,100895.9,-75.6
64,16,4,17/8/7,17/8/8,20/9/3,49227.5,130721.3,-62.3
64,8,8,17/8/7,17/8/8,20/9/3,98455.1,202591.7,-51.4
32,16,2,25/6/1,25/12/12,20/10/2,22121.2,64465.9,-65.7
32,8,4,25/6/1,25/12/12,20/10/2,44242.5,101154.3,-56.3
32,4,8,25/6/1,25/12/12,20/10/2,88484.9,181894.1,-51.4
32,16,2,25/6/1,25/12/12,20/11/1,22121.2,64340.4,-65.6
32,8,4,25/6/1,25/12/12,20/11/1,44242.5,101399.0,-56.4
32,4,8,25/6/1,25/12/12,20/11/1,88484.9,180766.3,-51.1
32,16,2,25/6/1,25/12/12,21/1/10,22121.2,63549.7,-65.2
32,8,4,25/6/1,25/12/12,21/1/10,44242.5,100183.9,-55.8
32,4,8,25/6/1,25/12/12,21/1/10,88484.9,179231.5,-50.6
32,16,2,25/6/1,25/12/12,21/2/9,22121.2,63695.7,-65.3
32,8,4,25/6/1,25/12/12,21/2/9,44242.5,99895.2,-55.7
32,4,8,25/6/1,25/12/12,21/2/9,88484.9,179748.3,-50.8
32,16,2,25/6/1,25/12/12,21/3/8,22121.2,63564.7,-65.2
32,8,4,25/6/1,25/12/12,21/3/8,44242.5,99862.3,-55.7
32,4,8,25/6/1,25/12/12,21/3/8,88484.9,180103.2,-50.9
32,16,2,25/6/1,25/12/12,21/4/7,22121.2,63553.1,-65.2
32,8,4,25/6/1,25/12/12,21/4/7,44242.5,100443.8,-56.0
32,4,8,25/6/1,25/12/12,21/4/7,88484.9,179447.1,-50.7
32,16,2,25/6/1,25/12/12,21/5/6,22121.2,63683.7,-65.3
32,8,4,25/6/1,25/12/12,21/5/6,44242.5,100050.0,-55.8
32,4,8,25/6/1,25/12/12,21/5/6,88484.9,179840.4,-50.8
32,16,2,25/6/1,25/12/12,21/6/5,22121.2,63419.8,-65.1
32,8,4,25/6/1,25/12/12,21/6/5,44242.5,100039.2,-55.8
32,4,8,25/6/1,25/12/12,21/6/5,88484.9,177103.9,-50.0
32,16,2,25/6/1,25/12/12,21/7/4,22121.2,63744.4,-65.3
32,8,4,25/6/1,25/12/12,21/7/4,44242.5,100247.0,-55.9
32,4,8,25/6/1,25/12/12,21/7/4,88484.9,180175.6,-50.9
32,16,2,25/6/1,25/12/12,21/8/3,22121.2,64586.5,-65.7
32,8,4,25/6/1,25/12/12,21/8/3,44242.5,100863.8,-56.1
32,4,8,25/6/1,25/12/12,21/8/3,88484.9,182275.0,-51.5
32,16,2,25/6/1,25/12/12,21/9/2,22121.2,63987.4,-65.4
32,8,4,25/6/1,25/12/12,21/9/2,44242.5,100505.4,-56.0
32,4,8,25/6/1,25/12/12,21/9/2,88484.9,180218.7,-50.9
32,16,2,25/6/1,25/12/12,21/10/1,22121.2,63701.3,-65.3
32,8,4,25/6/1,25/12/12,21/10/1,44242.5,100335.9,-55.9
32,4,8,25/6/1,25/12/12,21/10/1,88484.9,178741.1,-50.5
32,16,2,25/6/1,25/12/12,22/1/9,22121.2,62889.3,-64.8
32,8,4,25/6/1,25/12/12,22/1/9,44242.5,99033.1,-55.3
32,4,8,25/6/1,25/12/12,22/1/9,88484.9,178255.9,-50.4
32,16,2,25/6/1,25/12/12,22/2/8,22121.2,63197.4,-65.0
32,8,4,25/6/1,25/12/12,22/2/8,44242.5,98450.2,-55.1
32,4,8,25/6/1,25/12/12,22/2/8,88484.9,178403.2,-50.4
32,16,2,25/6/1,25/12/12,22/3/7,22121.2,62817.0,-64.8
32,8,4,25/6/1,25/12/12,22/3/7,44242.5,98538.8,-55.1
32,4,8,25/6/1,25/12/12,22/3/7,88484.9,177899.3,-50.3
32,16,2,25/6/1,25/12/12,22/4/6,22121.2,62986.2,-64.9
32,8,4,25/6/1,25/12/12,22/4/6,44242.5,98473.7,-55.1
32,4,8,25/6/1,25/12/12,22/4/6,88484.9,178424.4,-50.4
32,16,2,25/6/1,25/12/12,22/5/5,22121.2,63000.5,-64.9
32,8,4,25/6/1,25/12/12,22/5/5,44242.5,98558.0,-55.1
32,4,8,25/6/1,25/12/12,22/5/5,88484.9,178483.3,-50.4
32,16,2,25/6/1,25/12/12,22/6/4,22121.2,62982.3,-64.9
32,8,4,25/6/1,25/12/12,22/6/4,44242.5,98875.4,-55.3
32,4,8,25/6/1,25/12/12,22/6/4,88484.9,177511.4,-50.2
32,16,2,25/6/1,25/12/12,22/7/3,22121.2,63066.5,-64.9
32,8,4,25/6/1,25/12/12,22/7/3,44242.5,98559.6,-55.1
32,4,8,25/6/1,25/12/12,22/7/3,88484.9,178750.3,-50.5
32,16,2,25/6/1,25/12/12,22/8/2,22121.2,63056.9,-64.9
32,8,4,25/6/1,25/12/12,22/8/2,44242.5,98440.8,-55.1
32,4,8,25/6/1,25/12/12,22/8/2,88484.9,177561.6,-50.2
32,16,2,25/6/1,25/12/12,22/9/1,22121.2,62866.4,-64.8
32,8,4,25/6/1,25/12/12,22/9/1,44242.5,98536.0,-55.1
32,4,8,25/6/1,25/12/12,22/9/1,88484.9,177259.9,-50.1
32,16,2,25/6/1,25/12/12,23/1/8,22121.2,61978.6,-64.3
32,8,4,25/6/1,25/12/12,23/1/8,44242.5,97014.8,-54.4
32,4,8,25/6/1,25/12/12,23/1/8,88484.9,176118.1,-49.8
32,16,2,25/6/1,25/12/12,23/2/7,22121.2,62023.4,-64.3
32,8,4,25/6/1,25/12/12,23/2/7,44242.5,96959.6,-54.4
32,4,8,25/6/1,25/12/12,23/2/7,88484.9,174280.8,-49.2
32,16,2,25/6/1,25/12/12,23/3/6,22121.2,61941.9,-64.3
32,8,4,25/6/1,25/12/12,23/3/6,44242.5,97207.1,-54.5
32,4,8,25/6/1,25/12/12,23/3/6,88484.9,174835.2,-49.4
32,16,2,25/6/1,25/12/12,23/4/5,22121.2,61889.1,-64.3
32,8,4,25/6/1,25/12/12,23/4/5,44242.5,97493.7,-54.6
32,4,8,25/6/1,25/12/12,23/4/5,88484.9,175934.9,-49.7
32,16,2,25/6/1,25/12/12,23/5/4,22121.2,61937.6,-64.3
32,8,4,25/6/1,25/12/12,23/5/4,44242.5,96871.6,-54.3
32,4,8,25/6/1,25/12/12,23/5/4,88484.9,175102.6,-49.5
32,16,2,25/6/1,25/12/12,23/6/3,22121.2,61958.6,-64.3
32,8,4,25/6/1,25/12/12,23/6/3,44242.5,97109.1,-54.4
32,4,8,25/6/1,25/12/12,23/6/3,88484.9,175163.1,-49.5
32,16,2,25/6/1,25/12/12,23/7/2,22121.2,61960.0,-64.3
32,8,4,25/6/1,25/12/12,23/7/2,44242.5,96804.2,-54.3
32,4,8,25/6/1,25/12/12,23/7/2,88484.9,175991.5,-49.7
32,16,2,25/6/1,25/12/12,23/8/1,22121.2,62690.9,-64.7
32,8,4,25/6/1,25/12/12,23/8/1,44242.5,98547.4,-55.1
32,4,8,25/6/1,25/12/12,23/8/1,88484.9,178368.7,-50.4
32,16,2,25/6/1,25/12/12,24/1/7,22121.2,61740.8,-64.2
32,8,4,25/6/1,25/12/12,24/1/7,44242.5,97245.9,-54.5
32,4,8,25/6/1,25/12/12,24/1/7,88484.9,174943.2,-49.4
32,16,2,25/6/1,25/12/12,24/2/6,22121.2,61795.3,-64.2
32,8,4,25/6/1,25/12/12,24/2/6,44242.5,96860.4,-54.3
32,4,8,25/6/1,25/12/12,24/2/6,88484.9,178058.1,-50.3
32,16,2,25/6/1,25/12/12,24/3/5,22121.2,61648.6,-64.1
32,8,4,25/6/1,25/12/12,24/3/5,44242.5,97342.7,-54.5
32,4,8,25/6/1,25/12/12,24/3/5,88484.9,175402.7,-49.6
32,16,2,25/6/1,25/12/12,24/4/4,22121.2,61745.0,-64.2
32,8,4,25/6/1,25/12/12,24/4/4,44242.5,97555.5,-54.6
32,4,8,25/6/1,25/12/12,24/4/4,88484.9,177083.5,-50.0
32,16,2,25/6/1,25/12/12,24/5/3,22121.2,61770.6,-64.2
32,8,4,25/6/1,25/12/12,24/5/3,44242.5,96840.3,-54.3
32,4,8,25/6/1,25/12/12,24/5/3,88484.9,175709.6,-49.6
32,16,2,25/6/1,25/12/12,24/6/2,22121.2,61870.6,-64.2
32,8,4,25/6/1,25/12/12,24/6/2,44242.5,97225.1,-54.5
32,4,8,25/6/1,25/12/12,24/6/2,88484.9,174633.2,-49.3
32,16,2,25/6/1,25/12/12,24/7/1,22121.2,61797.6,-64.2
32,8,4,25/6/1,25/12/12,24/7/1,44242.5,97257.3,-54.5
32,4,8,25/6/1,25/12/12,24/7/1,88484.9,175472.4,-49.6
