20gb,10gb,5gb,5gb,batch_size,microbatch_size,num_microbatches,max_new_tokens,peak_rank0_40gb_mb,peak_rank1_20gb_mb,peak_rank2_10gb_mb,peak_rank3_10gb_mb,avg_rank0_40gb_mb,avg_rank1_20gb_mb,avg_rank2_10gb_mb,avg_rank3_10gb_mb,total_latency_ms,status
24,10,4,2,8,4,2,512,27602,11091,4514,6070,20346,9507,4089,3344,109869.8828125,ok
24,10,4,2,8,2,4,512,27690,11123,4502,6070,22586,10000,4216,3423,213899.25,ok
24,10,4,2,16,8,2,512,28100,11301,4604,6070,20694,9658,4152,3395,113525.703125,ok
24,10,4,2,16,4,4,512,28178,11331,4610,6070,22798,10095,4250,3447,217847.59375,ok
24,10,4,2,16,2,8,512,28362,11403,4634,4790,24749,10516,4366,3518,425053.90625,ok
24,10,4,2,32,16,2,512,30638,12225,4792,6070,21327,9832,4240,3489,121090.90625,ok
24,10,4,2,32,8,4,512,29156,11751,4790,6070,23353,10295,4341,3526,225133.0625,ok
24,10,4,2,32,4,8,512,29350,11831,4822,4790,25308,10750,4466,3578,433307.0,ok
24,10,4,2,32,2,16,512,29726,11983,4858,6070,26734,11091,4566,3641,848371.9375,ok
25,9,4,2,8,4,2,512,28706,10007,4514,6070,20932,8683,4089,3339,108867.9140625,ok
25,9,4,2,8,2,4,512,28776,10017,4502,4790,23357,9095,4222,3425,211512.828125,ok
25,9,4,2,16,8,2,512,29204,10197,4604,6070,21333,8797,4158,3396,112458.0390625,ok
25,9,4,2,16,4,4,512,29306,10223,4610,6070,23610,9150,4248,3446,215631.15625,ok
25,9,4,2,16,2,8,512,29476,10287,4634,4790,25604,9516,4364,3517,420857.96875,ok
25,9,4,2,32,16,2,512,31858,11005,4792,6070,22024,9011,4258,3502,119755.8046875,ok
25,9,4,2,32,8,4,512,30304,10603,4790,4790,24145,9343,4343,3521,222811.6875,ok
25,9,4,2,32,4,8,512,30506,10675,4822,6070,26177,9705,4461,3571,428908.6875,ok
25,9,4,2,32,2,16,512,30896,10791,4858,4790,27710,10016,4560,3639,839267.5625,ok
25,10,3,2,8,4,2,512,28706,11091,3430,4790,20966,9510,3134,3339,106569.9375,ok
25,10,3,2,8,2,4,512,28776,11123,3414,6070,23250,9986,3213,3417,209068.0625,ok
25,10,3,2,16,8,2,512,29204,11301,3500,6070,21229,9576,3172,3373,109975.171875,ok
25,10,3,2,16,4,4,512,29306,11331,3502,6070,23564,10100,3250,3448,210628.53125,ok
25,10,3,2,16,2,8,512,29476,11403,3518,4790,25521,10492,3321,3515,411172.3125,ok
25,10,3,2,32,16,2,512,31818,12225,3678,6070,21901,9836,3283,3493,118122.8359375,ok
25,10,3,2,32,8,4,512,30304,11751,3642,6070,24051,10259,3311,3511,218333.390625,ok
25,10,3,2,32,4,8,512,30506,11831,3646,6070,26153,10736,3401,3576,419535.28125,ok
25,10,3,2,32,2,16,512,30896,11965,3686,6070,27693,11075,3473,3636,820232.75,ok
25,10,4,1,8,4,2,512,28706,11091,4514,5010,20920,9546,4101,2380,106409.078125,ok
25,10,4,1,8,2,4,512,28776,11123,4502,5010,23327,9983,4212,2419,206926.421875,ok
25,10,4,1,16,8,2,512,29204,11301,4604,5010,21265,9658,4149,2419,109854.515625,ok
25,10,4,1,16,4,4,512,29306,11331,4610,5010,23549,10108,4257,2443,211095.140625,ok
25,10,4,1,16,2,8,512,29476,11403,4634,3730,25541,10504,4364,2472,413946.53125,ok
25,10,4,1,32,16,2,512,31858,12225,4792,5010,21910,9866,4244,2520,117389.5390625,ok
25,10,4,1,32,8,4,512,30304,11751,4790,3730,24032,10282,4337,2489,217858.25,ok
25,10,4,1,32,4,8,512,30506,11831,4822,5010,26153,10730,4459,2516,422275.40625,ok
25,10,4,1,32,2,16,512,30896,11983,4858,5010,27673,11072,4560,2546,820526.25,ok
26,8,4,2,8,4,2,512,29790,8923,4514,6070,21666,7832,4092,3350,108430.546875,ok
26,8,4,2,8,2,4,512,29864,8927,4502,4790,24091,8156,4219,3426,209925.984375,ok
26,8,4,2,16,8,2,512,30308,9093,4604,6070,22035,7904,4148,3390,111607.2109375,ok
26,8,4,2,16,4,4,512,30414,9115,4610,4790,24366,8218,4255,3449,213212.28125,ok
26,8,4,2,16,2,8,512,30594,9171,4634,4790,26481,8510,4364,3517,417361.625,ok
26,8,4,2,32,16,2,512,33078,9835,4792,4790,22643,8080,4242,3484,118624.5234375,ok
26,8,4,2,32,8,4,512,31452,9455,4790,6070,24892,8389,4334,3517,220409.171875,ok
26,8,4,2,32,4,8,512,31642,9499,4822,6070,27049,8685,4456,3570,424453.28125,ok
26,8,4,2,32,2,16,512,32048,9621,4858,6070,28693,8946,4562,3637,829902.75,ok
26,9,3,2,8,4,2,512,29790,10007,3430,6070,21638,8669,3138,3344,105062.375,ok
26,9,3,2,8,2,4,512,29864,10017,3414,6070,23982,9062,3216,3420,204488.75,ok
26,9,3,2,16,8,2,512,30308,10197,3500,6070,21893,8777,3182,3386,108511.296875,ok
26,9,3,2,16,4,4,512,30414,10223,3502,6070,24276,9153,3245,3447,208167.609375,ok
26,9,3,2,16,2,8,512,30614,10287,3518,4790,26392,9486,3317,3508,406120.1875,ok
26,9,3,2,32,16,2,512,33078,11005,3678,6070,22649,8998,3290,3497,115678.1796875,ok
26,9,3,2,32,8,4,512,31452,10603,3642,4790,24793,9323,3314,3516,215009.8125,ok
26,9,3,2,32,4,8,512,31642,10675,3646,6070,26988,9694,3391,3568,414181.96875,ok
26,9,3,2,32,2,16,512,32048,10791,3686,6070,28667,10006,3471,3637,809685.5,ok
26,9,4,1,8,4,2,512,29790,10007,4514,3730,21612,8670,4085,2364,105096.328125,ok
26,9,4,1,8,2,4,512,29864,10017,4502,3730,23983,9054,4205,2413,204189.5625,ok
26,9,4,1,16,8,2,512,30308,10197,4604,5010,21880,8755,4134,2408,108414.125,ok
26,9,4,1,16,4,4,512,30414,10223,4610,5010,24305,9151,4251,2439,208057.96875,ok
26,9,4,1,16,2,8,512,30594,10287,4634,3730,26435,9512,4360,2473,405922.34375,ok
26,9,4,1,32,16,2,512,33038,11005,4792,5010,22621,8970,4236,2512,115693.828125,ok
26,9,4,1,32,8,4,512,31452,10603,4790,3730,24835,9346,4342,2492,214950.28125,ok
26,9,4,1,32,4,8,512,31642,10675,4822,3730,26990,9718,4460,2515,413616.4375,ok
26,9,4,1,32,2,16,512,32048,10791,4858,5010,28652,9997,4555,2544,809893.375,ok
26,10,2,2,8,4,2,512,29790,11091,2346,4790,21555,9520,2165,3344,102670.4609375,ok
26,10,2,2,8,2,4,512,29864,11123,2326,6070,23907,9951,2202,3408,199527.890625,ok
26,10,2,2,16,8,2,512,30308,11301,2416,4790,21790,9622,2199,3367,106942.953125,ok
26,10,2,2,16,4,4,512,30414,11331,2394,4790,24189,10053,2226,3436,204461.03125,ok
26,10,2,2,16,2,8,512,30594,11403,2404,6070,26384,10489,2278,3515,396779.21875,ok
26,10,2,2,32,16,2,512,33038,12225,2618,4790,22494,9817,2294,3473,112905.15625,ok
26,10,2,2,32,8,4,512,31452,11751,2494,6070,24715,10258,2283,3514,209877.15625,ok
26,10,2,2,32,4,8,512,31642,11831,2490,6070,26917,10687,2322,3562,403402.5,ok
26,10,2,2,32,2,16,512,32048,11983,2514,4790,28627,11055,2378,3635,790010.5625,ok
26,10,3,1,8,4,2,512,29790,11091,3430,5010,21514,9552,3149,2383,102531.5546875,ok
26,10,3,1,8,2,4,512,29864,11123,3414,5010,23958,9976,3212,2417,199302.9375,ok
26,10,3,1,16,8,2,512,30308,11301,3500,5010,21780,9645,3179,2412,105931.7265625,ok
26,10,3,1,16,4,4,512,30414,11331,3502,3730,24226,10075,3241,2435,204744.3125,ok
26,10,3,1,16,2,8,512,30594,11403,3518,5010,26313,10492,3321,2471,396166.96875,ok
26,10,3,1,32,16,2,512,33078,12225,3678,5010,22492,9742,3272,2509,112855.828125,ok
26,10,3,1,32,8,4,512,31452,11751,3642,5010,24716,10286,3313,2488,209614.65625,ok
26,10,3,1,32,4,8,512,31642,11831,3646,5010,26933,10709,3393,2513,404024.125,ok
26,10,3,1,32,2,16,512,32048,11965,3686,3730,28602,11053,3466,2542,790282.1875,ok
26,10,4,0,8,4,2,512,29790,11091,4514,2670,21552,9558,4107,1367,102477.59375,ok
26,10,4,0,8,2,4,512,29864,11123,4502,2670,23898,9974,4208,1388,198983.171875,ok
26,10,4,0,16,8,2,512,30308,11301,4604,3950,21824,9673,4142,1408,105894.0703125,ok
26,10,4,0,16,4,4,512,30414,11331,4610,3950,24508,10109,4249,1391,202627.90625,ok
26,10,4,0,16,2,8,512,30594,11403,4634,3950,26338,10475,4358,1409,395385.125,ok
26,10,4,0,32,16,2,512,33078,12225,4792,3950,22471,9831,4230,1390,112751.9609375,ok
26,10,4,0,32,8,4,512,31452,11751,4790,2670,24714,10265,4331,1402,209501.203125,ok
26,10,4,0,32,4,8,512,31642,11831,4822,2670,26921,10715,4455,1428,403098.15625,ok
26,10,4,0,32,2,16,512,32048,11983,4858,2670,28591,11055,4556,1425,787974.4375,ok
27,7,4,2,8,4,2,512,30874,7839,4514,6070,22312,6953,4104,3357,106215.484375,ok
27,7,4,2,8,2,4,512,30952,7841,4502,6070,24799,7186,4209,3417,206604.390625,ok
27,7,4,2,16,8,2,512,31412,7989,4604,6070,22606,6995,4141,3383,109727.4453125,ok
27,7,4,2,16,4,4,512,31502,8007,4610,4790,25148,7280,4259,3454,210352.953125,ok
27,7,4,2,16,2,8,512,31708,8055,4634,6070,27324,7496,4363,3517,410246.8125,ok
27,7,4,2,32,16,2,512,34298,8615,4792,6070,23295,7158,4238,3485,117160.953125,ok
27,7,4,2,32,8,4,512,32600,8307,4790,6070,25667,7401,4339,3520,217296.171875,ok
27,7,4,2,32,4,8,512,32798,8345,4822,6070,27949,7670,4461,3574,418527.09375,ok
27,7,4,2,32,2,16,512,33220,8467,4858,6070,29625,7872,4562,3637,817583.4375,ok
27,8,3,2,8,4,2,512,30874,8923,3430,6070,22221,7825,3136,3345,103584.0625,ok
27,8,3,2,8,2,4,512,30952,8927,3416,4790,24689,8132,3214,3416,201645.53125,ok
27,8,3,2,16,8,2,512,31412,9093,3500,4790,22541,7888,3174,3378,107600.7890625,ok
27,8,3,2,16,4,4,512,31502,9115,3502,6070,25002,8206,3242,3443,205921.203125,ok
27,8,3,2,16,2,8,512,31708,9171,3518,6070,27237,8493,3319,3512,400136.84375,ok
27,8,3,2,32,16,2,512,34298,9835,3678,6070,23257,8085,3281,3489,114249.796875,ok
27,8,3,2,32,8,4,512,32600,9455,3642,6070,25612,8384,3321,3522,212973.65625,ok
27,8,3,2,32,4,8,512,32818,9499,3646,4790,27860,8681,3395,3568,407840.375,ok
27,8,3,2,32,2,16,512,33220,9621,3686,6070,29602,8934,3468,3634,797622.75,ok
27,8,4,1,8,4,2,512,30874,8923,4514,5010,22198,7827,4096,2375,103314.421875,ok
27,8,4,1,8,2,4,512,30952,8927,4502,3730,24684,8138,4207,2416,201099.78125,ok
27,8,4,1,16,8,2,512,31412,9093,4604,5010,22512,7908,4146,2413,106876.84375,ok
27,8,4,1,16,4,4,512,31502,9115,4610,5010,25049,8216,4250,2438,204776.421875,ok
27,8,4,1,16,2,8,512,31708,9171,4634,5010,27259,8504,4360,2471,399791.375,ok
27,8,4,1,32,16,2,512,34298,9835,4792,5010,23301,8097,4251,2519,113968.6875,ok
27,8,4,1,32,8,4,512,32600,9455,4790,5010,25563,8346,4327,2485,211751.640625,ok
27,8,4,1,32,4,8,512,32798,9499,4822,3730,27847,8671,4452,2511,408346.28125,ok
27,8,4,1,32,2,16,512,33220,9621,4858,5010,29598,8932,4557,2543,796687.0,ok
27,9,2,2,8,4,2,512,30874,10007,2346,6070,22125,8701,2167,3349,100806.3359375,ok
27,9,2,2,8,2,4,512,30952,10017,2326,6070,24725,9061,2207,3419,198980.609375,ok
27,9,2,2,16,8,2,512,31412,10197,2416,4790,22437,8771,2201,3380,103875.84375,ok
27,9,2,2,16,4,4,512,31502,10223,2394,6070,24934,9133,2228,3438,202333.671875,ok
27,9,2,2,16,2,8,512,31708,10287,2404,6070,27163,9475,2273,3508,390161.84375,ok
27,9,2,2,32,16,2,512,34298,11005,2618,6070,23125,8967,2297,3483,111134.171875,ok
27,9,2,2,32,8,4,512,32600,10603,2494,4790,25474,9316,2286,3511,206342.828125,ok
27,9,2,2,32,4,8,512,32798,10675,2490,6070,27741,9687,2323,3567,397604.40625,ok
27,9,2,2,32,2,16,512,33220,10791,2514,4790,29571,9990,2374,3626,777667.6875,ok
27,9,3,1,8,4,2,512,30874,10007,3430,5010,22119,8672,3131,2369,100787.5625,ok
27,9,3,1,8,2,4,512,30952,10017,3414,3730,24626,9059,3205,2410,196169.109375,ok
27,9,3,1,16,8,2,512,31412,10197,3500,5010,22473,8803,3185,2417,104181.6171875,ok
27,9,3,1,16,4,4,512,31502,10223,3502,5010,24919,9154,3250,2440,199868.953125,ok
27,9,3,1,16,2,8,512,31708,10287,3518,5010,27174,9491,3319,2470,390315.625,ok
27,9,3,1,32,16,2,512,34298,11005,3678,5010,23121,8958,3275,2510,111075.1640625,ok
27,9,3,1,32,8,4,512,32600,10603,3642,5010,25517,9331,3315,2490,206653.0,ok
27,9,3,1,32,4,8,512,32798,10675,3646,5010,27803,9699,3394,2513,397764.25,ok
27,9,3,1,32,2,16,512,33220,10791,3686,5010,29564,9996,3466,2543,777664.0625,ok
27,9,4,0,8,4,2,512,30874,10007,4514,3950,22134,8689,4100,1367,100695.5546875,ok
27,9,4,0,8,2,4,512,30952,10015,4502,3950,24668,9061,4210,1390,195868.5625,ok
27,9,4,0,16,8,2,512,31412,10197,4604,3950,22434,8781,4144,1372,104103.859375,ok
27,9,4,0,16,4,4,512,31502,10223,4610,3950,24952,9149,4249,1391,199720.140625,ok
27,9,4,0,16,2,8,512,31708,10287,4634,3950,27191,9485,4357,1410,389855.75,ok
27,9,4,0,32,16,2,512,34298,11005,4792,3950,23174,8968,4228,1392,111163.1328125,ok
27,9,4,0,32,8,4,512,32600,10603,4790,3950,25486,9318,4329,1403,206547.46875,ok
27,9,4,0,32,4,8,512,32818,10675,4822,3950,27783,9691,4450,1428,397477.125,ok
27,9,4,0,32,2,16,512,33220,10791,4858,2670,29559,9994,4555,1426,776509.75,ok
27,10,2,1,8,4,2,512,30874,11091,2346,5010,22118,9534,2166,2376,98418.765625,ok
27,10,2,1,8,2,4,512,30952,11123,2326,5010,24589,9958,2205,2415,191400.125,ok
27,10,2,1,16,8,2,512,31412,11301,2416,3730,22306,9614,2196,2399,101602.3515625,ok
27,10,2,1,16,4,4,512,31502,11331,2394,5010,24856,10064,2230,2434,194933.859375,ok
27,10,2,1,16,2,8,512,31708,11403,2404,5010,27126,10476,2276,2470,380213.09375,ok
27,10,2,1,32,16,2,512,34298,12225,2618,5010,23010,9817,2289,2500,108282.984375,ok
27,10,2,1,32,8,4,512,32600,11751,2494,5010,25412,10269,2284,2488,201474.484375,ok
27,10,2,1,32,4,8,512,32798,11831,2490,5010,27693,10686,2322,2509,387611.46875,ok
27,10,2,1,32,2,16,512,33220,11965,2514,5010,29507,11038,2372,2541,758053.8125,ok
27,10,3,0,8,4,2,512,30874,11091,3430,3950,22145,9551,3140,1367,98266.125,ok
27,10,3,0,8,2,4,512,30952,11123,3414,3950,24527,9962,3210,1389,191352.234375,ok
27,10,3,0,16,8,2,512,31412,11301,3500,3950,22385,9641,3182,1374,101511.5078125,ok
27,10,3,0,16,4,4,512,31502,11331,3502,3950,24808,10067,3240,1391,194824.875,ok
27,10,3,0,16,2,8,512,31708,11403,3518,3950,27095,10469,3317,1410,379630.09375,ok
27,10,3,0,32,16,2,512,34298,12225,3678,3950,23048,9811,3268,1388,108272.96875,ok
27,10,3,0,32,8,4,512,32600,11751,3642,3950,25344,10240,3300,1400,201263.921875,ok
27,10,3,0,32,4,8,512,32798,11831,3646,3950,27695,10692,3388,1427,387472.0,ok
27,10,3,0,32,2,16,512,33220,11983,3686,2670,29479,11043,3464,1424,757435.4375,ok
28,6,4,2,8,4,2,512,31958,6755,4514,6070,22957,6053,4106,3357,104707.3046875,ok
28,6,4,2,8,2,4,512,32060,6771,4502,4790,25531,6244,4213,3421,203748.765625,ok
28,6,4,2,16,8,2,512,32516,6885,4604,4790,23227,6084,4136,3379,108031.5546875,ok
28,6,4,2,16,4,4,512,32630,6899,4610,6070,25860,6303,4260,3454,207419.328125,ok
28,6,4,2,16,2,8,512,32846,6939,4634,6070,28194,6487,4363,3517,408006.9375,ok
28,6,4,2,32,16,2,512,35478,7327,4792,6070,24024,6218,4234,3483,115448.2734375,ok
28,6,4,2,32,8,4,512,33748,7159,4790,4790,26380,6411,4334,3516,214364.140625,ok
28,6,4,2,32,4,8,512,33974,7187,4822,6070,28744,6608,4452,3567,412550.5625,ok
28,6,4,2,32,2,16,512,34412,7275,4858,6070,30644,6796,4557,3634,807334.75,ok
28,7,3,2,8,4,2,512,31958,7839,3430,6070,22868,6974,3155,3362,102123.5,ok
28,7,3,2,8,2,4,512,32060,7841,3414,6070,25377,7075,3158,3685,198716.296875,ok
28,7,3,2,16,8,2,512,32516,7989,3500,4790,23166,6994,3175,3377,105543.21875,ok
28,7,3,2,16,4,4,512,32630,8007,3502,4790,25698,7239,3236,3439,202504.453125,ok
28,7,3,2,16,2,8,512,32846,8055,3518,4790,28080,7489,3319,3511,394914.03125,ok
28,7,3,2,32,16,2,512,35478,8615,3678,6070,23915,7182,3285,3493,112561.0234375,ok
28,7,3,2,32,8,4,512,33748,8307,3642,6070,26310,7380,3309,3510,209297.328125,ok
28,7,3,2,32,4,8,512,33974,8345,3646,4790,28667,7647,3392,3566,402435.9375,ok
28,7,3,2,32,2,16,512,34412,8467,3686,6070,30563,7860,3467,3632,787005.0625,ok
28,7,4,1,8,4,2,512,31958,7839,4514,5010,22829,6954,4106,2380,102148.671875,ok
28,7,4,1,8,2,4,512,32060,7841,4502,5010,25464,7205,4218,2422,198756.828125,ok
28,7,4,1,16,8,2,512,32516,7989,4604,3730,23155,7009,4139,2409,105513.5234375,ok
28,7,4,1,16,4,4,512,32630,8007,4610,5010,25739,7258,4252,2438,202571.46875,ok
28,7,4,1,16,2,8,512,32846,8055,4634,5010,28063,7493,4357,2470,394894.09375,ok
28,7,4,1,32,16,2,512,35478,8615,4792,5010,23904,7166,4242,2512,112541.34375,ok
28,7,4,1,32,8,4,512,33748,8307,4790,5010,26317,7391,4331,2487,209152.609375,ok
28,7,4,1,32,4,8,512,33974,8345,4822,5010,28700,7656,4455,2514,402902.09375,ok
28,7,4,1,32,2,16,512,34412,8467,4858,5010,30581,7866,4557,2545,788169.4375,ok
28,8,2,2,8,4,2,512,31958,8923,2346,6070,22747,7842,2169,3351,99713.671875,ok
28,8,2,2,8,2,4,512,32060,8927,2326,6070,25318,8142,2210,3422,193917.5625,ok
28,8,2,2,16,8,2,512,32516,9093,2416,4790,23039,7882,2194,3374,102981.3671875,ok
28,8,2,2,16,4,4,512,32630,9115,2394,6070,25640,8209,2228,3444,197601.5,ok
28,8,2,2,16,2,8,512,32846,9171,2404,6070,28040,8493,2275,3514,385768.90625,ok
28,8,2,2,32,16,2,512,35518,9835,2618,4790,23798,8056,2295,3465,109995.90625,ok
28,8,2,2,32,8,4,512,33748,9455,2494,6070,26196,8347,2282,3510,204201.921875,ok
28,8,2,2,32,4,8,512,33974,9499,2490,4790,28601,8658,2321,3560,392784.3125,ok
28,8,2,2,32,2,16,512,34412,9621,2514,6070,30528,8930,2375,3633,769322.5625,ok
28,8,3,1,8,4,2,512,31958,8923,3430,5010,22807,7843,3145,2379,100000.6640625,ok
28,8,3,1,8,2,4,512,32060,8927,3416,3730,25344,8113,3204,2406,194368.4375,ok
28,8,3,1,16,8,2,512,32516,9093,3500,3730,23032,7929,3180,2412,103123.25,ok
28,8,3,1,16,4,4,512,32630,9115,3502,3730,25624,8195,3240,2433,198055.71875,ok
28,8,3,1,16,2,8,512,32846,9171,3518,3730,28021,8482,3313,2465,386005.0,ok
28,8,3,1,32,16,2,512,35478,9835,3678,3730,23792,8049,3263,2499,109974.3203125,ok
28,8,3,1,32,8,4,512,33748,9455,3642,5010,26239,8371,3313,2488,204545.328125,ok
28,8,3,1,32,4,8,512,33974,9499,3646,3730,28674,8662,3388,2509,393483.84375,ok
28,8,3,1,32,2,16,512,34412,9621,3686,5010,30515,8925,3463,2543,770471.0625,ok
28,8,4,0,8,4,2,512,31958,8923,4514,3950,22809,7834,4096,1365,99957.90625,ok
28,8,4,0,8,2,4,512,32060,8927,4502,3950,25253,8135,4192,1390,194055.390625,ok
28,8,4,0,16,8,2,512,32516,9093,4604,3950,23028,7914,4140,1372,103160.921875,ok
28,8,4,0,16,4,4,512,32630,9115,4610,3950,25698,8218,4249,1392,200823.703125,ok
28,8,4,0,16,2,8,512,32846,9171,4634,2670,28004,8485,4348,1407,386279.75,ok
28,8,4,0,32,16,2,512,35518,9835,4792,3950,23813,8082,4237,1392,110156.0859375,ok
28,8,4,0,32,8,4,512,33748,9455,4790,2670,26189,8357,4328,1401,204631.234375,ok
28,8,4,0,32,4,8,512,33974,9499,4822,3950,28631,8654,4442,1426,393870.84375,ok
28,8,4,0,32,2,16,512,34412,9621,4858,3950,30535,8930,4551,1426,769893.125,ok
28,9,2,1,8,4,2,512,31958,10007,2346,3730,22674,8674,2167,2374,97545.96875,ok
28,9,2,1,8,2,4,512,32060,10015,2326,3730,25303,9057,2207,2416,189622.96875,ok
28,9,2,1,16,8,2,512,32516,10197,2416,5010,22964,8791,2203,2413,100659.046875,ok
28,9,2,1,16,4,4,512,32630,10223,2394,5010,25527,9114,2224,2427,193059.140625,ok
28,9,2,1,16,2,8,512,32846,10287,2404,5010,27986,9473,2272,2467,376944.0625,ok
28,9,2,1,32,16,2,512,35478,11005,2618,3730,23678,8953,2290,2500,107379.6640625,ok
28,9,2,1,32,8,4,512,33748,10603,2494,5010,26141,9287,2283,2483,199684.109375,ok
28,9,2,1,32,4,8,512,33974,10675,2490,5010,28552,9662,2319,2506,384081.125,ok
28,9,2,1,32,2,16,512,34412,10791,2514,5010,30471,9982,2373,2542,751338.8125,ok
28,9,3,0,8,4,2,512,31958,10007,3430,3950,22693,8703,3143,1367,97528.7578125,ok
28,9,3,0,8,2,4,512,32060,10017,3416,3950,25243,9062,3211,1389,189273.46875,ok
28,9,3,0,16,8,2,512,32516,10197,3500,3950,22967,8763,3170,1368,100817.78125,ok
28,9,3,0,16,4,4,512,32630,10223,3502,3950,25534,9140,3240,1390,192872.796875,ok
28,9,3,0,16,2,8,512,32846,10287,3518,3950,27949,9480,3316,1410,376214.1875,ok
28,9,3,0,32,16,2,512,35478,11005,3678,2670,23697,8945,3258,1385,107272.0078125,ok
28,9,3,0,32,8,4,512,33748,10603,3642,3950,26118,9311,3312,1404,199425.484375,ok
28,9,3,0,32,4,8,512,33974,10675,3646,3950,28513,9664,3382,1425,383373.71875,ok
28,9,3,0,32,2,16,512,34412,10791,3686,3950,30457,9982,3463,1425,750606.4375,ok
28,10,1,1,8,4,2,512,31958,11091,1282,5010,22653,9466,1175,2381,94984.6640625,ok
28,10,1,1,8,2,4,512,32060,11123,1258,5010,25199,9955,1186,2413,184943.046875,ok
28,10,1,1,16,8,2,512,32516,11301,1352,5010,22876,9613,1201,2401,98349.828125,ok
28,10,1,1,16,4,4,512,32630,11331,1286,3730,25467,10054,1207,2430,188451.0,ok
28,10,1,1,16,2,8,512,32846,11403,1286,5010,27891,10453,1220,2466,367096.1875,ok
28,10,1,1,32,16,2,512,35518,12225,1494,5010,23675,9836,1269,2501,104578.6796875,ok
28,10,1,1,32,8,4,512,33748,11751,1366,5010,26017,10234,1255,2480,194418.15625,ok
28,10,1,1,32,4,8,512,33974,11831,1338,5010,28454,10662,1250,2505,374000.25,ok
28,10,1,1,32,2,16,512,34412,11965,1342,5010,30411,11033,1279,2540,731387.8125,ok
28,10,2,0,8,4,2,512,31958,11091,2346,3950,22614,9535,2165,1366,94844.7265625,ok
28,10,2,0,8,2,4,512,32060,11123,2326,2670,25133,9957,2203,1386,184357.296875,ok
28,10,2,0,16,8,2,512,32516,11301,2416,3950,22824,9661,2202,1374,98046.1875,ok
28,10,2,0,16,4,4,512,32630,11331,2394,2670,25436,10038,2226,1387,187964.8125,ok
28,10,2,0,16,2,8,512,32846,11403,2404,3950,27865,10456,2271,1409,366660.1875,ok
28,10,2,0,32,16,2,512,35478,12225,2618,3950,23565,9816,2288,1387,104587.0546875,ok
28,10,2,0,32,8,4,512,33748,11751,2494,3950,26023,10236,2280,1401,194359.59375,ok
28,10,2,0,32,4,8,512,33974,11831,2490,3950,28471,10686,2322,1427,373418.53125,ok
28,10,2,0,32,2,16,512,34412,11965,2514,2670,30412,11025,2371,1424,730475.4375,ok
29,5,4,2,8,4,2,512,33022,5671,4514,6070,23594,5120,4105,3352,103795.84375,ok
29,5,4,2,8,2,4,512,33130,5683,4502,6070,26171,5275,4210,3419,201671.234375,ok
29,5,4,2,16,8,2,512,33620,5781,4604,6070,23916,5187,4162,3399,107151.515625,ok
29,5,4,2,16,4,4,512,33738,5793,4610,6070,26592,5320,4252,3450,205684.875,ok
29,5,4,2,16,2,8,512,33942,5823,4634,6070,28992,5457,4356,3512,402273.09375,ok
29,5,4,2,32,16,2,512,36738,6053,4792,4790,24664,5268,4238,3480,114434.03125,ok
29,5,4,2,32,8,4,512,34896,6011,4790,6070,27148,5408,4330,3512,212622.078125,ok
29,5,4,2,32,4,8,512,35130,6051,4822,6070,29634,5569,4444,3567,409183.09375,ok
29,5,4,2,32,2,16,512,35566,6123,4858,6070,31567,5707,4555,3633,800177.8125,ok
29,6,3,2,8,4,2,512,33022,6755,3430,6070,23493,6032,3143,3349,101199.5859375,ok
29,6,3,2,8,2,4,512,33130,6771,3414,4790,26101,6244,3216,3424,196758.015625,ok
29,6,3,2,16,8,2,512,33620,6885,3500,6070,23770,6107,3184,3391,104550.3203125,ok
29,6,3,2,16,4,4,512,33718,6899,3502,6070,26458,6287,3242,3442,200645.5,ok
29,6,3,2,16,2,8,512,33942,6939,3518,6070,28907,6477,3318,3513,391369.65625,ok
29,6,3,2,32,16,2,512,36738,7327,3678,6070,24600,6236,3283,3485,111543.25,ok
29,6,3,2,32,8,4,512,34896,7159,3642,6070,27017,6395,3309,3510,207032.15625,ok
29,6,3,2,32,4,8,512,35130,7187,3646,4790,29539,6598,3388,3561,398764.90625,ok
29,6,3,2,32,2,16,512,35566,7275,3686,6070,31536,6783,3464,3630,784102.8125,ok
29,6,4,1,8,4,2,512,33022,6755,4514,3730,23515,6054,4110,2379,101329.1796875,ok
29,6,4,1,8,2,4,512,33130,6771,4502,3730,26146,6238,4211,2416,196773.453125,ok
29,6,4,1,16,8,2,512,33620,6885,4604,5010,23778,6107,4148,2414,104661.5625,ok
29,6,4,1,16,4,4,512,33738,6899,4610,5010,26413,6289,4245,2434,200532.9375,ok
29,6,4,1,16,2,8,512,33942,6939,4634,5010,28917,6478,4357,2470,391205.1875,ok
29,6,4,1,32,16,2,512,36738,7327,4792,5010,24573,6240,4249,2514,111440.03125,ok
29,6,4,1,32,8,4,512,34896,7159,4790,5010,27060,6410,4336,2490,206898.59375,ok
29,6,4,1,32,4,8,512,35130,7187,4822,5010,29519,6603,4446,2506,398342.8125,ok
29,6,4,1,32,2,16,512,35566,7275,4858,3730,31516,6777,4549,2540,779341.6875,ok
29,7,2,2,8,4,2,512,33022,7839,2346,4790,23457,6939,2164,3342,98531.7578125,ok
29,7,2,2,8,2,4,512,33130,7841,2326,6070,26012,7191,2206,3417,191503.796875,ok
29,7,2,2,16,8,2,512,33620,7989,2416,4790,23674,7030,2199,3382,101855.0078125,ok
29,7,2,2,16,4,4,512,33718,8007,2394,6070,26288,7235,2225,3438,195091.109375,ok
29,7,2,2,16,2,8,512,33942,8055,2404,6070,28854,7490,2276,3514,381306.96875,ok
29,7,2,2,32,16,2,512,36738,8615,2618,6070,24451,7148,2290,3473,108611.046875,ok
29,7,2,2,32,8,4,512,34896,8307,2494,6070,26910,7373,2280,3505,201752.15625,ok
29,7,2,2,32,4,8,512,35130,8345,2490,6070,29486,7647,2323,3567,388347.71875,ok
29,7,2,2,32,2,16,512,35566,8467,2514,6070,31467,7852,2373,3630,759226.0,ok
29,7,3,1,8,4,2,512,33022,7839,3430,5010,23445,6951,3146,2380,98542.5546875,ok
29,7,3,1,8,2,4,512,33130,7841,3414,5010,26021,7198,3213,2416,191508.0625,ok
29,7,3,1,16,8,2,512,33620,7989,3500,3730,23734,7028,3185,2412,101722.6015625,ok
29,7,3,1,16,4,4,512,33718,8007,3502,3730,26329,7251,3234,2429,195186.296875,ok
29,7,3,1,16,2,8,512,33942,8055,3518,5010,28831,7480,3314,2468,380798.53125,ok
29,7,3,1,32,16,2,512,36738,8615,3678,3730,24497,7152,3267,2497,108845.8984375,ok
29,7,3,1,32,8,4,512,34896,8307,3642,3730,26954,7380,3308,2482,203336.0,ok
29,7,3,1,32,4,8,512,35130,8345,3646,5010,29498,7635,3385,2509,389776.59375,ok
29,7,3,1,32,2,16,512,35566,8467,3686,3730,31452,7856,3464,2542,762013.0625,ok
29,7,4,0,8,4,2,512,33022,7839,4514,3950,23442,6957,4106,1368,99037.0625,ok
29,7,4,0,8,2,4,512,33130,7841,4502,3950,26107,7192,4208,1389,192059.484375,ok
29,7,4,0,16,8,2,512,33620,7989,4604,3950,23773,7010,4146,1372,102163.0078125,ok
29,7,4,0,16,4,4,512,33718,8007,4610,3950,26384,7269,4253,1393,195837.890625,ok
29,7,4,0,16,2,8,512,33942,8055,4634,3950,28848,7479,4350,1409,381617.71875,ok
29,7,4,0,32,16,2,512,36738,8615,4792,3950,24411,7165,4229,1389,109079.8359375,ok
29,7,4,0,32,8,4,512,34896,8307,4790,3950,26971,7377,4325,1403,202330.5,ok
29,7,4,0,32,4,8,512,35130,8345,4822,2670,29461,7647,4445,1424,389124.375,ok
29,7,4,0,32,2,16,512,35566,8467,4858,3950,31466,7847,4547,1424,760760.875,ok
29,8,2,1,8,4,2,512,33022,8923,2346,5010,23289,7829,2163,2373,96511.7109375,ok
29,8,2,1,8,2,4,512,33130,8927,2326,5010,26018,8124,2208,2419,187455.71875,ok
29,8,2,1,16,8,2,512,33620,9093,2416,3730,23616,7883,2193,2400,99607.765625,ok
29,8,2,1,16,4,4,512,33718,9115,2394,3730,26283,8193,2227,2431,190848.421875,ok
29,8,2,1,16,2,8,512,33942,9171,2404,3730,28740,8476,2271,2462,371927.53125,ok
29,8,2,1,32,16,2,512,36738,9835,2618,5010,24335,8073,2287,2503,106283.2421875,ok
29,8,2,1,32,8,4,512,34896,9455,2494,3730,26796,8324,2274,2475,197111.359375,ok
29,8,2,1,32,4,8,512,35130,9499,2490,5010,29413,8658,2322,2510,379414.40625,ok
29,8,2,1,32,2,16,512,35566,9621,2516,3730,31410,8905,2372,2540,744771.625,ok
29,8,3,0,8,4,2,512,33022,8923,3430,3950,23308,7845,3139,1367,96423.703125,ok
29,8,3,0,8,2,4,512,33130,8927,3416,3950,25955,8116,3206,1387,187065.953125,ok
29,8,3,0,16,8,2,512,33620,9093,3500,2670,23629,7919,3184,1372,99665.265625,ok
29,8,3,0,16,4,4,512,33718,9115,3502,3950,26253,8199,3241,1390,190638.203125,ok
29,8,3,0,16,2,8,512,33942,9171,3518,3950,28755,8481,3312,1409,371824.46875,ok
29,8,3,0,32,16,2,512,36738,9835,3678,3950,24386,8047,3261,1388,106287.328125,ok
29,8,3,0,32,8,4,512,34896,9455,3642,3950,26859,8356,3310,1404,197128.0,ok
29,8,3,0,32,4,8,512,35130,9499,3646,3950,29382,8648,3381,1424,379086.90625,ok
29,8,3,0,32,2,16,512,35566,9621,3686,3950,31408,8916,3461,1425,740354.5625,ok
29,9,1,1,8,4,2,512,33022,10007,1282,5010,23247,8730,1175,2382,94194.046875,ok
29,9,1,1,8,2,4,512,33130,10017,1258,5010,25877,9044,1188,2413,182492.875,ok
29,9,1,1,16,8,2,512,33620,10197,1352,5010,23492,8748,1201,2402,97054.7421875,ok
29,9,1,1,16,4,4,512,33718,10223,1286,5010,26169,9121,1204,2428,185783.46875,ok
29,9,1,1,16,2,8,512,33942,10287,1286,3730,28735,9469,1220,2465,365989.96875,ok
29,9,1,1,32,16,2,512,36738,11005,1494,5010,24233,8926,1262,2489,103752.5546875,ok
29,9,1,1,32,8,4,512,34896,10603,1366,3730,26775,9265,1252,2472,192321.671875,ok
29,9,1,1,32,4,8,512,35130,10675,1338,5010,29277,9644,1247,2500,369500.90625,ok
29,9,1,1,32,2,16,512,35566,10791,1342,3730,31355,9963,1278,2539,723684.75,ok
29,9,2,0,8,4,2,512,33022,10007,2346,2670,23214,8702,2163,1364,94235.609375,ok
29,9,2,0,8,2,4,512,33130,10015,2326,3950,25822,9060,2205,1390,182363.96875,ok
29,9,2,0,16,8,2,512,33620,10197,2416,2670,23479,8761,2189,1365,97149.9921875,ok
29,9,2,0,16,4,4,512,33718,10223,2394,3950,26160,9120,2224,1388,185957.390625,ok
29,9,2,0,16,2,8,512,33942,10287,2404,2670,28662,9458,2269,1407,362611.96875,ok
29,9,2,0,32,16,2,512,36738,11005,2618,3950,24268,8979,2291,1393,103654.140625,ok
29,9,2,0,32,8,4,512,34896,10603,2494,3950,26799,9287,2279,1401,192374.0,ok
29,9,2,0,32,4,8,512,35130,10675,2490,3950,29286,9658,2317,1425,369658.875,ok
29,9,2,0,32,2,16,512,35566,10791,2514,3950,31345,9962,2369,1423,722036.0625,ok
29,10,1,0,8,4,2,512,33022,11091,1282,3950,23104,9537,1169,1363,91700.03125,ok
29,10,1,0,8,2,4,512,33130,11123,1258,3950,25763,9931,1185,1385,177608.421875,ok
29,10,1,0,16,8,2,512,33620,11301,1352,2670,23424,9611,1199,1362,94561.4375,ok
29,10,1,0,16,4,4,512,33718,11331,1286,3950,26070,10013,1202,1386,180972.4375,ok
29,10,1,0,16,2,8,512,33942,11403,1286,2670,28563,10425,1217,1405,352678.375,ok
29,10,1,0,32,16,2,512,36738,12225,1494,2670,24126,9802,1263,1386,100850.8359375,ok
29,10,1,0,32,8,4,512,34896,11751,1366,3950,26617,10180,1248,1396,186869.09375,ok
29,10,1,0,32,4,8,512,35130,11831,1338,2670,29222,10650,1248,1423,359642.8125,ok
29,10,1,0,32,2,16,512,35566,11983,1342,2670,31296,11013,1277,1423,702969.875,ok
30,5,3,2,8,4,2,512,34126,5671,3430,4790,24177,5136,3158,3362,100621.265625,ok
30,5,3,2,8,2,4,512,34216,5683,3416,4790,26843,5263,3213,3418,194953.21875,ok
30,5,3,2,16,8,2,512,34724,5781,3500,4790,24427,5165,3179,3385,103819.65625,ok
30,5,3,2,16,4,4,512,34846,5793,3502,4790,27210,5312,3241,3439,198994.234375,ok
30,5,3,2,16,2,8,512,35058,5823,3518,6070,29766,5454,3320,3515,387365.15625,ok
30,5,3,2,32,16,2,512,37958,6053,3678,4790,25240,5275,3283,3487,110704.78125,ok
30,5,3,2,32,8,4,512,36044,6011,3642,6070,27756,5404,3307,3508,205467.828125,ok
30,5,3,2,32,4,8,512,36286,6051,3646,4790,30390,5563,3386,3563,395230.21875,ok
30,5,3,2,32,2,16,512,36758,6123,3686,6070,32435,5700,3463,3629,775190.125,ok
30,5,4,1,8,4,2,512,34126,5671,4514,5010,24080,5116,4093,2379,100457.7578125,ok
30,5,4,1,8,2,4,512,34236,5683,4502,3730,26898,5269,4208,2416,195399.890625,ok
30,5,4,1,16,8,2,512,34724,5781,4604,3730,24456,5180,4152,2415,103841.4765625,ok
30,5,4,1,16,4,4,512,34846,5793,4610,5010,27182,5316,4248,2437,198875.390625,ok
30,5,4,1,16,2,8,512,35058,5823,4634,3730,29750,5455,4354,2465,387722.25,ok
30,5,4,1,32,16,2,512,37958,6053,4792,5010,25253,5284,4245,2512,110871.84375,ok
30,5,4,1,32,8,4,512,36044,6011,4790,3730,27762,5397,4318,2479,205594.46875,ok
30,5,4,1,32,4,8,512,36286,6051,4822,3730,30401,5572,4448,2510,395192.5,ok
30,5,4,1,32,2,16,512,36758,6123,4858,5010,32471,5701,4548,2541,772896.9375,ok
30,6,2,2,8,4,2,512,34126,6755,2346,6070,24054,6052,2169,3353,98025.5234375,ok
30,6,2,2,8,2,4,512,34236,6771,2326,6070,26760,6225,2202,3410,190292.296875,ok
30,6,2,2,16,8,2,512,34724,6885,2416,6070,24369,6119,2204,3391,101134.4140625,ok
30,6,2,2,16,4,4,512,34846,6899,2394,4790,27072,6287,2230,3442,193817.09375,ok
30,6,2,2,16,2,8,512,35058,6939,2404,6070,29612,6466,2271,3506,377556.78125,ok
30,6,2,2,32,16,2,512,37958,7327,2618,6070,25100,6214,2291,3477,108129.6328125,ok
30,6,2,2,32,8,4,512,36044,7159,2494,6070,27650,6386,2276,3499,200265.515625,ok
30,6,2,2,32,4,8,512,36286,7187,2490,4790,30295,6591,2317,3559,385209.40625,ok
30,6,2,2,32,2,16,512,36758,7275,2514,6070,32395,6774,2370,3626,752800.125,ok
30,6,3,1,8,4,2,512,34126,6755,3430,5010,24009,6028,3136,2371,97939.453125,ok
30,6,3,1,8,2,4,512,34216,6771,3414,5010,26756,6228,3209,2413,190113.890625,ok
30,6,3,1,16,8,2,512,34724,6885,3500,5010,24370,6093,3174,2407,101175.0234375,ok
30,6,3,1,16,4,4,512,34846,6899,3502,3730,27058,6276,3237,2429,193899.4375,ok
30,6,3,1,16,2,8,512,35058,6939,3518,5010,29668,6459,3313,2465,377699.6875,ok
30,6,3,1,32,16,2,512,37958,7327,3678,5010,25104,6197,3260,2494,108015.4296875,ok
30,6,3,1,32,8,4,512,36044,7159,3642,5010,27629,6394,3303,2479,200218.0,ok
30,6,3,1,32,4,8,512,36286,7187,3646,3730,30320,6600,3386,2507,385213.25,ok
30,6,3,1,32,2,16,512,36758,7275,3686,5010,32392,6770,3458,2538,753311.6875,ok
30,6,4,0,8,4,2,512,34126,6755,4514,3950,24038,6038,4098,1363,98068.9765625,ok
30,6,4,0,8,2,4,512,34216,6771,4502,3950,26719,6225,4207,1387,190058.65625,ok
30,6,4,0,16,8,2,512,34724,6885,4604,3950,24357,6094,4138,1370,101214.71875,ok
30,6,4,0,16,4,4,512,34846,6899,4610,3950,27107,6291,4255,1393,193838.15625,ok
30,6,4,0,16,2,8,512,35058,6939,4634,3950,29662,6471,4352,1410,377626.5625,ok
30,6,4,0,32,16,2,512,37958,7327,4792,3950,25104,6225,4239,1392,107969.2109375,ok
30,6,4,0,32,8,4,512,36044,7159,4790,3950,27648,6393,4318,1400,200147.0,ok
30,6,4,0,32,4,8,512,36286,7187,4822,2670,30303,6593,4436,1424,384514.9375,ok
30,6,4,0,32,2,16,512,36758,7275,4858,3950,32410,6782,4553,1426,752708.4375,ok
30,7,2,1,8,4,2,512,34126,7839,2346,5010,23897,6938,2162,2370,95584.4296875,ok
30,7,2,1,8,2,4,512,34236,7841,2326,5010,26655,7189,2205,2415,185460.703125,ok
30,7,2,1,16,8,2,512,34724,7989,2416,5010,24246,7017,2199,2409,98717.0546875,ok
30,7,2,1,16,4,4,512,34846,8007,2394,3730,26957,7226,2222,2423,188845.265625,ok
30,7,2,1,16,2,8,512,35058,8055,2404,5010,29587,7470,2270,2466,368699.875,ok
30,7,2,1,32,16,2,512,37958,8615,2618,3730,24997,7129,2282,2492,105273.4609375,ok
30,7,2,1,32,8,4,512,36044,8307,2494,5010,27530,7364,2277,2477,195435.078125,ok
30,7,2,1,32,4,8,512,36286,8345,2490,3730,30247,7629,2320,2507,375375.28125,ok
30,7,2,1,32,2,16,512,36758,8467,2516,3730,32360,7835,2370,2539,738239.0625,ok
30,7,3,0,8,4,2,512,34126,7839,3430,3950,23942,6944,3140,1365,95862.3046875,ok
30,7,3,0,8,2,4,512,34236,7841,3414,3950,26724,7176,3211,1389,185586.953125,ok
30,7,3,0,16,8,2,512,34724,7989,3500,2670,24243,6993,3165,1361,98711.25,ok
30,7,3,0,16,4,4,512,34846,8007,3502,2670,26965,7232,3236,1386,188999.125,ok
30,7,3,0,16,2,8,512,35058,8055,3518,3950,29558,7476,3310,1408,368082.8125,ok
30,7,3,0,32,16,2,512,37958,8615,3678,2670,24996,7170,3271,1388,105405.0078125,ok
30,7,3,0,32,8,4,512,36044,8307,3642,2670,27615,7379,3301,1402,195526.71875,ok
30,7,3,0,32,4,8,512,36286,8345,3646,2670,30230,7633,3383,1425,375858.15625,ok
30,7,3,0,32,2,16,512,36758,8467,3686,2670,32335,7844,3460,1424,734372.5,ok
30,8,1,1,8,4,2,512,34126,8923,1282,3730,23836,7843,1171,2374,93191.46875,ok
30,8,1,1,8,2,4,512,34236,8927,1258,3730,26509,8101,1185,2406,181079.25,ok
30,8,1,1,16,8,2,512,34724,9093,1352,5010,24184,7918,1204,2411,96234.21875,ok
30,8,1,1,16,4,4,512,34846,9115,1286,3730,26849,8184,1205,2428,184198.03125,ok
30,8,1,1,16,2,8,512,35058,9171,1286,3730,29442,8468,1219,2461,359267.90625,ok
30,8,1,1,32,16,2,512,37958,9835,1494,5010,24914,8036,1261,2487,102645.546875,ok
30,8,1,1,32,8,4,512,36044,9455,1366,3730,27484,8311,1249,2472,190375.96875,ok
30,8,1,1,32,4,8,512,36286,9499,1338,5010,30100,8631,1248,2502,366307.34375,ok
30,8,1,1,32,2,16,512,36758,9621,1342,3730,32293,8905,1277,2539,715409.9375,ok
30,8,2,0,8,4,2,512,34126,8923,2346,3950,23906,7832,2165,1364,93253.0859375,ok
30,8,2,0,8,2,4,512,34236,8927,2326,2670,26566,8097,2198,1384,180709.09375,ok
30,8,2,0,16,8,2,512,34724,9093,2416,3950,24121,7902,2194,1369,96270.1484375,ok
30,8,2,0,16,4,4,512,34846,9115,2394,3950,26931,8192,2225,1389,184164.28125,ok
30,8,2,0,16,2,8,512,35058,9171,2404,3950,29473,8469,2269,1408,358621.40625,ok
30,8,2,0,32,16,2,512,37958,9835,2618,3950,24906,8082,2291,1393,102725.421875,ok
30,8,2,0,32,8,4,512,36044,9455,2494,2670,27453,8320,2272,1397,190277.6875,ok
30,8,2,0,32,4,8,512,36286,9499,2490,3950,30137,8629,2314,1423,366124.0,ok
30,8,2,0,32,2,16,512,36758,9621,2514,3950,32264,8901,2368,1423,714800.75,ok
30,9,1,0,8,4,2,512,34126,10007,1282,2670,23807,8706,1171,1364,90700.9453125,ok
30,9,1,0,8,2,4,512,34236,10017,1258,3950,26473,9037,1187,1387,175842.28125,ok
30,9,1,0,16,8,2,512,34724,10197,1352,2670,24013,8779,1199,1362,93553.7734375,ok
30,9,1,0,16,4,4,512,34846,10223,1286,3950,26743,9114,1203,1386,179084.53125,ok
30,9,1,0,16,2,8,512,35058,10287,1286,2670,29396,9449,1218,1406,348898.0,ok
30,9,1,0,32,16,2,512,37958,11005,1494,3950,24833,8970,1265,1391,99819.671875,ok
30,9,1,0,32,8,4,512,36044,10603,1366,2670,27322,9249,1247,1392,184968.109375,ok
30,9,1,0,32,4,8,512,36286,10675,1338,3950,30002,9629,1246,1421,356022.875,ok
30,9,1,0,32,2,16,512,36758,10791,1342,3950,32204,9953,1276,1423,694685.5,ok
24,10,4,2,64,32,2,512,39970,16325,5310,4790,23792,10668,4484,3709,138989.484375,ok
24,10,4,2,64,16,4,512,34328,13795,5542,6070,24834,10855,4573,3653,241810.609375,ok
24,10,4,2,64,8,8,512,31268,12651,5162,6070,26387,11185,4653,3696,450983.4375,ok
24,10,4,2,64,4,16,512,31654,12813,5206,6070,27888,11576,4770,3764,870313.625,ok
24,10,4,2,64,2,32,512,32412,13103,5326,4790,28995,11883,4872,3814,1703614.125,ok
25,9,4,2,64,32,2,512,39712,14303,5310,4790,24244,9678,4483,3712,137250.15625,ok
25,9,4,2,64,16,4,512,35668,12415,5542,6070,25588,9827,4563,3644,238899.734375,ok
25,9,4,2,64,8,8,512,32504,11415,5162,6070,27287,10120,4649,3693,445417.53125,ok
25,9,4,2,64,4,16,512,32906,11541,5206,4790,28931,10457,4767,3762,859388.0625,ok
25,9,4,2,64,2,32,512,33698,11819,5328,6070,30086,10721,4869,3812,1683233.0,ok
25,10,3,2,64,32,2,512,39712,16325,4038,6070,24152,10674,3501,3710,133841.8125,ok
25,10,3,2,64,16,4,512,35668,13795,4094,4790,25570,10850,3495,3647,233296.359375,ok
25,10,3,2,64,8,8,512,32504,12651,3926,6070,27217,11163,3544,3690,434922.3125,ok
25,10,3,2,64,4,16,512,32906,12813,3956,6070,28875,11557,3630,3759,838123.875,ok
25,10,3,2,64,2,32,512,33698,13103,4042,6070,30061,11870,3707,3811,,hang
25,10,4,1,64,32,2,512,39712,16325,5310,5010,24220,10683,4480,2667,133733.046875,ok
25,10,4,1,64,16,4,512,35668,13795,5542,3730,25580,10845,4570,2641,233114.765625,ok
25,10,4,1,64,8,8,512,32504,12651,5162,3730,27240,11161,4642,2585,434341.75,ok
25,10,4,1,64,4,16,512,32906,12813,5206,5010,28849,11558,4764,2615,837741.0,ok
25,10,4,1,64,2,32,512,33698,13103,5326,3730,30065,11869,4868,2645,,hang
26,8,4,2,64,32,2,512,40056,13067,5310,4790,24649,8726,4477,3705,135499.65625,ok
26,8,4,2,64,16,4,512,37088,11125,5542,6070,26429,8821,4565,3646,236131.15625,ok
26,8,4,2,64,8,8,512,33740,10179,5162,6070,28211,9046,4644,3690,439549.46875,ok
26,8,4,2,64,4,16,512,34138,10289,5206,6070,29921,9335,4763,3759,847855.8125,ok
26,8,4,2,64,2,32,512,34982,10555,5326,4790,31184,9567,4868,3811,1660391.0,ok
26,9,3,2,64,32,2,512,40056,14303,4038,6070,24594,9615,3485,3689,132043.4375,ok
26,9,3,2,64,16,4,512,37048,12415,4094,6070,26369,9799,3483,3637,230275.21875,ok
26,9,3,2,64,8,8,512,33740,11415,3926,6070,28183,10106,3543,3689,432554.1875,ok
26,9,3,2,64,4,16,512,34158,11541,3956,4790,29870,10440,3627,3758,827476.9375,ok
26,9,3,2,64,2,32,512,34980,11819,4042,6070,31150,10712,3706,3810,,hang
26,9,4,1,64,32,2,512,40056,14303,5310,5010,24597,9661,4474,2660,131965.1875,ok
26,9,4,1,64,16,4,512,37088,12415,5542,3730,26301,9815,4548,2633,230200.046875,ok
26,9,4,1,64,8,8,512,33740,11415,5162,5010,28143,10097,4635,2585,428986.0,ok
26,9,4,1,64,4,16,512,34138,11541,5206,3730,29880,10435,4761,2612,827264.0625,ok
26,9,4,1,64,2,32,512,34980,11819,5326,3730,31164,10713,4867,2644,,hang
26,10,2,2,64,32,2,512,40056,16325,2978,6070,24453,10625,2505,3689,128538.84375,ok
26,10,2,2,64,16,4,512,37048,13795,2692,6070,26254,10782,2420,3631,224772.046875,ok
26,10,2,2,64,8,8,512,33740,12651,2690,6070,28066,11133,2437,3680,418515.0,ok
26,10,2,2,64,4,16,512,34158,12813,2724,6070,29837,11536,2491,3754,806674.75,ok
26,10,2,2,64,2,32,512,34980,13103,2758,4790,31123,11857,2539,3809,,hang
26,10,3,1,64,32,2,512,40056,16325,4038,5010,24446,10619,3482,2650,128607.1953125,ok
26,10,3,1,64,16,4,512,37048,13795,4094,5010,26273,10791,3483,2633,224752.171875,ok
26,10,3,1,64,8,8,512,33740,12651,3926,5010,28079,11141,3537,2582,418628.78125,ok
26,10,3,1,64,4,16,512,34158,12813,3956,3730,29827,11547,3625,2612,806264.1875,ok
26,10,3,1,64,2,32,512,34980,13103,4042,3730,31132,11861,3705,2643,,hang
26,10,4,0,64,32,2,512,40056,16325,5310,3950,24570,10617,4456,1453,128555.1328125,ok
26,10,4,0,64,16,4,512,37048,13795,5542,3950,26235,10791,4550,1442,224571.75,ok
26,10,4,0,64,8,8,512,33740,12651,5162,2670,28127,11155,4643,1447,418617.6875,ok
26,10,4,0,64,4,16,512,34158,12813,5206,3950,29838,11538,4755,1464,807315.6875,ok
26,10,4,0,64,2,32,512,34982,13103,5328,3950,31117,11861,4865,1455,1579847.875,ok
27,7,4,2,64,32,2,512,40030,11021,5310,4790,25300,7664,4467,3702,133854.5625,ok
27,7,4,2,64,16,4,512,38428,9745,5542,6070,27229,7782,4556,3642,233234.71875,ok
27,7,4,2,64,8,8,512,34976,8943,5162,4790,29148,7983,4644,3692,437173.9375,ok
27,7,4,2,64,4,16,512,35410,9057,5206,4790,30952,8214,4763,3758,837406.1875,ok
27,7,4,2,64,2,32,512,36246,9271,5326,4790,32276,8413,4865,3810,,hang
27,8,3,2,64,32,2,512,40030,13067,4038,6070,25163,8666,3476,3685,130367.71875,ok
27,8,3,2,64,16,4,512,38428,11125,4094,6070,27151,8789,3479,3634,227727.34375,ok
27,8,3,2,64,8,8,512,34976,10179,3926,6070,29062,9029,3538,3685,423746.84375,ok
27,8,3,2,64,4,16,512,35410,10289,3956,6070,30895,9317,3626,3755,817300.25,ok
27,8,3,2,64,2,32,512,36246,10555,4042,6070,32239,9558,3703,3809,,hang
27,8,4,1,64,32,2,512,40190,13067,5310,5010,25254,8714,4470,2658,130362.0625,ok
27,8,4,1,64,16,4,512,38428,11125,5542,5010,27078,8802,4550,2633,227672.25,ok
27,8,4,1,64,8,8,512,34976,10179,5162,3730,29081,9037,4636,2586,424151.6875,ok
27,8,4,1,64,4,16,512,35410,10289,5206,5010,30872,9321,4757,2612,817489.125,ok
27,8,4,1,64,2,32,512,36244,10555,5328,5010,32239,9558,4864,2643,,hang
27,9,2,2,64,32,2,512,40190,14303,2978,6070,25090,9594,2500,3678,127133.6796875,ok
27,9,2,2,64,16,4,512,38428,12415,2692,6070,27013,9777,2419,3630,222092.921875,ok
27,9,2,2,64,8,8,512,34976,11415,2690,6070,28981,10077,2434,3682,413561.1875,ok
27,9,2,2,64,4,16,512,35410,11541,2724,6070,30818,10424,2489,3753,796997.25,ok
27,9,2,2,64,2,32,512,36244,11819,2758,4790,32194,10704,2537,3807,1562246.75,ok
27,9,3,1,64,32,2,512,40190,14303,4038,5010,24970,9617,3476,2640,126917.625,ok
27,9,3,1,64,16,4,512,38428,12415,4094,5010,27091,9779,3476,2630,222030.890625,ok
27,9,3,1,64,8,8,512,34976,11415,3926,5010,28972,10077,3534,2581,413818.6875,ok
27,9,3,1,64,4,16,512,35410,11541,3956,5010,30829,10425,3621,2611,797160.75,ok
27,9,3,1,64,2,32,512,36246,11819,4042,3730,32210,10700,3702,2641,,hang
27,9,4,0,64,32,2,512,40030,14303,5310,3950,25083,9582,4442,1447,126942.84375,ok
27,9,4,0,64,16,4,512,38428,12415,5542,2670,27044,9797,4550,1442,222535.8125,ok
27,9,4,0,64,8,8,512,34976,11415,5162,3950,28922,10074,4629,1445,413232.6875,ok
27,9,4,0,64,4,16,512,35410,11541,5206,2670,30846,10432,4757,1464,796798.25,ok
27,9,4,0,64,2,32,512,36244,11819,5328,2670,32213,10702,4863,1453,,hang
27,10,2,1,64,32,2,512,40030,16325,2978,5010,24912,10588,2491,2641,123631.78125,ok
27,10,2,1,64,16,4,512,38428,13795,2692,5010,26932,10755,2414,2623,216640.453125,ok
27,10,2,1,64,8,8,512,34976,12651,2690,3730,28885,11128,2435,2581,402988.5625,ok
27,10,2,1,64,4,16,512,35410,12813,2724,5010,30764,11526,2487,2609,777272.125,ok
27,10,2,1,64,2,32,512,36246,13103,2758,5010,32184,11841,2536,2641,,hang
27,10,3,0,64,32,2,512,40190,16325,4038,3950,24947,10577,3468,1447,123725.4140625,ok
27,10,3,0,64,16,4,512,38428,13795,4094,2670,26891,10786,3475,1443,216113.8125,ok
27,10,3,0,64,8,8,512,34976,12651,3926,3950,28874,11117,3531,1443,403231.9375,ok
27,10,3,0,64,4,16,512,35410,12813,3956,2670,30775,11524,3621,1463,775772.3125,ok
27,10,3,0,64,2,32,512,36246,13103,4042,2670,32178,11847,3701,1454,1520320.375,ok
28,6,4,2,64,32,2,512,39468,9013,5310,6070,25700,6614,4476,3705,132111.234375,ok
28,6,4,2,64,16,4,512,39798,8365,5542,6070,27980,6716,4540,3630,230563.453125,ok
28,6,4,2,64,8,8,512,36212,7707,5162,6070,30067,6891,4642,3690,432046.84375,ok
28,6,4,2,64,4,16,512,36642,7785,5206,4790,31958,7081,4759,3755,834563.5625,ok
28,6,4,2,64,2,32,512,37530,7987,5326,6070,33373,7257,4865,3810,1636343.375,ok
28,7,3,2,64,32,2,512,39468,11021,4038,4790,25509,7624,3476,3684,129625.5625,ok
28,7,3,2,64,16,4,512,39798,9745,4094,6070,27912,7742,3472,3627,226668.703125,ok
28,7,3,2,64,8,8,512,36212,8943,3926,4790,29926,7956,3536,3682,422368.53125,ok
28,7,3,2,64,4,16,512,36642,9057,3956,6070,31870,8202,3623,3753,814502.0625,ok
28,7,3,2,64,2,32,512,37530,9271,4042,6070,33331,8402,3701,3807,,hang
28,7,4,1,64,32,2,512,39468,11021,5310,5010,25487,7629,4456,2647,129488.796875,ok
28,7,4,1,64,16,4,512,39798,9745,5542,5010,27912,7746,4538,2624,226674.046875,ok
28,7,4,1,64,8,8,512,36212,8943,5162,3730,29937,7949,4630,2580,422183.9375,ok
28,7,4,1,64,4,16,512,36642,9057,5206,5010,31904,8203,4755,2611,815388.8125,ok
28,7,4,1,64,2,32,512,37528,9271,5326,5010,33331,8409,4861,2643,,hang
28,8,2,2,64,32,2,512,39468,13067,2978,6070,25507,8676,2497,3687,126231.96875,ok
28,8,2,2,64,16,4,512,39798,11125,2692,4790,27828,8764,2414,3622,221082.5,ok
28,8,2,2,64,8,8,512,36212,10179,2690,6070,29875,9004,2430,3677,411707.8125,ok
28,8,2,2,64,4,16,512,36642,10289,2724,6070,31842,9308,2487,3752,794281.3125,ok
28,8,2,2,64,2,32,512,37530,10555,2758,6070,33298,9554,2537,3808,,hang
28,8,3,1,64,32,2,512,39468,13067,4038,5010,25389,8649,3472,2642,126117.59375,ok
28,8,3,1,64,16,4,512,39798,11125,4094,5010,27791,8771,3471,2624,220936.234375,ok
28,8,3,1,64,8,8,512,36212,10179,3926,5010,29883,9022,3535,2582,411930.5625,ok
28,8,3,1,64,4,16,512,36642,10289,3956,5010,31827,9304,3618,2609,794393.8125,ok
28,8,3,1,64,2,32,512,37528,10555,4042,5010,33277,9550,3700,2641,1556460.375,ok
28,8,4,0,64,32,2,512,39468,13067,5310,2670,25519,8689,4454,1452,126143.0,ok
28,8,4,0,64,16,4,512,39798,11125,5542,2670,27863,8786,4549,1440,220882.34375,ok
28,8,4,0,64,8,8,512,36212,10179,5162,3950,29854,9013,4627,1445,411718.96875,ok
28,8,4,0,64,4,16,512,36642,10289,5206,3950,31824,9309,4751,1463,793203.5625,ok
28,8,4,0,64,2,32,512,37528,10555,5328,3950,33300,9552,4860,1455,1554469.75,ok
28,9,2,1,64,32,2,512,39764,14303,2978,3730,25298,9579,2485,2637,122655.390625,ok
28,9,2,1,64,16,4,512,39798,12415,2692,5010,27677,9762,2408,2621,215240.75,ok
28,9,2,1,64,8,8,512,36212,11415,2690,5010,29782,10059,2430,2577,400794.9375,ok
28,9,2,1,64,4,16,512,36642,11541,2724,5010,31762,10400,2485,2609,773521.3125,ok
28,9,2,1,64,2,32,512,37530,11819,2758,5010,33258,10687,2535,2641,,hang
28,9,3,0,64,32,2,512,39468,14303,4038,2670,25382,9609,3475,1445,122755.53125,ok
28,9,3,0,64,16,4,512,39798,12415,4094,3950,27656,9731,3460,1438,215203.828125,ok
28,9,3,0,64,8,8,512,36212,11415,3926,3950,29779,10061,3528,1444,401177.71875,ok
28,9,3,0,64,4,16,512,36642,11541,3956,3950,31794,10414,3621,1464,772138.875,ok
28,9,3,0,64,2,32,512,37530,11819,4042,3950,33243,10688,3699,1454,,hang
28,10,1,1,64,32,2,512,39468,16325,1790,5010,25254,10587,1428,2637,119309.78125,ok
28,10,1,1,64,16,4,512,39798,13795,1514,5010,27628,10761,1356,2621,209443.515625,ok
28,10,1,1,64,8,8,512,36212,12651,1454,5010,29683,11078,1331,2573,390262.0,ok
28,10,1,1,64,4,16,512,36642,12813,1454,5010,31707,11501,1337,2604,752798.9375,ok
28,10,1,1,64,2,32,512,37530,13103,1474,5010,33215,11834,1369,2640,,hang
28,10,2,0,64,32,2,512,39468,16325,2978,3950,25160,10567,2478,1445,119107.328125,ok
28,10,2,0,64,16,4,512,39798,13795,2692,3950,27567,10726,2407,1439,209283.4375,ok
28,10,2,0,64,8,8,512,36212,12651,2690,3950,29704,11101,2427,1443,390055.21875,ok
28,10,2,0,64,4,16,512,36642,12813,2724,3950,31727,11500,2483,1462,751461.875,ok
28,10,2,0,64,2,32,512,37530,13103,2758,3950,33216,11834,2535,1454,,hang
29,5,4,2,64,32,2,512,40170,7071,5310,6070,26162,5543,4461,3688,131223.296875,ok
29,5,4,2,64,16,4,512,39032,6985,5542,6070,28508,5678,4543,3631,229613.546875,ok
29,5,4,2,64,8,8,512,37448,6471,5162,6070,30927,5794,4637,3687,427411.3125,ok
29,5,4,2,64,4,16,512,37914,6553,5206,6070,32953,5963,4757,3756,824069.3125,ok
29,5,4,2,64,2,32,512,38832,6703,5326,6070,34451,6097,4863,3808,,hang
29,6,3,2,64,32,2,512,40170,9013,4038,6070,26126,6594,3473,3689,127935.0390625,ok
29,6,3,2,64,16,4,512,39374,8365,4094,6070,28395,6722,3473,3630,223739.34375,ok
29,6,3,2,64,8,8,512,37448,7707,3926,6070,30819,6871,3532,3683,416809.59375,ok
29,6,3,2,64,4,16,512,37914,7785,3956,4790,32885,7071,3618,3751,803477.8125,ok
29,6,3,2,64,2,32,512,38832,7987,4042,6070,34396,7248,3699,3805,,hang
29,6,4,1,64,32,2,512,40170,9013,5310,3730,26055,6574,4453,2640,127931.015625,ok
29,6,4,1,64,16,4,512,39032,8365,5542,5010,28377,6705,4533,2621,223913.09375,ok
29,6,4,1,64,8,8,512,37448,7707,5162,5010,30808,6870,4627,2580,416908.71875,ok
29,6,4,1,64,4,16,512,37914,7785,5206,5010,32895,7079,4754,2612,803946.875,ok
29,6,4,1,64,2,32,512,38834,7987,5326,5010,34408,7249,4859,2643,,hang
29,7,2,2,64,32,2,512,40170,11021,2978,4790,25977,7627,2490,3678,124383.6484375,ok
29,7,2,2,64,16,4,512,39032,9745,2692,6070,28272,7725,2409,3619,218203.375,ok
29,7,2,2,64,8,8,512,37448,8943,2690,6070,30746,7937,2428,3677,406382.625,ok
29,7,2,2,64,4,16,512,37914,9057,2724,6070,32842,8194,2487,3752,783759.375,ok
29,7,2,2,64,2,32,512,38832,9271,2758,4790,34377,8398,2536,3806,1534519.875,ok
29,7,3,1,64,32,2,512,40170,11021,4038,3730,25973,7636,3475,2638,124427.4921875,ok
29,7,3,1,64,16,4,512,39032,9745,4094,5010,28259,7740,3467,2620,218141.90625,ok
29,7,3,1,64,8,8,512,37448,8943,3926,5010,30759,7945,3532,2580,406382.3125,ok
29,7,3,1,64,4,16,512,37914,9057,3956,5010,32821,8193,3620,2610,783419.9375,ok
29,7,3,1,64,2,32,512,38832,9271,4042,5010,34370,8396,3699,2641,1535606.0,ok
29,7,4,0,64,32,2,512,40170,11021,5310,3950,25952,7626,4441,1450,124408.8125,ok
29,7,4,0,64,16,4,512,39536,9745,5542,2670,28320,7739,4534,1437,218070.03125,ok
29,7,4,0,64,8,8,512,37448,8943,5162,3950,30741,7930,4619,1443,406279.4375,ok
29,7,4,0,64,4,16,512,37914,9057,5206,3950,32760,8188,4747,1463,782537.75,ok
29,7,4,0,64,2,32,512,38832,9271,5326,3950,34372,8399,4858,1455,1533212.5,ok
29,8,2,1,64,32,2,512,40170,13067,2978,5010,25792,8629,2479,2631,121019.6796875,ok
29,8,2,1,64,16,4,512,39032,11125,2692,5010,28176,8753,2408,2617,212533.828125,ok
29,8,2,1,64,8,8,512,37448,10179,2690,5010,30668,8993,2428,2576,395807.53125,ok
29,8,2,1,64,4,16,512,37914,10289,2724,5010,32775,9299,2485,2607,762954.5,ok
29,8,2,1,64,2,32,512,38834,10555,2758,5010,34326,9540,2534,2640,1496244.25,ok
29,8,3,0,64,32,2,512,40170,13067,4038,2670,25754,8635,3463,1446,120966.9609375,ok
29,8,3,0,64,16,4,512,39140,11125,4094,3950,28105,8748,3462,1439,212340.8125,ok
29,8,3,0,64,8,8,512,37448,10179,3926,3950,30596,8993,3522,1442,395544.65625,ok
29,8,3,0,64,4,16,512,37914,10289,3956,3950,32744,9289,3613,1462,763080.1875,ok
29,8,3,0,64,2,32,512,38832,10555,4042,2670,34332,9543,3699,1453,1494036.5,ok
29,9,1,1,64,32,2,512,40170,14303,1790,5010,25710,9563,1421,2631,117633.3828125,ok
29,9,1,1,64,16,4,512,39032,12415,1514,5010,28096,9746,1353,2618,206902.703125,ok
29,9,1,1,64,8,8,512,37448,11415,1454,5010,30590,10035,1330,2574,385241.03125,ok
29,9,1,1,64,4,16,512,37914,11541,1454,5010,32681,10399,1337,2607,742683.0625,ok
29,9,1,1,64,2,32,512,38834,11819,1474,5010,34291,10680,1368,2640,,hang
29,9,2,0,64,32,2,512,40170,14303,2978,3950,25656,9526,2466,1441,117470.5,ok
29,9,2,0,64,16,4,512,39032,12415,2692,3950,28090,9745,2408,1438,206710.28125,ok
29,9,2,0,64,8,8,512,37448,11415,2690,2670,30588,10044,2428,1444,385099.90625,ok
29,9,2,0,64,4,16,512,37914,11541,2724,3950,32665,10389,2482,1462,741936.0,ok
29,9,2,0,64,2,32,512,38834,11819,2758,3950,34283,10675,2533,1454,,hang
29,10,1,0,64,32,2,512,40170,16325,1790,3950,25542,10536,1411,1442,114240.359375,ok
29,10,1,0,64,16,4,512,39284,13795,1514,2670,27874,10720,1348,1437,201192.453125,ok
29,10,1,0,64,8,8,512,37448,12651,1454,2670,30403,11073,1328,1442,374215.78125,ok
29,10,1,0,64,4,16,512,37914,12813,1454,3950,32596,11483,1335,1461,721245.625,ok
29,10,1,0,64,2,32,512,38832,13103,1474,3950,34233,11820,1368,1453,,hang
30,5,3,2,64,32,2,512,40186,7071,4038,6070,26605,5531,3469,3676,126220.3203125,ok
30,5,3,2,64,16,4,512,39934,6985,4094,6070,29019,5666,3468,3628,220956.3125,ok
30,5,3,2,64,8,8,512,38684,6471,3926,6070,31689,5777,3529,3674,411381.65625,ok
30,5,3,2,64,4,16,512,39166,6553,3956,6070,33838,5950,3616,3747,793442.375,ok
30,5,3,2,64,2,32,512,40098,6703,4042,6070,35492,6092,3701,3806,1558153.5,ok
30,5,4,1,64,32,2,512,40186,7071,5310,5010,26644,5528,4453,2642,126249.7734375,ok
30,5,4,1,64,16,4,512,39934,6945,5542,5010,29065,5655,4528,2618,221102.890625,ok
30,5,4,1,64,8,8,512,38684,6471,5162,5010,31709,5788,4626,2581,411517.59375,ok
30,5,4,1,64,4,16,512,39166,6553,5206,5010,33864,5954,4749,2611,794228.625,ok
30,5,4,1,64,2,32,512,40098,6703,5326,5010,35479,6088,4856,2641,,hang
30,6,2,2,64,32,2,512,40186,9013,2978,6070,26470,6566,2480,3669,122751.3515625,ok
30,6,2,2,64,16,4,512,39934,8365,2692,6070,28991,6706,2412,3627,215471.828125,ok
30,6,2,2,64,8,8,512,38684,7707,2690,6070,31630,6866,2427,3679,401179.125,ok
30,6,2,2,64,4,16,512,39166,7785,2724,6070,33779,7065,2483,3747,773676.125,ok
30,6,2,2,64,2,32,512,40098,7987,2758,4790,35437,7242,2534,3803,1517023.875,ok
30,6,3,1,64,32,2,512,40186,9013,4038,5010,26475,6558,3460,2632,122803.3203125,ok
30,6,3,1,64,16,4,512,39934,8365,4094,5010,28867,6683,3458,2617,215460.265625,ok
30,6,3,1,64,8,8,512,38684,7707,3926,3730,31628,6866,3529,2579,401047.75,ok
30,6,3,1,64,4,16,512,39166,7785,3956,5010,33795,7064,3615,2608,773523.375,ok
30,6,3,1,64,2,32,512,40098,7987,4042,5010,35438,7242,3697,2640,,hang
30,6,4,0,64,32,2,512,40186,9013,5310,2670,26504,6554,4430,1442,122572.3125,ok
30,6,4,0,64,16,4,512,39934,8365,5542,3950,28892,6693,4531,1439,214393.234375,ok
30,6,4,0,64,8,8,512,38684,7707,5162,3950,31583,6858,4619,1444,399584.8125,ok
30,6,4,0,64,4,16,512,39166,7785,5206,3950,33794,7066,4746,1463,769675.0625,ok
30,6,4,0,64,2,32,512,40098,7987,5328,2670,35438,7245,4858,1454,,hang
30,7,2,1,64,32,2,512,40186,11021,2978,5010,26357,7530,2473,2621,119099.71875,ok
30,7,2,1,64,16,4,512,39934,9745,2692,5010,28764,7711,2405,2613,209211.421875,ok
30,7,2,1,64,8,8,512,38684,8943,2690,3730,31512,7921,2424,2574,389143.21875,ok
30,7,2,1,64,4,16,512,39166,9057,2724,5010,33703,8176,2481,2606,749673.8125,ok
30,7,2,1,64,2,32,512,40098,9271,2758,5010,35392,8389,2534,2640,,hang
30,7,3,0,64,32,2,512,40186,11021,4038,2670,26349,7587,3452,1436,118919.609375,ok
30,7,3,0,64,16,4,512,39934,9745,4094,3950,28743,7717,3457,1439,208772.640625,ok
30,7,3,0,64,8,8,512,38684,8943,3926,2670,31497,7924,3526,1443,388790.03125,ok
30,7,3,0,64,4,16,512,39166,9057,3956,2670,33722,8180,3611,1461,749681.8125,ok
30,7,3,0,64,2,32,512,40098,9271,4042,3950,35404,8392,3696,1454,,hang
30,8,1,1,64,32,2,512,40186,13067,1790,3730,26252,8582,1411,2616,115340.796875,ok
30,8,1,1,64,16,4,512,39934,11125,1514,5010,28675,8725,1348,2610,204101.03125,ok
30,8,1,1,64,8,8,512,38684,10179,1454,5010,31404,8977,1329,2574,379366.5,ok
30,8,1,1,64,4,16,512,39166,10289,1454,5010,33650,9283,1336,2607,733449.1875,ok
30,8,1,1,64,2,32,512,40098,10555,1474,5010,35349,9530,1367,2638,,hang
30,8,2,0,64,32,2,512,40186,13067,2978,3950,26171,8604,2465,1443,115965.5859375,ok
30,8,2,0,64,16,4,512,40122,11125,2692,3950,28730,8710,2400,1437,204231.65625,ok
30,8,2,0,64,8,8,512,38684,10179,2690,3950,31392,8963,2420,1441,380040.0,ok
30,8,2,0,64,4,16,512,39166,10289,2724,3950,33667,9281,2481,1462,732883.6875,ok
30,8,2,0,64,2,32,512,40098,10555,2758,3950,35321,9528,2531,1453,,hang
30,9,1,0,64,32,2,512,40186,14303,1790,2670,26083,9517,1408,1436,112721.6328125,ok
30,9,1,0,64,16,4,512,39934,12415,1514,3950,28549,9718,1346,1438,198653.953125,ok
30,9,1,0,64,8,8,512,38684,11415,1454,3950,31296,10000,1325,1440,369468.5625,ok
30,9,1,0,64,4,16,512,39166,11541,1454,3950,33608,10381,1336,1462,712265.375,ok
30,9,1,0,64,2,32,512,40098,11819,1474,3950,35302,10667,1367,1452,,hang
